origin,destination,weight
EG,SA,1311
ZA,US,689
EG,CN,536
ZA,GB,524
EG,US,408
ZA,CN,328
ZA,CA,310
ZA,IN,309
EG,IN,305
ZA,AU,303
NG,US,280
ZA,DE,273
EG,GB,255
ET,IN,245
ZA,FR,240
DZ,SA,229
ZA,IT,225
NG,GB,212
EG,DE,210
ZA,ES,207
ZA,NL,195
EG,JO,188
ET,CN,188
EG,AE,174
MA,FR,173
ET,US,168
NG,ZA,164
ZA,NG,164
ZA,CH,158
KE,US,155
TN,SA,155
EG,PK,153
ZA,BR,153
NG,CN,147
EG,IQ,145
EG,IT,143
ZA,SE,143
MA,SA,141
KE,GB,137
EG,AU,132
ET,SA,129
GH,US,129
NG,SA,128
ZA,BE,128
NG,IN,127
ZA,SA,126
EG,TR,124
ZA,JP,120
EG,KR,117
EG,JP,114
MA,US,114
EG,CA,111
EG,FR,107
ZA,DK,105
ET,KR,104
ZA,PK,102
UG,US,101
NG,CA,100
EG,ES,99
NG,MY,97
ZA,MY,97
GH,CN,96
ZA,KR,96
EG,MY,94
RW,CN,94
DZ,IN,92
TN,FR,92
EG,RU,89
GH,GB,89
MA,GB,88
NG,AU,88
ZA,NO,87
DZ,FR,85
ZA,CL,85
ZA,PL,85
ZA,MX,82
ET,AU,80
UG,GB,80
EG,PL,79
MA,CN,79
ZA,PT,79
UG,IN,78
KE,ZA,77
ZA,KE,77
EG,IR,76
ZA,AE,76
DZ,TR,75
NG,DE,75
SS,GB,75
DZ,EG,74
EG,DZ,74
ET,GB,74
KE,CA,74
MA,IT,74
MA,IN,73
TZ,US,73
ZA,TR,73
KE,AU,72
EG,TW,71
MA,ES,71
TN,CN,70
EG,NG,69
EG,SE,69
NG,EG,69
ZA,AT,69
DZ,US,68
DZ,CN,67
DZ,IT,67
ZA,FI,67
EG,HU,65
KE,DE,65
GH,ZA,63
ZA,GH,63
ZA,NZ,63
NG,IT,62
NG,UG,62
UG,NG,62
EG,BD,61
EG,BR,61
MA,CA,61
MA,DE,61
EG,ZA,60
NG,PK,60
TN,US,60
ZA,AR,60
ZA,EG,60
ET,DE,59
ET,ZA,59
ZA,ET,59
EG,KW,58
GH,NG,58
KE,CN,58
NG,GH,58
ZA,CZ,57
ZA,IR,57
EG,ID,56
NG,BR,56
NG,FR,56
ZA,IL,56
EG,OM,54
KE,IN,54
MA,PT,54
NG,NL,54
TN,ES,54
TZ,GB,54
EG,NL,53
KE,CH,53
NG,TR,53
ZA,RU,53
EG,CH,52
ET,PK,52
KE,FR,52
RW,US,51
ZA,SG,51
DZ,GB,50
EG,PT,50
ET,JP,50
GH,CA,50
NG,KR,50
TN,IT,50
UG,ZA,50
ZA,UG,50
KE,NL,49
NG,JP,49
ZA,GR,49
EG,QA,48
GH,AU,48
NG,IQ,48
NG,SE,48
ZA,HK,48
BW,CN,46
EG,GR,46
GH,DE,46
GH,IN,46
TN,GB,46
TZ,CN,46
ZA,TH,46
DZ,AE,45
DZ,TN,45
EG,ET,45
ET,EG,45
NG,CH,45
NG,ES,45
TN,DZ,45
TN,IN,45
ZA,TW,45
CM,US,44
EG,HK,44
SD,SA,43
DZ,IQ,42
DZ,JO,42
DZ,PK,42
EG,YE,42
MA,TR,42
SD,US,42
TN,DE,42
EG,FI,41
MW,US,41
SD,KR,41
ZA,ID,41
CM,GB,40
EG,CZ,40
GH,IT,40
MA,ZA,40
ZA,CO,40
ZA,IE,40
ZA,MA,40
EG,MA,39
KE,NG,39
KE,UG,39
MA,AU,39
MA,EG,39
MA,PK,39
NG,AE,39
NG,KE,39
SS,US,39
UG,KE,39
DZ,MY,38
EG,TN,38
ET,IT,38
KE,SE,38
MA,KR,38
TN,EG,38
UG,CA,38
ZA,RO,38
ET,CA,37
MA,AE,37
NG,IR,37
TZ,ZA,37
UG,DE,37
ZA,TZ,37
DZ,ES,36
EG,AT,36
EG,BE,36
ET,FR,36
ET,NG,36
KE,ES,36
MA,NL,36
NG,ET,36
SD,CN,36
TN,TR,36
UG,AU,36
ZA,BD,36
EG,SG,34
NG,ID,34
NG,JO,34
NG,MX,34
EG,CL,33
GH,BR,33
KE,IT,33
MA,CH,33
NG,RU,33
UG,FR,33
BI,FR,32
CM,ZA,32
DZ,CA,32
DZ,DE,32
EG,MX,32
EG,RO,32
EG,TH,32
ET,JO,32
KE,MX,32
MW,GB,32
SS,CN,32
TN,CA,32
TN,IQ,32
ZA,CM,32
EG,LB,31
ET,BR,31
KE,BR,31
MA,BR,31
MA,JP,31
NG,BD,31
NG,QA,31
ZA,JO,31
ZM,US,31
EG,DK,30
ET,NL,30
GH,NL,30
KE,TZ,30
NG,BE,30
NG,PH,30
TZ,KE,30
BW,US,29
EG,IE,29
GH,SA,29
KE,BE,29
MA,BD,29
NG,CY,29
NG,TH,29
NG,TZ,29
RW,GB,29
TZ,NG,29
ZA,ZW,29
ZW,ZA,29
CM,IN,28
DZ,ET,28
DZ,IR,28
DZ,MA,28
EG,SD,28
EG,SK,28
ET,CH,28
ET,DZ,28
ET,ES,28
MA,BE,28
MA,DZ,28
MA,PL,28
NG,GR,28
NG,PL,28
NG,PT,28
SD,EG,28
UG,IT,28
ZM,GB,28
DZ,AU,27
ET,BE,27
ET,IQ,27
ET,MY,27
GH,FR,27
GH,PK,27
MA,SE,27
MZ,US,27
UG,NL,27
ZA,IQ,27
DZ,QA,26
EG,PH,26
EG,UZ,26
ET,TR,26
GH,CH,26
GH,SE,26
UG,BE,26
UG,BR,26
UG,PK,26
ZA,OM,26
EG,BH,25
ET,AE,25
ET,BD,25
ET,ID,25
ET,IR,25
ET,SE,25
ET,TW,25
MA,MY,25
NG,CL,25
NG,CO,25
NG,RW,25
RW,NG,25
SD,AE,25
TN,PT,25
ZA,PH,25
ZA,QA,25
ZA,RS,25
CM,CN,24
DZ,KR,24
EG,GH,24
EG,LY,24
ET,KE,24
GH,EG,24
KE,ET,24
LY,EG,24
MA,JO,24
MZ,GB,24
NG,FI,24
TZ,DE,24
TZ,IN,24
UG,CH,24
UG,CN,24
ZA,HU,24
CM,FR,23
DZ,BE,23
DZ,BR,23
EG,CO,23
EG,HR,23
EG,NO,23
EG,NP,23
ET,PL,23
GH,HK,23
GH,KE,23
GH,MY,23
KE,DK,23
KE,GH,23
MA,FI,23
MA,GR,23
MA,RO,23
NG,AT,23
NG,DK,23
NG,HK,23
TN,AU,23
TZ,CA,23
ZW,US,23
EG,AR,22
GM,GB,22
KE,AR,22
NG,NO,22
TZ,UG,22
UG,ES,22
UG,SE,22
UG,TZ,22
ZA,CY,22
ZW,GB,22
CD,US,21
DZ,NL,21
EG,PS,21
EG,VN,21
ET,PR,21
MA,IR,21
MA,TN,21
SN,US,21
TN,CZ,21
TN,GR,21
TN,MA,21
TN,PK,21
TZ,AU,21
ZA,HR,21
ZA,SK,21
ZA,UZ,21
ZA,VN,21
CM,DE,20
CM,NG,20
EG,IL,20
EG,KZ,20
ET,HK,20
ET,MX,20
ET,NO,20
ET,RU,20
GH,MX,20
KE,CL,20
KE,CO,20
KE,IE,20
MA,CZ,20
NG,CM,20
NG,OM,20
NG,TW,20
SD,GB,20
UG,SA,20
ZA,PE,20
CM,AU,19
CM,CA,19
DZ,AZ,19
DZ,NG,19
DZ,RO,19
EG,UG,19
ET,GH,19
ET,TH,19
GH,BD,19
GH,ES,19
GH,ET,19
KE,IL,19
KE,JP,19
KE,NO,19
LY,GB,19
LY,SA,19
MW,CN,19
NG,DZ,19
NG,RO,19
SN,GB,19
SS,DE,19
TN,BR,19
TN,IR,19
TN,JP,19
TN,NL,19
TN,PL,19
TZ,NL,19
TZ,SE,19
UG,EG,19
ZM,IN,19
BJ,FR,18
BJ,GB,18
BJ,US,18
DZ,PL,18
EG,AZ,18
EG,RS,18
ET,NP,18
GH,JP,18
GH,KR,18
KE,RW,18
KE,SG,18
KE,TH,18
MA,NO,18
RW,KE,18
SD,IN,18
SD,PK,18
TZ,CH,18
ZA,AZ,18
ZA,LT,18
BI,US,17
CI,FR,17
CM,CH,17
CM,SA,17
DZ,BD,17
GH,ID,17
GH,JO,17
KE,FI,17
KE,MY,17
KE,PK,17
MA,AT,17
MA,DK,17
NG,AR,17
NG,IE,17
NG,KZ,17
NG,NP,17
NG,ZM,17
SD,DE,17
SO,GB,17
SS,IT,17
TN,CH,17
TN,RO,17
TZ,BR,17
TZ,PK,17
UG,TH,17
ZA,KZ,17
ZA,LB,17
ZA,SI,17
ZM,NG,17
ZW,IN,17
BJ,DE,16
CD,GB,16
CI,US,16
CM,BE,16
CM,KE,16
CM,TR,16
DZ,JP,16
DZ,MX,16
DZ,PT,16
DZ,ZA,16
GH,AE,16
GH,IR,16
GH,PT,16
GH,TR,16
GH,TZ,16
KE,CM,16
KE,PT,16
MA,IL,16
MA,MX,16
MA,NG,16
MW,ZA,16
NG,MA,16
RW,AU,16
SD,MY,16
SS,FR,16
TN,HU,16
TN,JO,16
TZ,GH,16
UG,BD,16
UG,DK,16
ZA,DZ,16
ZA,MW,16
ZA,ZM,16
ZM,ZA,16
BJ,ZA,15
BW,ZA,15
CI,DE,15
DZ,CZ,15
DZ,KW,15
DZ,SE,15
EG,BG,15
EG,KH,15
ET,SG,15
ET,TZ,15
GH,BE,15
GH,DK,15
GH,NZ,15
KE,ID,15
KE,MW,15
KE,SA,15
KE,TR,15
MA,CO,15
MA,IQ,15
MW,KE,15
RW,IN,15
RW,ZA,15
SD,AU,15
SD,QA,15
SN,FR,15
TN,QA,15
TN,RU,15
TZ,ES,15
TZ,ET,15
TZ,FR,15
TZ,MY,15
UG,AT,15
UG,JP,15
UG,MY,15
ZA,BJ,15
ZA,BW,15
ZA,NP,15
ZA,RW,15
BJ,AU,14
BJ,CH,14
CI,GB,14
CM,BR,14
DZ,GR,14
DZ,ID,14
EG,EC,14
EG,NZ,14
EG,SY,14
ET,CO,14
ET,OM,14
ET,UG,14
GH,CO,14
GH,FI,14
GH,PL,14
GH,QA,14
GH,RU,14
GM,US,14
KE,HK,14
KE,ZM,14
LY,US,14
MA,TW,14
NA,US,14
NG,CZ,14
NG,SD,14
NG,YE,14
RW,CA,14
SD,NG,14
SD,ZA,14
TN,BE,14
UG,ET,14
UG,IQ,14
UG,RU,14
ZA,BG,14
ZA,SD,14
ZM,KE,14
BI,DE,13
BJ,IN,13
BW,GB,13
CM,IT,13
EG,KE,13
ET,DK,13
ET,QA,13
GA,ZA,13
KE,BD,13
KE,EG,13
KE,HU,13
KE,NZ,13
KE,PH,13
MA,AR,13
MA,RU,13
MA,SI,13
NA,ZA,13
NG,EC,13
NG,HU,13
NG,LB,13
NG,NZ,13
RW,DE,13
SD,CH,13
SN,ZA,13
SS,ES,13
TN,AT,13
TN,LB,13
TN,MY,13
TZ,BE,13
UG,MX,13
UG,PT,13
ZA,EE,13
ZA,GA,13
ZA,KW,13
ZA,NA,13
ZA,SN,13
ZM,DE,13
BJ,IT,12
BW,AU,12
BW,DE,12
CG,US,12
CM,PK,12
DZ,CH,12
DZ,CL,12
DZ,RU,12
DZ,VN,12
DZ,YE,12
EG,CY,12
EG,SI,12
ET,AT,12
ET,FI,12
ET,HU,12
ET,MA,12
ET,PH,12
ET,SD,12
GH,IE,12
GH,IQ,12
GH,RW,12
GH,TH,12
KE,KR,12
KE,PL,12
KE,ZW,12
MA,CL,12
MA,ET,12
MA,QA,12
MW,CH,12
MZ,ZA,12
NA,DE,12
NA,GB,12
NG,TN,12
NG,VN,12
RW,FR,12
RW,GH,12
RW,PK,12
RW,SE,12
SD,ET,12
SD,HU,12
SD,IQ,12
SD,IR,12
SD,JP,12
SS,CA,12
SS,NL,12
TN,DK,12
TN,NG,12
TN,NO,12
TZ,CO,12
UG,KR,12
UG,ZW,12
ZA,LK,12
ZA,MZ,12
ZA,YE,12
ZW,KE,12
ZW,UG,12
BF,US,11
BJ,DK,11
BJ,ES,11
BJ,MX,11
CD,CA,11
CD,ZA,11
CG,GB,11
CI,AU,11
CI,CH,11
CM,ES,11
CM,MX,11
CM,NL,11
DZ,HU,11
DZ,TW,11
DZ,UZ,11
ET,KZ,11
GH,CZ,11
GH,HU,11
GH,NO,11
GH,PH,11
GH,UG,11
GM,DE,11
KE,MA,11
KE,MZ,11
KE,PE,11
MA,KE,11
MG,US,11
MW,TZ,11
MW,UG,11
MW,ZM,11
MZ,AU,11
MZ,CH,11
MZ,FR,11
MZ,KE,11
MZ,PT,11
NG,IL,11
NG,ZW,11
RW,IT,11
SD,CA,11
SD,IT,11
SD,TR,11
SN,IT,11
SS,AU,11
TN,HR,11
TN,SE,11
TN,ZA,11
TZ,MW,11
TZ,NO,11
UG,AR,11
UG,GH,11
UG,MW,11
UG,NO,11
UG,TR,11
UG,ZM,11
ZA,CD,11
ZA,KH,11
ZA,TN,11
ZA,VE,11
ZM,CH,11
ZM,CN,11
ZM,ES,11
ZM,MW,11
ZM,UG,11
ZW,CN,11
ZW,NG,11
AO,BR,10
BF,FR,10
BI,CN,10
BJ,BR,10
BJ,CN,10
BJ,JP,10
BW,FR,10
BW,IN,10
CD,FR,10
CG,CH,10
CM,DK,10
CM,IQ,10
CM,JO,10
CM,MY,10
DZ,LB,10
DZ,SD,10
ET,AR,10
ET,GR,10
ET,NZ,10
ET,PT,10
ET,VN,10
GA,CA,10
GA,DE,10
GH,AR,10
GH,AT,10
GH,KZ,10
GH,NP,10
GH,ZM,10
GM,CN,10
KE,AT,10
KE,RU,10
LY,JO,10
MA,IE,10
MA,LB,10
MA,SK,10
MG,CN,10
MW,BE,10
MW,CA,10
MZ,DE,10
MZ,ES,10
MZ,NG,10
MZ,NL,10
NG,HR,10
NG,MZ,10
NG,SG,10
NG,SO,10
NG,UA,10
NG,UZ,10
SD,BD,10
SD,DZ,10
SD,JO,10
SD,SE,10
SN,AU,10
SO,MY,10
SO,NG,10
TN,BG,10
TN,IE,10
TN,KR,10
TN,OM,10
TZ,BD,10
TZ,IT,10
TZ,ZM,10
TZ,ZW,10
ZA,LV,10
ZA,UA,10
ZM,CA,10
ZM,GH,10
ZM,IT,10
ZM,TH,10
ZM,TZ,10
ZW,SA,10
ZW,TZ,10
BI,GB,9
BJ,CA,9
BJ,CM,9
BW,CA,9
CD,BE,9
CI,BE,9
CI,BR,9
CI,CA,9
CI,ES,9
CI,ZA,9
CM,BJ,9
CM,ET,9
CM,GH,9
CM,RU,9
DZ,FI,9
DZ,GH,9
DZ,IE,9
DZ,KZ,9
EG,AM,9
EG,BA,9
EG,PE,9
EG,UA,9
ET,CM,9
ET,LB,9
ET,MW,9
ET,RO,9
ET,RW,9
GA,GB,9
GA,US,9
GH,BG,9
GH,CM,9
GH,DZ,9
GH,EC,9
GH,LK,9
GH,RO,9
GM,AU,9
KE,AE,9
LR,US,9
MA,BG,9
MA,HK,9
MA,PS,9
MA,RS,9
MA,TH,9
MG,FR,9
MW,AU,9
MW,DE,9
MW,ET,9
MW,IN,9
MW,ZW,9
MZ,CN,9
MZ,IT,9
NA,FR,9
NG,BG,9
NG,PS,9
NG,RS,9
RW,CH,9
RW,ET,9
RW,HK,9
RW,TZ,9
RW,UG,9
SD,BR,9
SD,ID,9
SN,CA,9
SO,PH,9
SO,TR,9
TN,CL,9
TZ,ID,9
TZ,MX,9
TZ,RW,9
UG,CL,9
UG,CO,9
UG,ID,9
UG,IR,9
UG,RW,9
UG,VN,9
ZA,CI,9
ZA,EC,9
ZA,MK,9
ZM,BR,9
ZW,MW,9
ZW,PK,9
BJ,KE,8
BJ,NG,8
BJ,NL,8
BJ,NO,8
BW,CL,8
BW,MY,8
CD,BR,8
CD,CH,8
CD,ES,8
CD,RW,8
CG,ZA,8
CI,IN,8
CI,SE,8
CM,ID,8
DZ,OM,8
DZ,PS,8
EG,LK,8
EG,LT,8
EG,TZ,8
ET,CL,8
ET,CZ,8
ET,IL,8
GA,FR,8
GH,CL,8
GH,SD,8
GM,CH,8
GM,ES,8
GM,ZA,8
KE,BJ,8
KE,RO,8
MA,ID,8
MA,KW,8
MA,SG,8
MU,CN,8
MU,US,8
MW,NG,8
MW,NL,8
MZ,BR,8
NA,AU,8
NG,BJ,8
NG,KH,8
NG,LT,8
NG,MW,8
RW,AE,8
RW,CD,8
RW,ES,8
RW,MX,8
RW,NL,8
RW,SA,8
RW,ZM,8
SD,GH,8
SD,LB,8
SD,OM,8
SO,GR,8
SS,CH,8
SS,DK,8
SS,PT,8
TN,KW,8
TZ,AE,8
TZ,AR,8
TZ,AT,8
TZ,DK,8
TZ,EG,8
TZ,KR,8
TZ,SA,8
TZ,SG,8
TZ,TR,8
UG,CZ,8
UG,EC,8
UG,JO,8
UG,LB,8
UG,NP,8
UG,PE,8
UG,PL,8
UG,QA,8
ZA,BO,8
ZA,CG,8
ZA,CR,8
ZA,GM,8
ZA,IS,8
ZA,LU,8
ZA,UY,8
ZM,AU,8
ZM,BD,8
ZM,DK,8
ZM,JP,8
ZM,KR,8
ZM,MY,8
ZM,RW,8
ZM,SA,8
ZM,SE,8
ZM,ZW,8
ZW,BD,8
ZW,CA,8
ZW,MY,8
ZW,ZM,8
BI,ES,7
BJ,BE,7
BJ,ET,7
BJ,GH,7
BJ,SE,7
BW,BE,7
BW,CH,7
BW,CZ,7
BW,DK,7
CD,IN,7
CD,KE,7
CD,NL,7
CI,CN,7
CI,NL,7
CM,EG,7
CM,JP,7
CM,PL,7
DZ,BG,7
DZ,BH,7
DZ,NO,7
DZ,RS,7
DZ,SK,7
EG,BY,7
EG,CM,7
EG,LV,7
ET,BJ,7
ET,KH,7
ET,YE,7
ET,ZM,7
GH,AZ,7
GH,BJ,7
GH,CY,7
GH,GR,7
GH,LB,7
GH,MA,7
GH,OM,7
GH,PS,7
GH,SG,7
GH,VN,7
GM,BE,7
GM,CA,7
GM,NL,7
KE,CD,7
KE,CZ,7
KE,LK,7
KE,NP,7
KE,SD,7
LY,CN,7
LY,IN,7
LY,MY,7
LY,TR,7
MA,CY,7
MA,GH,7
MA,HR,7
MA,HU,7
MA,OM,7
MA,PG,7
MA,XK,7
MG,AU,7
MU,IN,7
MW,BD,7
MW,BR,7
MW,FR,7
MZ,TZ,7
NG,BN,7
NG,KW,7
NG,PE,7
SD,KE,7
SD,RU,7
SN,BR,7
SN,CH,7
SN,DE,7
SN,IN,7
SO,CN,7
SO,SA,7
SS,JP,7
SS,RU,7
ST,BR,7
TG,PK,7
TN,AE,7
TN,BD,7
TN,EC,7
TN,MX,7
TN,SK,7
TZ,CL,7
TZ,MZ,7
TZ,PH,7
TZ,RO,7
UG,GR,7
ZA,FJ,7
ZM,ET,7
ZM,PK,7
ZW,AE,7
ZW,AU,7
ZW,DE,7
ZW,NL,7
AO,PT,6
BF,BR,6
BF,DE,6
BF,GB,6
BF,NL,6
BI,IT,6
BI,JP,6
BJ,CZ,6
BJ,PK,6
BJ,SA,6
BW,HK,6
BW,IT,6
BW,NG,6
BW,RU,6
BW,TR,6
CD,AU,6
CD,DE,6
CD,NG,6
CM,AT,6
CM,CL,6
CM,CZ,6
CM,HK,6
CM,HU,6
CM,IE,6
CM,IR,6
CM,MA,6
CM,NO,6
CM,TH,6
CM,TZ,6
DZ,HK,6
DZ,HR,6
DZ,NP,6
EG,AF,6
EG,GE,6
EG,MK,6
EG,RW,6
ET,AM,6
ET,KW,6
ET,LK,6
ET,PE,6
ET,SK,6
GA,PK,6
GA,SA,6
GH,IL,6
GH,MW,6
GH,UZ,6
GH,YE,6
GH,ZW,6
GM,AT,6
GM,FR,6
GM,IT,6
GM,KE,6
GM,NG,6
GM,SE,6
KE,GM,6
KE,GR,6
KE,IR,6
KE,LB,6
KE,VN,6
LY,CA,6
LY,GR,6
LY,IT,6
MA,CM,6
MA,LK,6
MA,LT,6
MA,LU,6
MA,NP,6
MA,SS,6
MG,GB,6
MG,IT,6
ML,US,6
MW,GH,6
MW,PT,6
MZ,CA,6
MZ,CO,6
MZ,IL,6
MZ,TR,6
NA,BE,6
NA,CH,6
NA,IT,6
NG,BW,6
NG,CD,6
NG,GM,6
NG,LK,6
NG,VE,6
RW,AT,6
RW,BE,6
RW,BR,6
RW,DK,6
RW,EG,6
RW,ID,6
RW,MY,6
RW,NO,6
RW,ZW,6
SD,FR,6
SN,AR,6
SN,BE,6
SN,ES,6
SN,JP,6
SN,NL,6
SN,SE,6
SS,MA,6
SS,SA,6
TN,CY,6
TN,FI,6
TN,ID,6
TN,IL,6
TN,PS,6
TN,SI,6
TZ,CM,6
TZ,HK,6
TZ,IE,6
TZ,JP,6
TZ,PL,6
TZ,PT,6
UG,AE,6
UG,FI,6
UG,HK,6
UG,HU,6
UG,IE,6
UG,IL,6
UG,KH,6
UG,NZ,6
ZA,CU,6
ZA,GE,6
ZA,PA,6
ZA,PS,6
ZM,BE,6
ZM,CO,6
ZM,HK,6
ZM,MX,6
ZM,NL,6
ZM,TR,6
ZW,BR,6
ZW,FR,6
ZW,GH,6
ZW,RW,6
ZW,SE,6
AO,US,5
BF,BE,5
BF,CA,5
BF,IT,5
BI,CH,5
BJ,AT,5
BJ,BD,5
BJ,EG,5
BJ,ID,5
BJ,MY,5
BJ,PL,5
BJ,RU,5
BW,EG,5
BW,ES,5
BW,KE,5
BW,NL,5
BW,TN,5
CD,CM,5
CD,CN,5
CD,JP,5
CD,NP,5
CD,TZ,5
CG,DE,5
CG,FR,5
CG,IN,5
CI,AR,5
CI,CO,5
CI,IT,5
CI,JP,5
CM,AR,5
CM,CD,5
CM,CO,5
CM,NZ,5
CM,PT,5
CM,RW,5
CM,SE,5
CM,UG,5
DZ,AT,5
DZ,DK,5
DZ,IL,5
DZ,NZ,5
DZ,TH,5
EG,BJ,5
EG,BW,5
EG,EE,5
EG,LU,5
EG,SO,5
EG,UY,5
EG,ZM,5
ET,BH,5
ET,EC,5
ET,HR,5
ET,PS,5
ET,TN,5
ET,ZW,5
GA,AU,5
GA,BR,5
GA,ES,5
GA,IT,5
GA,MY,5
GA,NL,5
GH,BA,5
GH,EE,5
GH,KH,5
GH,ML,5
GH,SN,5
GM,BD,5
GM,BR,5
GM,FI,5
KE,BW,5
KE,GT,5
KE,KH,5
KE,OM,5
KE,SK,5
LY,DE,5
LY,HU,5
LY,IQ,5
LY,MA,5
LY,PS,5
MA,BA,5
MA,BH,5
MA,EC,5
MA,KZ,5
MA,LY,5
MA,NZ,5
MA,PH,5
MA,SN,5
MA,UA,5
MA,UG,5
MA,VN,5
MG,BR,5
MG,ZA,5
ML,GH,5
ML,NG,5
MW,PK,5
MW,SE,5
MZ,DK,5
MZ,SE,5
NA,DK,5
NA,ES,5
NA,IN,5
NE,FR,5
NE,US,5
NG,AL,5
NG,AZ,5
NG,BA,5
NG,EE,5
NG,GE,5
NG,LU,5
NG,ML,5
RW,CM,5
RW,IQ,5
RW,KR,5
RW,NZ,5
RW,PH,5
RW,PT,5
RW,SD,5
SD,CO,5
SD,KZ,5
SD,PL,5
SD,PR,5
SD,RW,5
SD,VN,5
SD,YE,5
SL,US,5
SN,DK,5
SN,GH,5
SN,MA,5
SN,NO,5
SO,EG,5
SO,KH,5
SO,US,5
SS,BE,5
SS,IL,5
SS,SG,5
ST,PT,5
ST,US,5
TN,AR,5
TN,BA,5
TN,BW,5
TN,CO,5
TN,EE,5
TN,ET,5
TN,HK,5
TN,LU,5
TN,MK,5
TN,PH,5
TN,TH,5
TZ,CD,5
TZ,CZ,5
TZ,FI,5
TZ,GR,5
TZ,PE,5
TZ,VN,5
UG,CM,5
UG,MA,5
ZA,AL,5
ZA,BA,5
ZA,BY,5
ZA,GF,5
ZA,GT,5
ZA,JM,5
ZA,MG,5
ZM,EG,5
ZM,NP,5
ZW,CH,5
ZW,ET,5
BF,AU,4
BF,CI,4
BF,GH,4
BF,KE,4
BF,NG,4
BF,SA,4
BF,TH,4
BI,CA,4
BI,IL,4
BI,NL,4
BI,PT,4
BJ,CI,4
BJ,CO,4
BJ,FI,4
BJ,GF,4
BJ,HU,4
BJ,IR,4
BJ,NZ,4
BJ,PE,4
BJ,TR,4
BJ,VE,4
BJ,ZM,4
BW,AL,4
BW,AR,4
BW,AT,4
BW,BD,4
BW,CM,4
BW,GH,4
BW,HU,4
BW,ID,4
BW,KR,4
CD,DK,4
CD,ET,4
CD,IT,4
CD,MX,4
CD,UG,4
CG,CM,4
CG,CN,4
CI,AT,4
CI,BF,4
CI,BJ,4
CI,DK,4
CI,GA,4
CI,GH,4
CI,HK,4
CI,HU,4
CI,RS,4
CI,RU,4
CI,UG,4
CI,VE,4
CM,AE,4
CM,AL,4
CM,BD,4
CM,BW,4
CM,CG,4
CM,IL,4
CM,NP,4
CM,PE,4
CM,PH,4
CM,RS,4
CM,TD,4
CM,VE,4
CM,ZM,4
DZ,CO,4
DZ,CY,4
DZ,GE,4
DZ,KH,4
DZ,LY,4
DZ,MK,4
DZ,SG,4
EG,AG,4
EG,AL,4
EG,CU,4
EG,GT,4
EG,HN,4
EG,NA,4
EG,VE,4
EG,ZW,4
ET,BG,4
ET,CD,4
ET,MZ,4
ET,RS,4
ET,UZ,4
GA,BE,4
GA,CH,4
GA,CI,4
GA,SE,4
GH,AG,4
GH,BF,4
GH,BW,4
GH,CI,4
GH,GM,4
GH,HR,4
GH,MK,4
GH,MZ,4
GH,PE,4
GH,RS,4
GH,SI,4
GH,SK,4
GH,TN,4
GH,TW,4
GH,UY,4
GM,DK,4
GM,GH,4
GM,GR,4
GM,HK,4
GM,IN,4
GM,JP,4
GM,MW,4
GM,MY,4
GM,PK,4
GM,PT,4
KE,BF,4
KE,ML,4
KE,NA,4
KE,QA,4
KE,RS,4
KE,SN,4
KE,TW,4
LR,CN,4
LR,GB,4
LY,AU,4
LY,DZ,4
LY,ES,4
LY,FR,4
LY,NO,4
LY,OM,4
LY,TN,4
MA,EE,4
MA,IS,4
MA,NA,4
MA,RE,4
MA,SD,4
MA,UZ,4
MA,YE,4
MG,BE,4
MG,DE,4
MG,MY,4
MG,NO,4
ML,DE,4
ML,KE,4
MU,AU,4
MU,GB,4
MU,SA,4
MW,GM,4
MW,ID,4
MW,IT,4
MW,MX,4
MW,NP,4
MW,SA,4
MW,TH,4
MZ,ET,4
MZ,FI,4
MZ,GH,4
MZ,IN,4
MZ,JP,4
MZ,NO,4
MZ,SA,4
NA,AR,4
NA,AT,4
NA,BR,4
NA,CA,4
NA,EG,4
NA,KE,4
NA,MA,4
NA,MY,4
NA,SE,4
NA,TZ,4
NE,DE,4
NE,GB,4
NG,AG,4
NG,BF,4
NG,BH,4
NG,GT,4
NG,IS,4
NG,MK,4
NG,SI,4
NG,SK,4
NG,SN,4
RW,BD,4
RW,CZ,4
RW,FI,4
RW,JO,4
RW,JP,4
RW,LB,4
RW,QA,4
RW,SG,4
RW,SI,4
RW,TH,4
SD,AT,4
SD,BE,4
SD,ES,4
SD,GR,4
SD,MA,4
SD,MX,4
SD,NZ,4
SD,PT,4
SL,CN,4
SL,GB,4
SN,CN,4
SN,KE,4
SN,MX,4
SN,NG,4
SN,PT,4
SO,IN,4
SO,PK,4
SO,TH,4
SS,BR,4
SS,HK,4
SS,IN,4
TD,CM,4
TG,GB,4
TN,AZ,4
TN,BH,4
TN,GH,4
TN,IS,4
TN,LY,4
TN,TW,4
TN,UG,4
TZ,EC,4
TZ,HU,4
TZ,IL,4
TZ,NA,4
TZ,NP,4
TZ,NZ,4
TZ,RS,4
TZ,RU,4
UG,CD,4
UG,CI,4
UG,KZ,4
UG,LK,4
UG,LT,4
UG,OM,4
UG,PH,4
UG,RO,4
UG,RS,4
UG,SG,4
UG,SK,4
UG,TN,4
ZA,AG,4
ZA,PY,4
ZA,RE,4
ZM,AE,4
ZM,AR,4
ZM,BJ,4
ZM,CM,4
ZM,CZ,4
ZM,FR,4
ZM,HU,4
ZM,IQ,4
ZM,KH,4
ZM,NO,4
ZM,OM,4
ZM,PE,4
ZM,SG,4
ZM,VN,4
ZW,CO,4
ZW,EG,4
ZW,IQ,4
ZW,IT,4
ZW,PL,4
ZW,PT,4
ZW,TR,4
AO,IT,3
BF,AR,3
BF,BJ,3
BF,CD,3
BF,CH,3
BF,CZ,3
BF,DK,3
BF,ES,3
BF,ET,3
BF,FI,3
BF,PK,3
BF,SE,3
BF,TR,3
BF,TW,3
BF,TZ,3
BI,AU,3
BI,BE,3
BJ,AE,3
BJ,AR,3
BJ,BF,3
BJ,CD,3
BJ,CL,3
BJ,DZ,3
BJ,EC,3
BJ,GT,3
BJ,IQ,3
BJ,IS,3
BJ,KH,3
BJ,KR,3
BJ,KZ,3
BJ,LK,3
BJ,LT,3
BJ,NP,3
BJ,PH,3
BJ,QA,3
BJ,RS,3
BJ,RW,3
BJ,SN,3
BW,BR,3
BW,FI,3
BW,IE,3
BW,IL,3
BW,MX,3
BW,NO,3
BW,PK,3
BW,PL,3
BW,SA,3
BW,SK,3
BW,UG,3
CD,BF,3
CD,BJ,3
CD,CG,3
CD,GH,3
CD,ID,3
CD,PK,3
CD,SE,3
CD,SG,3
CD,TN,3
CD,TW,3
CF,US,3
CG,AU,3
CG,CA,3
CG,CD,3
CG,DK,3
CG,ES,3
CG,IT,3
CG,NL,3
CG,UG,3
CG,ZM,3
CI,BD,3
CI,BO,3
CI,CM,3
CI,CZ,3
CI,EG,3
CI,ET,3
CI,FI,3
CI,IL,3
CI,KE,3
CI,MA,3
CI,MX,3
CI,PL,3
CM,AZ,3
CM,BA,3
CM,CI,3
CM,EC,3
CM,GA,3
CM,GF,3
CM,GR,3
CM,KH,3
CM,KR,3
CM,KZ,3
CM,LK,3
CM,MW,3
CM,SK,3
CM,SN,3
CM,TW,3
CM,UZ,3
CM,VN,3
DZ,AG,3
DZ,AR,3
DZ,BJ,3
DZ,EC,3
DZ,UA,3
EG,BN,3
EG,CI,3
EG,CR,3
EG,PR,3
EG,PY,3
EG,SV,3
EG,TT,3
ER,SA,3
ET,AG,3
ET,AZ,3
ET,BA,3
ET,BF,3
ET,CI,3
ET,CU,3
ET,EE,3
ET,GT,3
ET,MN,3
ET,SO,3
ET,VE,3
GA,AE,3
GA,CM,3
GA,CO,3
GA,DK,3
GA,GH,3
GA,MX,3
GA,PT,3
GH,AL,3
GH,CD,3
GH,CR,3
GH,GA,3
GH,GE,3
GH,GT,3
GH,JM,3
GH,NE,3
GH,SL,3
GH,VE,3
GM,ID,3
GM,IE,3
GM,LV,3
GM,NZ,3
GM,SA,3
GM,SG,3
GM,UG,3
GN,BE,3
KE,AL,3
KE,CI,3
KE,CR,3
KE,CU,3
KE,EE,3
KE,FJ,3
KE,IQ,3
KE,KZ,3
KE,NE,3
KE,PA,3
KE,TN,3
KE,VE,3
LR,BR,3
LR,CZ,3
LR,ZA,3
LY,AT,3
LY,IR,3
LY,JP,3
LY,NG,3
LY,PT,3
LY,QA,3
LY,RU,3
LY,VN,3
MA,AZ,3
MA,CI,3
MA,MK,3
MA,RW,3
MA,SY,3
MA,TZ,3
MG,CH,3
MG,ES,3
MG,ID,3
MG,IN,3
MG,JP,3
ML,AU,3
ML,CA,3
ML,FR,3
ML,GB,3
ML,NL,3
MU,BR,3
MU,DE,3
MU,DK,3
MU,ZA,3
MW,CM,3
MW,ES,3
MW,FI,3
MW,JP,3
MW,PE,3
MW,PL,3
MW,RW,3
MW,TR,3
MW,TW,3
MZ,AR,3
MZ,BE,3
MZ,EC,3
MZ,GR,3
MZ,ID,3
MZ,KR,3
MZ,MX,3
MZ,MY,3
MZ,PH,3
MZ,SG,3
MZ,ST,3
NA,CO,3
NA,MX,3
NA,NG,3
NA,NL,3
NA,RW,3
NA,TW,3
NA,UG,3
NA,ZM,3
NE,BE,3
NE,FI,3
NE,GH,3
NE,IT,3
NE,KE,3
NE,NG,3
NE,ZA,3
NG,AF,3
NG,CR,3
NG,CU,3
NG,LY,3
NG,MT,3
NG,NA,3
NG,NE,3
NG,RE,3
RW,BG,3
RW,BJ,3
RW,CO,3
RW,EC,3
RW,GR,3
RW,HR,3
RW,HU,3
RW,IL,3
RW,IR,3
RW,KH,3
RW,KZ,3
RW,MA,3
RW,MW,3
RW,NA,3
RW,NP,3
RW,OM,3
RW,PL,3
RW,TR,3
RW,VN,3
SD,DK,3
SD,FI,3
SD,HK,3
SD,HR,3
SD,NL,3
SD,NO,3
SD,NP,3
SD,RO,3
SD,SG,3
SD,SY,3
SD,TN,3
SD,TW,3
SL,AU,3
SL,GH,3
SN,AT,3
SN,BJ,3
SN,CM,3
SN,FI,3
SN,IR,3
SN,MY,3
SN,PK,3
SN,SG,3
SN,TH,3
SO,AZ,3
SO,BD,3
SO,ET,3
SO,IQ,3
SO,IT,3
SO,KZ,3
SO,SG,3
SO,ZA,3
SS,PK,3
SS,SE,3
SS,ZA,3
ST,AU,3
ST,CO,3
ST,CR,3
ST,ES,3
ST,GB,3
ST,IT,3
ST,MZ,3
ST,ZA,3
TG,TH,3
TN,CD,3
TN,KE,3
TN,LT,3
TN,MT,3
TN,NP,3
TN,RS,3
TN,SD,3
TN,TZ,3
TN,UZ,3
TZ,BA,3
TZ,BF,3
TZ,CY,3
TZ,HR,3
TZ,LB,3
TZ,MA,3
TZ,MN,3
TZ,SK,3
TZ,TH,3
TZ,TN,3
TZ,VE,3
UG,AM,3
UG,BA,3
UG,BW,3
UG,BY,3
UG,CG,3
UG,CY,3
UG,GM,3
UG,GT,3
UG,NA,3
UG,SI,3
UG,UZ,3
ZA,AF,3
ZA,AM,3
ZA,BS,3
ZA,HN,3
ZA,LR,3
ZA,ME,3
ZA,MM,3
ZA,MN,3
ZA,MO,3
ZA,MT,3
ZA,MU,3
ZA,NE,3
ZA,SO,3
ZA,SS,3
ZA,ST,3
ZM,CG,3
ZM,EC,3
ZM,FI,3
ZM,ID,3
ZM,IL,3
ZM,IR,3
ZM,NA,3
ZM,PH,3
ZM,PL,3
ZM,RU,3
ZM,TW,3
ZM,UA,3
ZW,AR,3
ZW,BE,3
ZW,CL,3
ZW,CZ,3
ZW,DK,3
ZW,ES,3
ZW,ID,3
ZW,KH,3
ZW,KR,3
ZW,MX,3
ZW,RU,3
AO,GB,2
AO,KR,2
AO,ST,2
BF,AL,2
BF,AT,2
BF,BD,2
BF,BG,2
BF,CM,2
BF,CN,2
BF,CO,2
BF,CY,2
BF,EC,2
BF,EE,2
BF,EG,2
BF,GR,2
BF,HK,2
BF,HR,2
BF,HU,2
BF,ID,2
BF,IN,2
BF,KH,2
BF,LT,2
BF,NE,2
BF,NO,2
BF,PL,2
BF,RW,2
BF,SN,2
BF,ZA,2
BF,ZM,2
BI,DK,2
BI,IN,2
BI,KE,2
BI,MA,2
BI,NO,2
BJ,AL,2
BJ,BG,2
BJ,CR,2
BJ,GM,2
BJ,GR,2
BJ,HK,2
BJ,HR,2
BJ,IL,2
BJ,LB,2
BJ,ML,2
BJ,MZ,2
BJ,PR,2
BJ,PS,2
BJ,PT,2
BJ,RO,2
BJ,SG,2
BJ,TN,2
BJ,UG,2
BJ,VN,2
BW,CI,2
BW,CO,2
BW,ET,2
BW,NZ,2
BW,PH,2
BW,TH,2
BW,TZ,2
BW,ZM,2
BW,ZW,2
CD,AT,2
CD,CO,2
CD,CR,2
CD,CZ,2
CD,EG,2
CD,GF,2
CD,HK,2
CD,IR,2
CD,KH,2
CD,KR,2
CD,LB,2
CD,LK,2
CD,MA,2
CD,ME,2
CD,MW,2
CD,MY,2
CD,NO,2
CD,NZ,2
CD,PE,2
CD,PH,2
CD,PT,2
CD,TR,2
CD,VN,2
CF,CM,2
CF,FR,2
CF,GA,2
CF,GB,2
CF,UG,2
CF,ZA,2
CG,BE,2
CG,BR,2
CG,EG,2
CG,GA,2
CG,GH,2
CG,IR,2
CG,JP,2
CG,KE,2
CG,MY,2
CG,NA,2
CG,NG,2
CG,NP,2
CG,PH,2
CG,PK,2
CG,RW,2
CG,SE,2
CG,TZ,2
CI,AL,2
CI,BG,2
CI,BW,2
CI,CL,2
CI,GF,2
CI,GM,2
CI,GR,2
CI,GT,2
CI,HR,2
CI,MT,2
CI,MY,2
CI,NZ,2
CI,PE,2
CI,PT,2
CI,RO,2
CI,RW,2
CI,SN,2
CI,TG,2
CI,VN,2
CM,BF,2
CM,BG,2
CM,CF,2
CM,FI,2
CM,GT,2
CM,HR,2
CM,IS,2
CM,MG,2
CM,MZ,2
CM,NA,2
CM,NE,2
CM,OM,2
CM,PA,2
CM,UA,2
CM,ZW,2
CV,ES,2
CV,GB,2
CV,MX,2
CV,PT,2
DZ,AL,2
DZ,AM,2
DZ,BY,2
DZ,EE,2
DZ,GL,2
DZ,KE,2
DZ,LK,2
DZ,LT,2
DZ,LU,2
DZ,MN,2
DZ,PE,2
DZ,PY,2
DZ,RW,2
DZ,SI,2
DZ,SY,2
DZ,ZM,2
EG,BB,2
EG,BF,2
EG,BO,2
EG,BZ,2
EG,CD,2
EG,CG,2
EG,DO,2
EG,GM,2
EG,IS,2
EG,ME,2
EG,MM,2
EG,MN,2
EG,MT,2
EG,MU,2
EG,MW,2
EG,NE,2
EG,PA,2
EG,PG,2
ER,DE,2
ER,IN,2
ER,SE,2
ET,AL,2
ET,BN,2
ET,BW,2
ET,FJ,2
ET,GE,2
ET,GM,2
ET,IE,2
ET,IS,2
ET,LT,2
ET,MG,2
ET,MO,2
ET,NA,2
ET,PY,2
ET,SL,2
ET,ST,2
GA,CF,2
GA,CG,2
GA,CR,2
GA,CZ,2
GA,FI,2
GA,GF,2
GA,IL,2
GA,IN,2
GA,JP,2
GA,MG,2
GA,MZ,2
GA,NO,2
GA,PE,2
GA,RO,2
GA,RS,2
GA,RU,2
GA,RW,2
GA,TR,2
GA,TZ,2
GA,UG,2
GA,VE,2
GA,YE,2
GH,BB,2
GH,BS,2
GH,CG,2
GH,GF,2
GH,GL,2
GH,HN,2
GH,LT,2
GH,LU,2
GH,PY,2
GH,TD,2
GM,AR,2
GM,BJ,2
GM,CI,2
GM,CL,2
GM,CO,2
GM,EG,2
GM,ET,2
GM,GT,2
GM,HR,2
GM,IL,2
GM,IR,2
GM,IS,2
GM,NO,2
GM,NP,2
GM,SI,2
GM,SN,2
GM,TH,2
GN,CH,2
GN,FR,2
GN,RW,2
GN,US,2
GW,NL,2
KE,AM,2
KE,BA,2
KE,BI,2
KE,BO,2
KE,BY,2
KE,CG,2
KE,CY,2
KE,DZ,2
KE,EC,2
KE,GE,2
KE,GF,2
KE,HR,2
KE,IS,2
KE,JM,2
KE,JO,2
KE,LR,2
KE,LT,2
KE,LV,2
KE,MM,2
KE,MT,2
KE,PR,2
KE,SO,2
LR,ES,2
LR,IN,2
LR,IT,2
LR,KE,2
LR,MY,2
LR,SA,2
LY,AE,2
LY,AR,2
LY,BE,2
LY,BR,2
LY,CH,2
LY,CL,2
LY,CZ,2
LY,HR,2
LY,ID,2
LY,IE,2
LY,KR,2
LY,LK,2
LY,MX,2
LY,NL,2
LY,NP,2
LY,PK,2
LY,PL,2
LY,SD,2
LY,SE,2
LY,TH,2
LY,ZA,2
MA,AM,2
MA,BI,2
MA,BY,2
MA,CD,2
MA,FJ,2
MA,GF,2
MA,LV,2
MA,MD,2
MA,MN,2
MA,MU,2
MA,NE,2
MA,UY,2
MG,AR,2
MG,CA,2
MG,CM,2
MG,CO,2
MG,ET,2
MG,FI,2
MG,GA,2
MG,GR,2
MG,KH,2
MG,KR,2
MG,MX,2
MG,NL,2
MG,SA,2
MG,SE,2
MG,TZ,2
ML,BJ,2
ML,CH,2
ML,FI,2
ML,SE,2
ML,SN,2
ML,TZ,2
MR,FR,2
MU,CA,2
MU,EG,2
MU,ES,2
MU,IT,2
MU,JE,2
MU,JP,2
MU,MA,2
MU,MX,2
MU,NL,2
MU,NO,2
MU,PT,2
MU,TH,2
MW,AE,2
MW,AT,2
MW,CD,2
MW,CL,2
MW,CO,2
MW,EG,2
MW,HU,2
MW,IE,2
MW,IQ,2
MW,IR,2
MW,KH,2
MW,MY,2
MW,MZ,2
MW,SG,2
MW,VN,2
MZ,AS,2
MZ,BD,2
MZ,BJ,2
MZ,CL,2
MZ,CM,2
MZ,CR,2
MZ,CZ,2
MZ,GA,2
MZ,HK,2
MZ,IQ,2
MZ,JO,2
MZ,KH,2
MZ,LK,2
MZ,MO,2
MZ,MW,2
MZ,PK,2
MZ,PL,2
MZ,SC,2
MZ,TH,2
MZ,UG,2
MZ,UY,2
MZ,VE,2
MZ,VN,2
MZ,ZM,2
MZ,ZW,2
NA,CG,2
NA,CM,2
NA,CZ,2
NA,ET,2
NA,FI,2
NA,HR,2
NA,HU,2
NA,ID,2
NA,IE,2
NA,LK,2
NA,MK,2
NA,NE,2
NA,NP,2
NA,PH,2
NA,PL,2
NA,RU,2
NA,SI,2
NA,TH,2
NA,TN,2
NA,TR,2
NA,UA,2
NA,VN,2
NE,AU,2
NE,BF,2
NE,CH,2
NE,CM,2
NE,EG,2
NE,ID,2
NE,IE,2
NE,MA,2
NE,NA,2
NE,NL,2
NE,SE,2
NE,TN,2
NE,UG,2
NE,ZW,2
NG,BO,2
NG,CG,2
NG,FJ,2
NG,GL,2
NG,HN,2
NG,MD,2
NG,MM,2
NG,PG,2
NG,PY,2
NG,SY,2
NG,UY,2
NG,VI,2
RW,BA,2
RW,BF,2
RW,CG,2
RW,CI,2
RW,DZ,2
RW,GA,2
RW,GE,2
RW,GN,2
RW,GT,2
RW,IE,2
RW,JM,2
RW,LK,2
RW,MK,2
RW,PG,2
RW,SO,2
RW,YE,2
SC,AU,2
SC,BR,2
SC,CR,2
SC,DK,2
SC,ES,2
SC,FR,2
SC,GB,2
SC,IT,2
SC,MX,2
SC,MZ,2
SC,PT,2
SC,SA,2
SC,ST,2
SC,TR,2
SC,US,2
SC,VE,2
SC,ZA,2
SD,AG,2
SD,AM,2
SD,AR,2
SD,AZ,2
SD,IE,2
SD,KH,2
SD,LT,2
SD,LY,2
SD,MM,2
SD,PE,2
SD,PH,2
SD,PS,2
SD,RS,2
SD,SO,2
SD,TH,2
SD,TZ,2
SD,UG,2
SD,UZ,2
SD,ZM,2
SL,ES,2
SL,ET,2
SL,IN,2
SL,MY,2
SL,NO,2
SN,BF,2
SN,CI,2
SN,CL,2
SN,CO,2
SN,CZ,2
SN,GM,2
SN,KR,2
SN,LB,2
SN,ML,2
SN,PL,2
SN,UG,2
SO,AE,2
SO,AU,2
SO,HU,2
SO,IR,2
SO,JO,2
SO,KE,2
SO,KR,2
SO,NL,2
SO,PS,2
SO,RU,2
SO,RW,2
SO,SD,2
SS,FI,2
SS,HU,2
SS,MY,2
SS,PL,2
SS,TW,2
SS,UA,2
SS,UG,2
SS,UZ,2
ST,AO,2
ST,CA,2
ST,CH,2
ST,CN,2
ST,DK,2
ST,ET,2
ST,FR,2
ST,MX,2
ST,SA,2
ST,SC,2
ST,TR,2
ST,UY,2
ST,VE,2
TD,CA,2
TD,DE,2
TD,EC,2
TD,FR,2
TD,GH,2
TD,TR,2
TG,AU,2
TG,CI,2
TG,CN,2
TG,DE,2
TG,FR,2
TG,SA,2
TG,US,2
TG,ZA,2
TN,AM,2
TN,BJ,2
TN,GT,2
TN,KZ,2
TN,LV,2
TN,ME,2
TN,NA,2
TN,NE,2
TN,NZ,2
TN,PE,2
TN,SG,2
TN,SY,2
TN,TT,2
TN,UA,2
TZ,BG,2
TZ,BW,2
TZ,CG,2
TZ,FJ,2
TZ,GA,2
TZ,GT,2
TZ,IQ,2
TZ,JO,2
TZ,KH,2
TZ,MG,2
TZ,MK,2
TZ,ML,2
TZ,MM,2
TZ,OM,2
TZ,PA,2
TZ,PY,2
TZ,QA,2
TZ,SD,2
TZ,SI,2
TZ,TW,2
TZ,UA,2
UG,AZ,2
UG,BG,2
UG,BJ,2
UG,BN,2
UG,CF,2
UG,CR,2
UG,DO,2
UG,FJ,2
UG,GA,2
UG,HR,2
UG,LV,2
UG,MK,2
UG,MZ,2
UG,NE,2
UG,PY,2
UG,SD,2
UG,SN,2
UG,SS,2
UG,SY,2
UG,TW,2
UG,VE,2
ZA,AS,2
ZA,BF,2
ZA,BM,2
ZA,CF,2
ZA,DO,2
ZA,GL,2
ZA,LY,2
ZA,MC,2
ZA,NC,2
ZA,SC,2
ZA,SY,2
ZA,TG,2
ZA,VA,2
ZA,VI,2
ZM,AL,2
ZM,AT,2
ZM,BA,2
ZM,BF,2
ZM,BG,2
ZM,BW,2
ZM,CL,2
ZM,CY,2
ZM,DZ,2
ZM,GE,2
ZM,GT,2
ZM,HR,2
ZM,JO,2
ZM,KZ,2
ZM,LT,2
ZM,LU,2
ZM,MN,2
ZM,MZ,2
ZM,NZ,2
ZM,PS,2
ZM,PT,2
ZM,PY,2
ZM,RO,2
ZM,RS,2
ZM,SD,2
ZM,SK,2
ZW,BW,2
ZW,CM,2
ZW,IR,2
ZW,JP,2
ZW,MZ,2
ZW,NE,2
ZW,NO,2
ZW,NP,2
ZW,OM,2
ZW,PH,2
ZW,TH,2
ZW,VN,2
AO,AE,1
AO,AT,1
AO,AU,1
AO,BA,1
AO,CA,1
AO,CD,1
AO,CH,1
AO,CN,1
AO,CO,1
AO,DE,1
AO,DK,1
AO,EG,1
AO,ES,1
AO,ET,1
AO,FR,1
AO,GE,1
AO,GH,1
AO,HK,1
AO,HN,1
AO,HR,1
AO,ID,1
AO,IE,1
AO,IN,1
AO,IQ,1
AO,KH,1
AO,LB,1
AO,LK,1
AO,ME,1
AO,MY,1
AO,MZ,1
AO,NG,1
AO,NL,1
AO,NZ,1
AO,OM,1
AO,PH,1
AO,PL,1
AO,PY,1
AO,RW,1
AO,SE,1
AO,SG,1
AO,SI,1
AO,TW,1
AO,VN,1
AO,YE,1
BF,AE,1
BF,BA,1
BF,BB,1
BF,BW,1
BF,CL,1
BF,DZ,1
BF,GA,1
BF,GE,1
BF,GL,1
BF,GM,1
BF,GN,1
BF,GT,1
BF,HT,1
BF,IS,1
BF,JP,1
BF,LB,1
BF,LK,1
BF,MA,1
BF,MK,1
BF,ML,1
BF,MW,1
BF,MX,1
BF,MY,1
BF,MZ,1
BF,NP,1
BF,NZ,1
BF,PR,1
BF,PS,1
BF,PT,1
BF,PY,1
BF,RE,1
BF,RS,1
BF,TD,1
BF,TG,1
BF,UG,1
BF,UY,1
BF,UZ,1
BF,VN,1
BF,XK,1
BF,ZW,1
BI,AT,1
BI,BD,1
BI,BJ,1
BI,CD,1
BI,CG,1
BI,CZ,1
BI,ET,1
BI,FI,1
BI,GR,1
BI,HU,1
BI,ID,1
BI,IE,1
BI,KR,1
BI,NA,1
BI,PL,1
BI,RW,1
BI,SE,1
BI,SI,1
BI,SK,1
BI,TR,1
BI,TZ,1
BI,UA,1
BI,UG,1
BI,ZA,1
BJ,AG,1
BJ,AM,1
BJ,AS,1
BJ,BA,1
BJ,BB,1
BJ,BI,1
BJ,BO,1
BJ,BW,1
BJ,CG,1
BJ,CU,1
BJ,CY,1
BJ,DO,1
BJ,EE,1
BJ,FJ,1
BJ,GA,1
BJ,GE,1
BJ,GL,1
BJ,GN,1
BJ,JO,1
BJ,LU,1
BJ,LV,1
BJ,MA,1
BJ,ME,1
BJ,MG,1
BJ,MN,1
BJ,MR,1
BJ,NC,1
BJ,NE,1
BJ,OM,1
BJ,PA,1
BJ,PG,1
BJ,PY,1
BJ,SC,1
BJ,SD,1
BJ,SK,1
BJ,ST,1
BJ,TD,1
BJ,TH,1
BJ,TJ,1
BJ,TW,1
BJ,TZ,1
BJ,UY,1
BJ,UZ,1
BJ,ZW,1
BW,BA,1
BW,BB,1
BW,BF,1
BW,BG,1
BW,BJ,1
BW,BO,1
BW,BT,1
BW,CG,1
BW,DO,1
BW,DZ,1
BW,EC,1
BW,EE,1
BW,GE,1
BW,GM,1
BW,GR,1
BW,GT,1
BW,HR,1
BW,IR,1
BW,IS,1
BW,JP,1
BW,KH,1
BW,KZ,1
BW,LB,1
BW,MA,1
BW,MO,1
BW,MV,1
BW,NA,1
BW,PE,1
BW,PT,1
BW,SE,1
BW,SN,1
BW,SS,1
BW,TD,1
BW,UZ,1
BW,VE,1
CD,AE,1
CD,AO,1
CD,AR,1
CD,AS,1
CD,BA,1
CD,BD,1
CD,BI,1
CD,CI,1
CD,CL,1
CD,CU,1
CD,EC,1
CD,FI,1
CD,GA,1
CD,GE,1
CD,GN,1
CD,GT,1
CD,HN,1
CD,HR,1
CD,HT,1
CD,IE,1
CD,IL,1
CD,IQ,1
CD,JO,1
CD,MZ,1
CD,NA,1
CD,NE,1
CD,OM,1
CD,PA,1
CD,PG,1
CD,PL,1
CD,PR,1
CD,RU,1
CD,SA,1
CD,SC,1
CD,SI,1
CD,SN,1
CD,ST,1
CD,TG,1
CD,TH,1
CD,UA,1
CD,UY,1
CD,VE,1
CD,YE,1
CD,ZM,1
CD,ZW,1
CF,BE,1
CF,CA,1
CF,CH,1
CF,DE,1
CF,ET,1
CF,GH,1
CF,ID,1
CF,KE,1
CF,MG,1
CF,MZ,1
CF,SE,1
CF,SL,1
CF,TD,1
CF,TZ,1
CG,AE,1
CG,AR,1
CG,BD,1
CG,BI,1
CG,BJ,1
CG,BW,1
CG,CI,1
CG,CO,1
CG,CZ,1
CG,ET,1
CG,FI,1
CG,GF,1
CG,HK,1
CG,LK,1
CG,MW,1
CG,MX,1
CG,NO,1
CG,NZ,1
CG,PA,1
CG,PE,1
CG,PT,1
CG,RU,1
CG,SG,1
CG,SN,1
CG,SY,1
CG,TH,1
CG,TR,1
CG,VN,1
CI,AE,1
CI,AM,1
CI,BA,1
CI,BB,1
CI,CD,1
CI,CG,1
CI,CR,1
CI,DZ,1
CI,EC,1
CI,EE,1
CI,GE,1
CI,IE,1
CI,IS,1
CI,JM,1
CI,KH,1
CI,KR,1
CI,KW,1
CI,MG,1
CI,ML,1
CI,MW,1
CI,NA,1
CI,NO,1
CI,PA,1
CI,SA,1
CI,SD,1
CI,SG,1
CI,SK,1
CI,TD,1
CI,TH,1
CI,TR,1
CI,TZ,1
CI,ZM,1
CM,AS,1
CM,BB,1
CM,BH,1
CM,BN,1
CM,CR,1
CM,CU,1
CM,EE,1
CM,GE,1
CM,GM,1
CM,GN,1
CM,KW,1
CM,LT,1
CM,LU,1
CM,ME,1
CM,ML,1
CM,MN,1
CM,MT,1
CM,MU,1
CM,PG,1
CM,PR,1
CM,PS,1
CM,RO,1
CM,SC,1
CM,SD,1
CM,SG,1
CM,SI,1
CM,ST,1
CM,TG,1
CM,TJ,1
CM,TN,1
CM,UY,1
CV,AG,1
CV,AU,1
CV,BB,1
CV,BR,1
CV,BS,1
CV,CN,1
CV,CR,1
CV,DE,1
CV,DK,1
CV,FR,1
CV,GA,1
CV,GH,1
CV,HK,1
CV,IL,1
CV,IT,1
CV,KN,1
CV,KY,1
CV,MY,1
CV,MZ,1
CV,NG,1
CV,NO,1
CV,RE,1
CV,SA,1
CV,SC,1
CV,ST,1
CV,TR,1
CV,TZ,1
CV,US,1
CV,VE,1
CV,VI,1
CV,ZA,1
DZ,AF,1
DZ,BA,1
DZ,BF,1
DZ,BW,1
DZ,CI,1
DZ,GA,1
DZ,GM,1
DZ,IS,1
DZ,LA,1
DZ,ME,1
DZ,MG,1
DZ,MM,1
DZ,MO,1
DZ,MT,1
DZ,MW,1
DZ,MZ,1
DZ,NA,1
DZ,NE,1
DZ,PG,1
DZ,PH,1
DZ,SO,1
DZ,SS,1
DZ,SV,1
DZ,TT,1
DZ,TZ,1
DZ,UG,1
DZ,VE,1
DZ,XK,1
EG,AO,1
EG,FJ,1
EG,GA,1
EG,GY,1
EG,KP,1
EG,MD,1
EG,MG,1
EG,MO,1
EG,MV,1
EG,MZ,1
EG,NI,1
EG,TD,1
EG,TJ,1
EG,VG,1
ER,FR,1
ER,GB,1
ER,IT,1
ER,NL,1
ER,NO,1
ER,PH,1
ER,PK,1
ER,RS,1
ER,RW,1
ER,SD,1
ER,US,1
ET,AF,1
ET,AO,1
ET,BB,1
ET,BI,1
ET,BY,1
ET,BZ,1
ET,CF,1
ET,CG,1
ET,CR,1
ET,CY,1
ET,GA,1
ET,HN,1
ET,LR,1
ET,LU,1
ET,LY,1
ET,ML,1
ET,MM,1
ET,MT,1
ET,PG,1
ET,SI,1
ET,SN,1
ET,SY,1
ET,TD,1
ET,TG,1
ET,TJ,1
ET,UA,1
ET,UY,1
GA,AG,1
GA,AL,1
GA,AM,1
GA,AR,1
GA,AT,1
GA,BB,1
GA,BF,1
GA,BJ,1
GA,BO,1
GA,BS,1
GA,CD,1
GA,CV,1
GA,DZ,1
GA,EC,1
GA,EG,1
GA,ET,1
GA,GR,1
GA,HK,1
GA,HR,1
GA,ID,1
GA,IE,1
GA,KE,1
GA,KH,1
GA,KN,1
GA,KR,1
GA,KY,1
GA,MA,1
GA,NA,1
GA,NG,1
GA,NZ,1
GA,PL,1
GA,RE,1
GA,SC,1
GA,SD,1
GA,SG,1
GA,SK,1
GA,SL,1
GA,ST,1
GA,TD,1
GA,VI,1
GA,VN,1
GH,AF,1
GH,AM,1
GH,AO,1
GH,AS,1
GH,BH,1
GH,BZ,1
GH,CF,1
GH,CU,1
GH,CV,1
GH,FJ,1
GH,IS,1
GH,KN,1
GH,KY,1
GH,LR,1
GH,LS,1
GH,LV,1
GH,MD,1
GH,ME,1
GH,MG,1
GH,MM,1
GH,MN,1
GH,MU,1
GH,NA,1
GH,PA,1
GH,PG,1
GH,RE,1
GH,SC,1
GH,SO,1
GH,ST,1
GH,SY,1
GH,UA,1
GH,VI,1
GM,AE,1
GM,AL,1
GM,AZ,1
GM,BA,1
GM,BB,1
GM,BF,1
GM,BG,1
GM,BO,1
GM,BW,1
GM,CM,1
GM,CY,1
GM,CZ,1
GM,DZ,1
GM,EC,1
GM,EE,1
GM,FJ,1
GM,GE,1
GM,HU,1
GM,IQ,1
GM,JM,1
GM,JO,1
GM,KH,1
GM,KR,1
GM,KW,1
GM,KZ,1
GM,LK,1
GM,MA,1
GM,MN,1
GM,MX,1
GM,MZ,1
GM,NE,1
GM,PE,1
GM,PH,1
GM,PL,1
GM,PS,1
GM,QA,1
GM,SL,1
GM,TD,1
GM,TR,1
GM,VN,1
GM,YE,1
GM,ZW,1
GN,AT,1
GN,BF,1
GN,BJ,1
GN,CA,1
GN,CD,1
GN,CM,1
GN,DE,1
GN,GB,1
GN,IT,1
GN,KE,1
GN,KH,1
GN,LB,1
GN,MG,1
GN,MW,1
GN,NG,1
GN,NL,1
GN,NO,1
GN,NP,1
GN,SE,1
GN,SN,1
GN,TZ,1
GN,UG,1
GN,ZM,1
GN,ZW,1
GQ,CN,1
GQ,DK,1
GQ,GB,1
GQ,HK,1
GQ,MO,1
GQ,MY,1
GQ,NO,1
GQ,PL,1
GQ,SG,1
GQ,US,1
GW,AT,1
GW,AU,1
GW,BD,1
GW,BE,1
GW,CN,1
GW,CZ,1
GW,DE,1
GW,DK,1
GW,ES,1
GW,GB,1
GW,GR,1
GW,HR,1
GW,IT,1
GW,LT,1
GW,LV,1
GW,NO,1
GW,PL,1
GW,PT,1
GW,RS,1
GW,SE,1
GW,SI,1
GW,SK,1
GW,US,1
GW,ZA,1
KE,AF,1
KE,AS,1
KE,AZ,1
KE,BB,1
KE,BH,1
KE,BS,1
KE,BZ,1
KE,CF,1
KE,FK,1
KE,GA,1
KE,GN,1
KE,HN,1
KE,KW,1
KE,LY,1
KE,MC,1
KE,ME,1
KE,MG,1
KE,MK,1
KE,MN,1
KE,MU,1
KE,NC,1
KE,PF,1
KE,PG,1
KE,PY,1
KE,RE,1
KE,SC,1
KE,SI,1
KE,SL,1
KE,SS,1
KE,ST,1
KE,TJ,1
KE,UY,1
KE,YE,1
LR,AU,1
LR,BY,1
LR,CA,1
LR,CH,1
LR,ET,1
LR,FR,1
LR,GH,1
LR,HK,1
LR,PE,1
LR,PK,1
LR,PL,1
LR,PT,1
LR,RW,1
LR,SG,1
LR,SL,1
LR,TW,1
LR,UG,1
LS,CH,1
LS,CL,1
LS,CN,1
LS,CO,1
LS,CZ,1
LS,DE,1
LS,EC,1
LS,EE,1
LS,FR,1
LS,GB,1
LS,GH,1
LS,IT,1
LS,KZ,1
LS,NL,1
LS,NO,1
LS,RU,1
LS,SA,1
LS,SE,1
LS,US,1
LY,BA,1
LY,BG,1
LY,CY,1
LY,ET,1
LY,FI,1
LY,HK,1
LY,IL,1
LY,KE,1
LY,KW,1
LY,KZ,1
LY,LB,1
LY,ME,1
LY,MK,1
LY,PG,1
LY,PH,1
LY,RO,1
LY,RS,1
LY,RW,1
LY,SG,1
LY,SI,1
LY,YE,1
MA,AF,1
MA,AL,1
MA,BF,1
MA,BJ,1
MA,BN,1
MA,BW,1
MA,CR,1
MA,GA,1
MA,GE,1
MA,GM,1
MA,GP,1
MA,JM,1
MA,KH,1
MA,ME,1
MA,MG,1
MA,ML,1
MA,MM,1
MA,MQ,1
MA,MR,1
MA,MV,1
MA,MW,1
MA,NC,1
MA,PE,1
MA,SO,1
MA,TG,1
MA,TT,1
MA,ZM,1
MA,ZW,1
MG,AE,1
MG,AL,1
MG,AM,1
MG,AT,1
MG,BJ,1
MG,CF,1
MG,CI,1
MG,CL,1
MG,DK,1
MG,DZ,1
MG,EC,1
MG,EG,1
MG,FJ,1
MG,GH,1
MG,GN,1
MG,HR,1
MG,IL,1
MG,KE,1
MG,LA,1
MG,MA,1
MG,MC,1
MG,MO,1
MG,MZ,1
MG,PA,1
MG,PH,1
MG,PL,1
MG,PT,1
MG,RO,1
MG,RS,1
MG,RU,1
MG,RW,1
MG,SD,1
MG,SG,1
MG,SK,1
MG,SN,1
MG,TR,1
MG,UG,1
MG,UZ,1
ML,BF,1
ML,CI,1
ML,CM,1
ML,DK,1
ML,ES,1
ML,ET,1
ML,ID,1
ML,IN,1
ML,IS,1
ML,IT,1
ML,LU,1
ML,MA,1
ML,NE,1
ML,PE,1
ML,PT,1
ML,SA,1
ML,TN,1
ML,UG,1
ML,VN,1
ML,ZA,1
ML,ZM,1
MR,BJ,1
MR,CL,1
MR,DK,1
MR,ES,1
MR,IT,1
MR,JP,1
MR,MA,1
MR,MX,1
MR,NC,1
MR,NO,1
MR,PT,1
MR,SN,1
MR,US,1
MR,ZA,1
MU,AE,1
MU,AT,1
MU,BE,1
MU,CM,1
MU,CO,1
MU,FI,1
MU,FR,1
MU,GH,1
MU,GL,1
MU,IQ,1
MU,IR,1
MU,IS,1
MU,JM,1
MU,KE,1
MU,LK,1
MU,NZ,1
MU,PH,1
MU,PK,1
MU,PL,1
MU,RE,1
MU,RO,1
MU,RW,1
MU,SE,1
MU,SG,1
MU,SK,1
MU,TR,1
MU,UZ,1
MW,AM,1
MW,AR,1
MW,AZ,1
MW,BA,1
MW,BF,1
MW,CG,1
MW,CI,1
MW,CZ,1
MW,DK,1
MW,DZ,1
MW,EE,1
MW,FJ,1
MW,GN,1
MW,HK,1
MW,KR,1
MW,LB,1
MW,LK,1
MW,MA,1
MW,NE,1
MW,NO,1
MW,NZ,1
MW,PG,1
MW,PH,1
MW,RS,1
MW,RU,1
MW,SD,1
MW,SI,1
MW,SN,1
MW,SO,1
MZ,AE,1
MZ,AG,1
MZ,AL,1
MZ,AO,1
MZ,BB,1
MZ,BF,1
MZ,BG,1
MZ,BH,1
MZ,BS,1
MZ,CD,1
MZ,CF,1
MZ,CU,1
MZ,CV,1
MZ,CY,1
MZ,DZ,1
MZ,EE,1
MZ,EG,1
MZ,GF,1
MZ,GL,1
MZ,GM,1
MZ,GT,1
MZ,HN,1
MZ,HR,1
MZ,HU,1
MZ,IE,1
MZ,IR,1
MZ,KN,1
MZ,KW,1
MZ,KY,1
MZ,KZ,1
MZ,LB,1
MZ,LI,1
MZ,LT,1
MZ,LU,1
MZ,LV,1
MZ,ME,1
MZ,MG,1
MZ,MN,1
MZ,MT,1
MZ,NZ,1
MZ,OM,1
MZ,PE,1
MZ,PR,1
MZ,PS,1
MZ,PY,1
MZ,RE,1
MZ,RO,1
MZ,RS,1
MZ,RU,1
MZ,RW,1
MZ,SD,1
MZ,SI,1
MZ,TN,1
MZ,TW,1
MZ,UZ,1
MZ,VI,1
NA,AF,1
NA,AM,1
NA,BA,1
NA,BD,1
NA,BG,1
NA,BI,1
NA,BN,1
NA,BO,1
NA,BW,1
NA,BY,1
NA,BZ,1
NA,CD,1
NA,CI,1
NA,CL,1
NA,CN,1
NA,CU,1
NA,DZ,1
NA,EC,1
NA,EE,1
NA,GA,1
NA,GE,1
NA,GH,1
NA,GR,1
NA,HK,1
NA,HN,1
NA,IL,1
NA,IR,1
NA,JP,1
NA,KR,1
NA,KZ,1
NA,LT,1
NA,LV,1
NA,MD,1
NA,MM,1
NA,MN,1
NA,NO,1
NA,PA,1
NA,PE,1
NA,PK,1
NA,PT,1
NA,PY,1
NA,RO,1
NA,RS,1
NA,SD,1
NA,SK,1
NA,SN,1
NA,UZ,1
NA,VE,1
NA,ZW,1
NE,AR,1
NE,AT,1
NE,BD,1
NE,BJ,1
NE,BR,1
NE,BY,1
NE,CA,1
NE,CD,1
NE,CL,1
NE,CN,1
NE,CO,1
NE,DK,1
NE,DZ,1
NE,GM,1
NE,HR,1
NE,IL,1
NE,IN,1
NE,JP,1
NE,KR,1
NE,LK,1
NE,MK,1
NE,ML,1
NE,MW,1
NE,MX,1
NE,MY,1
NE,NP,1
NE,PA,1
NE,PG,1
NE,PH,1
NE,PK,1
NE,PT,1
NE,RU,1
NE,SI,1
NE,SN,1
NE,TR,1
NE,TZ,1
NE,UZ,1
NG,AM,1
NG,AO,1
NG,BB,1
NG,BS,1
NG,BZ,1
NG,CV,1
NG,GA,1
NG,GN,1
NG,KN,1
NG,KY,1
NG,LI,1
NG,LV,1
NG,ME,1
NG,MN,1
NG,MV,1
NG,SC,1
NG,SL,1
NG,SS,1
NG,ST,1
NG,SZ,1
NG,TG,1
NG,TT,1
RW,AL,1
RW,AO,1
RW,AR,1
RW,AZ,1
RW,BI,1
RW,CL,1
RW,CR,1
RW,CU,1
RW,CY,1
RW,ER,1
RW,GF,1
RW,HN,1
RW,HT,1
RW,LR,1
RW,LU,1
RW,LV,1
RW,LY,1
RW,MD,1
RW,ME,1
RW,MG,1
RW,MU,1
RW,MZ,1
RW,PE,1
RW,PS,1
RW,RO,1
RW,RU,1
RW,SK,1
RW,SL,1
RW,SN,1
RW,TG,1
RW,TN,1
RW,TW,1
RW,UA,1
RW,VE,1
SC,AG,1
SC,AS,1
SC,BB,1
SC,BJ,1
SC,BS,1
SC,CD,1
SC,CH,1
SC,CM,1
SC,CO,1
SC,CU,1
SC,CV,1
SC,EC,1
SC,GA,1
SC,GF,1
SC,GH,1
SC,GT,1
SC,HK,1
SC,ID,1
SC,IL,1
SC,IN,1
SC,JP,1
SC,KE,1
SC,KH,1
SC,KN,1
SC,KY,1
SC,ME,1
SC,MY,1
SC,NG,1
SC,NO,1
SC,PE,1
SC,PR,1
SC,RE,1
SC,TN,1
SC,TZ,1
SC,UY,1
SC,VI,1
SD,AF,1
SD,AL,1
SD,BG,1
SD,BH,1
SD,BJ,1
SD,BN,1
SD,BT,1
SD,BZ,1
SD,CI,1
SD,CL,1
SD,CM,1
SD,CU,1
SD,CZ,1
SD,EC,1
SD,ER,1
SD,GA,1
SD,HN,1
SD,IL,1
SD,KW,1
SD,LK,1
SD,MG,1
SD,MN,1
SD,MT,1
SD,MW,1
SD,MZ,1
SD,NA,1
SD,PG,1
SD,PY,1
SD,SI,1
SD,SK,1
SD,SV,1
SD,VE,1
SL,AR,1
SL,CA,1
SL,CF,1
SL,DE,1
SL,GA,1
SL,GM,1
SL,HK,1
SL,IT,1
SL,KE,1
SL,KR,1
SL,LR,1
SL,NG,1
SL,NL,1
SL,NP,1
SL,RW,1
SL,SA,1
SL,SE,1
SL,TZ,1
SL,UG,1
SL,ZA,1
SL,ZM,1
SN,AE,1
SN,BD,1
SN,BO,1
SN,BW,1
SN,CD,1
SN,CG,1
SN,ET,1
SN,GF,1
SN,GN,1
SN,GR,1
SN,HK,1
SN,HU,1
SN,ID,1
SN,KH,1
SN,LK,1
SN,MG,1
SN,MR,1
SN,MT,1
SN,MW,1
SN,NA,1
SN,NC,1
SN,NE,1
SN,NP,1
SN,NZ,1
SN,PA,1
SN,PE,1
SN,PR,1
SN,QA,1
SN,RO,1
SN,RU,1
SN,RW,1
SN,SA,1
SN,SK,1
SN,TG,1
SN,TN,1
SN,TR,1
SN,TW,1
SN,TZ,1
SN,VN,1
SN,ZW,1
SO,BE,1
SO,BG,1
SO,BN,1
SO,BR,1
SO,CA,1
SO,CH,1
SO,DE,1
SO,DZ,1
SO,ES,1
SO,FI,1
SO,GH,1
SO,ID,1
SO,IL,1
SO,JP,1
SO,LA,1
SO,MA,1
SO,MW,1
SO,MX,1
SO,NZ,1
SO,OM,1
SO,QA,1
SO,SE,1
SO,TW,1
SO,UG,1
SO,VN,1
SO,YE,1
SO,ZM,1
SS,BD,1
SS,BW,1
SS,CL,1
SS,CO,1
SS,CY,1
SS,CZ,1
SS,DZ,1
SS,GI,1
SS,GR,1
SS,ID,1
SS,IR,1
SS,KE,1
SS,KR,1
SS,LK,1
SS,LT,1
SS,ME,1
SS,MO,1
SS,MX,1
SS,NG,1
SS,PG,1
SS,PH,1
SS,PR,1
SS,PY,1
SS,RS,1
SS,SI,1
SS,TN,1
SS,TR,1
ST,AG,1
ST,AR,1
ST,AS,1
ST,BB,1
ST,BJ,1
ST,BS,1
ST,CD,1
ST,CM,1
ST,CU,1
ST,CV,1
ST,EC,1
ST,GA,1
ST,GF,1
ST,GH,1
ST,GT,1
ST,HK,1
ST,ID,1
ST,IL,1
ST,IN,1
ST,JP,1
ST,KE,1
ST,KH,1
ST,KN,1
ST,KY,1
ST,ME,1
ST,MY,1
ST,NG,1
ST,NO,1
ST,PE,1
ST,PK,1
ST,PR,1
ST,PY,1
ST,RE,1
ST,SE,1
ST,TN,1
ST,TZ,1
ST,VI,1
SZ,GB,1
SZ,NG,1
SZ,US,1
SZ,ZA,1
TD,AL,1
TD,AR,1
TD,AT,1
TD,AU,1
TD,BA,1
TD,BB,1
TD,BD,1
TD,BE,1
TD,BF,1
TD,BG,1
TD,BJ,1
TD,BR,1
TD,BW,1
TD,CF,1
TD,CI,1
TD,CL,1
TD,CN,1
TD,CO,1
TD,CZ,1
TD,DK,1
TD,EE,1
TD,EG,1
TD,ET,1
TD,FI,1
TD,GA,1
TD,GB,1
TD,GE,1
TD,GM,1
TD,GR,1
TD,GT,1
TD,HK,1
TD,HR,1
TD,HU,1
TD,ID,1
TD,IN,1
TD,IS,1
TD,KH,1
TD,KR,1
TD,MX,1
TD,NL,1
TD,RO,1
TD,SE,1
TD,TG,1
TD,US,1
TG,AF,1
TG,BD,1
TG,BF,1
TG,CA,1
TG,CD,1
TG,CM,1
TG,ET,1
TG,HK,1
TG,HT,1
TG,ID,1
TG,MA,1
TG,NG,1
TG,RW,1
TG,SN,1
TG,TD,1
TG,TR,1
TN,AL,1
TN,AS,1
TN,BY,1
TN,CM,1
TN,CR,1
TN,CU,1
TN,GE,1
TN,GF,1
TN,KH,1
TN,LK,1
TN,MD,1
TN,ML,1
TN,MO,1
TN,MZ,1
TN,PG,1
TN,PR,1
TN,RW,1
TN,SC,1
TN,SN,1
TN,SS,1
TN,ST,1
TN,UY,1
TN,VE,1
TN,WS,1
TN,ZM,1
TN,ZW,1
TZ,AF,1
TZ,AG,1
TZ,AL,1
TZ,BB,1
TZ,BH,1
TZ,BI,1
TZ,BJ,1
TZ,BS,1
TZ,BZ,1
TZ,CF,1
TZ,CI,1
TZ,CR,1
TZ,CU,1
TZ,CV,1
TZ,DZ,1
TZ,EE,1
TZ,GE,1
TZ,GN,1
TZ,HN,1
TZ,IR,1
TZ,KN,1
TZ,KW,1
TZ,KY,1
TZ,KZ,1
TZ,LK,1
TZ,LU,1
TZ,LV,1
TZ,NE,1
TZ,PG,1
TZ,PS,1
TZ,RE,1
TZ,SC,1
TZ,SL,1
TZ,SN,1
TZ,ST,1
TZ,VI,1
UG,AF,1
UG,AL,1
UG,BF,1
UG,BI,1
UG,BO,1
UG,BZ,1
UG,CU,1
UG,DM,1
UG,DZ,1
UG,EE,1
UG,GF,1
UG,GN,1
UG,HN,1
UG,IS,1
UG,JM,1
UG,KG,1
UG,LR,1
UG,LU,1
UG,MD,1
UG,MG,1
UG,ML,1
UG,MM,1
UG,MN,1
UG,PA,1
UG,PS,1
UG,SL,1
UG,SO,1
UG,UA,1
UG,UY,1
UG,XK,1
UG,YE,1
ZA,BB,1
ZA,BH,1
ZA,BI,1
ZA,BN,1
ZA,BZ,1
ZA,CV,1
ZA,FK,1
ZA,GI,1
ZA,GW,1
ZA,HT,1
ZA,JE,1
ZA,KG,1
ZA,KN,1
ZA,KY,1
ZA,LA,1
ZA,MD,1
ZA,ML,1
ZA,MR,1
ZA,PF,1
ZA,PG,1
ZA,PR,1
ZA,SL,1
ZA,SZ,1
ZA,TJ,1
ZA,WS,1
ZM,AF,1
ZM,AS,1
ZM,BN,1
ZM,BS,1
ZM,BZ,1
ZM,CD,1
ZM,CI,1
ZM,CU,1
ZM,DO,1
ZM,FJ,1
ZM,GL,1
ZM,GN,1
ZM,GR,1
ZM,HN,1
ZM,JM,1
ZM,LB,1
ZM,LK,1
ZM,LV,1
ZM,MA,1
ZM,MK,1
ZM,ML,1
ZM,MM,1
ZM,PA,1
ZM,QA,1
ZM,SI,1
ZM,SL,1
ZM,SO,1
ZM,TN,1
ZM,UY,1
ZM,VE,1
ZW,AF,1
ZW,AT,1
ZW,BA,1
ZW,BB,1
ZW,BF,1
ZW,BJ,1
ZW,CD,1
ZW,EC,1
ZW,FI,1
ZW,GM,1
ZW,GN,1
ZW,GR,1
ZW,GT,1
ZW,GY,1
ZW,HK,1
ZW,IL,1
ZW,JO,1
ZW,KG,1
ZW,KZ,1
ZW,MA,1
ZW,MO,1
ZW,NA,1
ZW,NZ,1
ZW,PE,1
ZW,PS,1
ZW,RS,1
ZW,SN,1
ZW,TN,1
ZW,TW,1
ZW,UA,1
ZW,UZ,1
