name,inst_id,country_code,type
Abia State University,I100352790,NG,education
Abiola Ajimobi Technical University Ibadan,I4210161785,NG,education
ABM University College,I4210130625,BW,education
Abrar Research and Training Centre (ARACHTI),I4405266575,SO,education
Abrar University,I4210140896,SO,education
Abubakar Tafawa Balewa University,I169864488,NG,education
Academic City College University,I4210134055,GH,education
Academic University,I1328943360,RU,education
Académie des Beaux-Arts,I4210131124,BE,education
Academy of Arts,I1322597698,NL,government
Academy of Engineering Sciences,I2800664390,SE,education
Accra Institute of Technology,I3129459759,GH,education
Accra Technical University,I24835296,GH,education
Achievers University,I3130155654,NG,education
Adama Hospital Medical College,I4405261048,ET,education
Adama Science and Technology University,I865572129,ET,education
Adamawa State University,I106980716,NG,education
Addis Ababa Science and Technology University,I4210129636,ET,education
Addis Ababa University,I4537092,ET,education
Adekunle Ajasin University,I28653996,NG,education
Adeleke University,I2799835767,NG,education
Adigrat University,I3132429795,ET,education
Admas University,I4210121139,SO,education
Admiralty University of Nigeria,I4405255364,NG,education
Adventist University Cosendai,I4210155196,CM,education
Adventist University of Africa,I2799887408,KE,education
Adventist University of Central Africa,I3132105718,RW,education
Adwa-Pan African University,I4210155251,ET,education
Afe Babalola University,I29787537,NG,education
Africa Health Sciences University,I2802393258,ZA,education
Africa International University,I2800483928,KE,education
Africa Nazarene University,I4210165634,KE,education
Africa University,I165390105,ZA,education
African Bible University,I4210110684,UG,education
African Institute for Mathematical Sciences,I148561064,ZA,education
African Institute of Science and Technology,I2799873615,NG,education
African Leadership Institute,I4210121797,ZA,education
African Leadership University,I4405266581,RW,education
African Methodist Episcopal University,I4210113241,LR,education
African Regional Institute for Geospatial Information Science and Technology,I4405259820,NG,education
African Rural University,I3132520537,UG,education
African University College of Communications,I2803027104,GH,education
African Virtual University,I2801972722,KE,education
Afro-American University of Central Africa,I4405258014,GQ,education
Afya na Haki Institute,I4403928187,UG,education
Aga Khan University,I118185606,PK,education
Aga Khan University Nairobi,I4210108070,KE,education
Agenla Academy,I4405260173,CM,education
Agitel-Formation,I4210098501,CI,education
Agostinho Neto University,I3131883934,AO,education
Ahfad University for Women,I53279716,SD,education
Ahmadu Bello University,I12789410,NG,education
Ahmed Draia University,I22223346,DZ,education
Ahmed Zabana University - Relizane,I4210153799,DZ,education
Ahram Canadian University,I61869032,EG,education
AIMS Research and Innovation Centre,I4405261291,RW,education
Ain Shams University,I107720978,EG,education
Air Force Institute of Technology Kaduna,I4405252852,NG,education
Ajayi Crowther University,I37490319,NG,education
Akademia,I99542240,PL,government
Akademie Reformatoriese Opleiding en Studies,I4210137511,ZA,education
Akhbar El Yom Academy,I4210127704,EG,education
Akobo Heritage and Memorial University,I4210167020,SS,education
"Akrofi-Christaller Institute of Theology, Mission and Culture",I4210123141,GH,education
Aksum University,I78545622,ET,education
Akwa Ibom State College Of Education,I4405264861,NG,education
Akwa Ibom State University,I127206278,NG,education
Al Akhawayn University,I47844,MA,education
Al Fashir University,I3133329336,SD,education
Al Hayah University in Cairo,I4405259928,EG,education
Al Hayat Medical University,I4405266414,SO,education
Al Salam University,I4405262992,EG,education
Al Zawiya University,I3130915990,LY,education
Al-Ahram Center for Political and Strategic Studies,I3129681422,EG,education
Al-Arab Medical University,I149840157,LY,education
Al-Azhar University,I184834183,EG,education
Al-Hikmah University,I3131979588,NG,education
Al-Neelain University,I224517680,SD,education
Al-Qalam University Katsina,I4210147342,NG,education
AlAlamein International University,I4210090507,EG,education
Alan J Flisher Centre for Public Mental Health,I4405266407,ZA,education
Alasmarya Islamic University,I3132692309,LY,education
Alexandria Higher Institute of Engineering and Technology,I3129754710,EG,education
Alexandria National University,I4405259617,EG,education
Alexandria University,I84524832,EG,education
AlJafara University,I4405264345,LY,education
All Nations University,I2800493640,GH,education
All Saints University Lango,I4210159855,UG,education
AlMughtaribeen University,I3129211915,SD,education
Alupe University,I4405256813,KE,education
"Alvan Ikoku Federal University of Education, Owerri",I4405254148,NG,education
Alzaiem Alazhari University,I181933706,SD,education
Ambo University,I4210114632,ET,education
Ambrose Alli University,I54231130,NG,education
American International School in Egypt,I3130258093,EG,education
American International University West Africa,I4210135199,GM,education
American University in Cairo,I80693520,EG,education
American University of Nigeria,I65734018,NG,education
Amoud University,I3129592236,SO,education
Amref International University,I4405263046,KE,education
Anglican University College of Technology,I4405261401,GH,education
Ankole Western University,I4210091427,UG,education
"Arab Academy for Management, Banking and Financial Sciences",I4210132729,EG,education
"Arab Academy for Science, Technology, and Maritime Transport",I59272784,EG,education
Arab Open University,I124391630,OM,education
Arab Studies and Research Institute,I4210129615,EG,education
Arba Minch University,I42869670,ET,education
Arbaminch College of Education,I4405265965,ET,education
Ardhi University,I140534913,TZ,education
Arish University,I4210122761,EG,education
Armed Forces College of Medicine,I4210127717,EG,education
Arrupe Jesuit University,I4210101443,ZW,education
Arthur Jarvis University,I4405263049,NG,education
Ashesi University,I4210117796,GH,education
Asossa University,I4210122757,ET,education
Assiut University,I91041137,EG,education
Assiut University Hospitals,I4210123884,EG,education
Aswan University,I86310350,EG,education
Atiba University,I4405253822,NG,education
Atlantic African Oriental Multicultural University International,I4405260557,CF,education
Auchi Polytechnic,I4210154431,NG,education
"Augustine University, Ilara",I4405259080,NG,education
Azzaytuna University,I4405258300,LY,education
Ba Isago University,I4405261080,BW,education
Babcock University,I30887324,NG,education
Badji Mokhtar-Annaba University,I108754898,DZ,education
Badr University in Cairo,I4210151980,EG,education
Bahir Dar University,I57092466,ET,education
Bamenda University of Science and Technology,I4210087472,CM,education
"Bamidele Olumilua University of Education, Science and Technology",I4405256297,NG,education
Bani-Waleed University,I4405253782,LY,education
"Baptist College of Theology, Obinze",I4405257947,NG,education
Baptist Theological College of Southern Africa,I2801387305,ZA,education
Bayan University,I3129370870,SD,education
Bayelsa Medical University,I4405257310,NG,education
Bayero University Kano,I919958821,NG,education
Baze University,I3132818693,NG,education
Bel Campus Technological University,I4210153062,CD,education
Bells University of Technology,I136632592,NG,education
Benadir University,I3129284699,SO,education
Benghazi Military University Academy,I4210150211,LY,education
Benha National University,I4405258936,EG,education
Benha University,I207547235,EG,education
Beni American University,I4210111684,NG,education
Beni-Suef University,I113643904,EG,education
Benson Idahosa University,I171217772,NG,education
Benue State University,I187152970,NG,education
Biaka University Institute of Buea,I4405260339,CM,education
Bindura University of Science Education,I177651648,ZW,education
Bingham University,I201292520,NG,education
Binyaminu Usman Polytechnic,I4405260568,NG,education
Bishop Stuart University,I3131279189,UG,education
Blue Nile University,I4210108437,SD,education
BlueCrest University College,I4210127722,GH,education
Boitekanelo College,I4405261293,BW,education
Bomet University College,I4387153060,KE,education
Borana University,I4405264926,ET,education
Botho University,I309707301,BW,education
Botswana Accountancy College,I2800581689,BW,education
Botswana International University of Science and Technology,I216286881,BW,education
Botswana Open University,I4210111441,BW,education
Botswana University of Agriculture and Natural Resources,I4399598453,BW,education
Bowen University,I200433483,NG,education
Bridge University,I4210096386,SS,education
Brighton International University,I4210166320,SN,education
British University in Egypt,I154023281,EG,education
Bugema University,I3132458453,UG,education
Bujumbura Christian University,I4405259374,BI,education
Bukalasa Agricultural College,I4405266298,UG,education
Bule Hora University,I4210124021,ET,education
Burao University,I4210087577,SO,education
Busitema University,I287756978,UG,education
Busoga University,I4210142055,UG,education
Cadi Ayyad University,I119856527,MA,education
Cairo Higher Institute,I4210140988,EG,education
Cairo University,I145487455,EG,education
Caleb University,I280533721,NG,education
Cameroon Field Epidemiology Training Programme,I4405262979,CM,education
Canadian International College,I4210122785,EG,education
Cape Coast Technical University,I206509152,GH,education
Cape Peninsula University of Technology,I159253421,ZA,education
Cape Town Baptist Seminary,I4405265890,ZA,education
Cape Town Creative Academy,I4405255440,ZA,education
"Captain Elechi Amadi Polytechnic, Rumuola",I4405258506,NG,education
Caritas University,I3131829890,NG,education
Carnegie Mellon University Africa,I4210130200,RW,education
Catholic University College of Ghana,I192535658,GH,education
Catholic University Institute of Buea,I4210154964,CM,education
Catholic University of Angola,I4210155522,AO,education
Catholic University of Cameroon,I251854046,CM,education
Catholic University of Central Africa,I4210141093,CM,education
Catholic University of Eastern Africa,I82889322,KE,education
Catholic University of Health and Allied Sciences,I273065767,TZ,education
Catholic University of Kabgayi,I4210144434,RW,education
Catholic University of Madagascar,I4210103367,MG,education
Catholic University of Mozambique,I319786031,MZ,education
Catholic University of South Sudan,I4210156635,SS,education
Catholic University of West Africa,I4210152980,BJ,education
Catholic University of Zimbabwe,I4210149345,ZW,education
Cavendish University Uganda,I3130796309,UG,education
Cavendish University Zambia,I2799418772,ZM,education
Center for Research in Islamic Sciences and Civilization,I4405263625,DZ,education
Center of Research in Mechanics,I4405254307,DZ,education
Central University,I22265921,TW,education
Central University of Technology,I110603874,ZA,education
Centre Africain d'Études Supérieures en Gestion,I4210140978,SN,education
Centre d'Intelligence Artificielle et de Robotique du Mali,I4405259455,ML,education
Centre de Recherche en Aménagement du Territoire,I4405255456,DZ,education
"Centre for Mathematics, Science and Technology Education in Africa",I4405266622,KE,education
Centre Universitaire de Labé,I4210097318,GN,education
Centre Universitaire de Mila,I4210155582,DZ,education
Centre Universitaire Morsli Abdellah de Tipaza,I4405252898,DZ,education
Centre Universitaire Nour Bachir El Bayadh,I4210127484,DZ,education
Centro Nacional de Artesanato,I4405262752,CV,education
Chadli Bendjedid El Tarf University,I4405255384,DZ,education
Chalimbana University,I4405258622,ZM,education
Chartered Institute of Marketing Ghana,I4210141701,GH,education
Cheikh Anta Diop University,I96840727,SN,education
Chinhoyi University of Technology,I121645547,ZW,education
Chouaib Doukkali University,I4210125507,MA,education
Chrisland University,I4405253191,NG,education
Christian Bilingual University of Congo,I4210086733,CD,education
Christian Service University College,I2802427971,GH,education
Chuka University,I3132944300,KE,education
Chukwuemeka Odumegwu Ojukwu University,I121708413,NG,education
"Chukwuemeka Odumegwu Ojukwu University, Igbariam Campus",I4405259477,NG,education
Claretian University of Nigeria,I4405258325,NG,education
Clarke International University,I4210120173,UG,education
College of African Wildlife Management,I3129551310,TZ,education
College of Agriculture Science and Technology,I4210143625,IN,education
College of Business Education,I4210161264,TZ,education
"College of Education, Akwanga",I4405260319,NG,education
College of Electrical and Electronics Technology,I4405264338,LY,education
College of Science and Technology - University of Rwanda,I4405266314,RW,education
"College of Technical Science, Bani Walid",I4405261331,LY,education
College of Technical Sciences Derna,I4405257988,LY,education
Colleges of Medicine of South Africa,I2799983529,ZA,education
Comprehensive Autism and related Disabilities Education and Training,I4210094847,NG,education
"Confluence University of Science and Technology, Osara",I4405259310,NG,education
Copperbelt University,I32284924,ZM,education
Copperstone University,I4210087798,ZM,education
Corona College of Education,I4405258823,NG,education
Covenant University,I186771145,NG,education
Cranefield College,I4210097695,ZA,education
Crawford University,I3131076172,NG,education
Crescent University,I172614708,NG,education
Cuttington University,I3132763504,LR,education
D.S. Adegbenro ICT Polytechnic,I4405260115,NG,education
Da Vinci Institute,I4210104267,ZA,education
Dalanj University,I4210113743,SD,education
Dale Kietzman University,I4405259479,CM,education
Damanhour University,I169744251,EG,education
Damelin,I3130154354,ZA,education
Damietta University,I126427551,EG,education
Dar es Salaam Institute of Technology,I195608997,TZ,education
David Umahi Federal University of Health Sciences Uburu,I4405255170,NG,education
Daystar University,I44288286,KE,education
Debark University,I4210124803,ET,education
Debre Berhan University,I1282700336,ET,education
Debre Markos University,I916065895,ET,education
Debre Tabor University,I4210117424,ET,education
Dedan Kimathi University of Technology,I344018163,KE,education
"Delta State College of Education, Mosogar",I4405259924,NG,education
Delta State Polytechnic Ogwashi-Uku,I2802029997,NG,education
Dominion University College,I4210092569,GH,education
"Dominion University, Ibadan",I4405260474,NG,education
Dr. Hilla Limann Technical University,I4399657967,GH,education
Durban University of Technology,I177181097,ZA,education
East Africa Star University,I4405258526,BI,education
East Africa University,I4210153503,SO,education
East African University,I4210147335,KE,education
Eastern Africa Statistical Training Centre,I4405261030,TZ,education
Eastern and Southern African Management Institute,I3130103452,TZ,education
Eastern Technical University of Sierra Leone,I4405258066,SL,education
Ebonyi State University,I96009557,NG,education
Eckernforde Tanga University,I3129563930,TZ,education
École Africaine de la Météorologie et de l'Aviation Civile,I4210126159,NE,education
École Africaine des Métiers de l'Architecture et de l'Urbanisme,I4210136852,TG,education
Ecole Centrale Casablanca,I4387153621,MA,education
École d'Architecture de Casablanca,I4210128415,MA,education
"École d'Informatique, d'Électronique et d'Expertise Comptable",I4210151220,CD,education
École de Formation aux Carrières de Santé,I4210111056,MA,education
École de Gouvernance et d'Économie de Rabat,I4210162801,MA,education
Ecole de santé publique de Kinshasa,I4405259637,CD,education
École des Cadres,I4210108776,TG,education
École des Hautes Études Commerciales,I4210146550,DZ,education
École des Hautes Études Commerciales Techniques et Informatiques,I4210121488,MA,education
École des Hautes Études de Biotechnologie et de Santé,I4210114581,MA,education
École des Hautes Études Économiques et Commerciales,I4210157758,MA,education
École des Hautes Études en Ingénierie des Systèmes d'Information,I4210152110,MA,education
École des Sciences de I'information,I4210149368,MA,education
École Inter-États des Sciences et Médecine Vétérinaires de Dakar,I4210120110,SN,education
École Marocaine de Banque et de Commerce International,I4210158643,MA,education
École Marocaine des Sciences de l'Ingénieur,I4210113095,MA,education
Ecole Mohammadia d'Ingénieurs,I127336678,MA,education
Ecole Nationale d'Administration,I4405259365,CD,education
École Nationale d'Administration,I31571312,CA,education
École Nationale d'Administration de Madagascar,I4210124128,MG,education
École Nationale d'Administration et de Magistrature,I4210125146,CM,education
École Nationale d'Agriculture de Meknès,I4210142313,MA,education
École Nationale d'Ingénieurs de Gabès,I4210106624,TN,education
École Nationale de Commerce et de Gestion de Tanger,I4210132137,MA,education
École Nationale de Management et de l'Administration de la Santé,I4210107806,DZ,education
École Nationale Polytechnique d'Oran,I4210110082,DZ,education
Ecole Nationale Polytechnique de Constantine,I4405253128,DZ,education
"Ecole Nationale Supérieur des Télécommunications et des Technologies de l’Information et de la Communication, Abdelhafid Boussouf",I4210116811,DZ,education
École Nationale Supérieure Agronomique,I4210131653,FR,education
École Nationale Supérieure d'Agriculture,I4210130155,SN,education
École Nationale Supérieure d'Hydraulique,I4210141118,DZ,education
École Nationale Supérieure d'Informatique,I4210149016,DZ,education
Ecole Nationale Supérieure de Biotechnologie Taoufik Khaznadar,I4405255789,DZ,education
École Nationale Supérieure de l'Administration,I4210160877,MA,education
Ecole Nationale Supérieure de Sciences Politiques,I4405261793,DZ,education
École Nationale Supérieure de Statistique et d'Économie Appliquée,I4210116621,CI,education
École Nationale Supérieure de Technologie,I4210151183,DZ,education
Ecole Nationale Supérieure des Sciences de la Mer et de l'Aménagement du Littoral,I4210143099,DZ,education
Ecole Nationale Supérieure des Technologies Avancées,I4405259037,DZ,education
École Nationale Supérieure Maritime,I4210145950,FR,education
École Nationale Supérieure Polytechnique de Yaoundé,I4405261900,CM,education
École Normale d'Administration,I4405261224,BI,education
École Normale Supérieure,I29607241,FR,other
École Normale Supérieure - Marrakech,I4210109889,MA,education
École Normale Supérieure Casablanca,I4210087544,MA,education
École Normale Supérieure d'Abidjan,I4210153303,CI,education
Ecole Normale Supérieure d'Oran,I4405265479,DZ,education
École Normale Supérieure de Bou Saada,I4405253935,DZ,education
École Normale Supérieure de Bouzareah Alger,I4210162380,DZ,education
École Normale Supérieure de Constantine,I4210131710,DZ,education
École Normale Supérieure de Fès,I4405263140,MA,education
École Normale Supérieure de Kouba,I4210133935,DZ,education
École Normale Supérieure de l'Enseignement Technique de Mohammedia,I4210121980,MA,education
École Normale Supérieure de Mostaganem,I4405264004,DZ,education
École Normale Supérieure de Nouakchott,I4210123084,MR,education
École Normale Supérieure de Saida,I4405266436,DZ,education
École Normale Supérieure de Sétif,I4405258354,DZ,education
École Normale Supérieure de Tétouan,I4210157007,MA,education
Ecole Normale Supérieure of Laghouat,I4405252934,DZ,education
École Polytechnique d'Architecture et d'Urbanisme,I4210121355,DZ,education
École Polytechnique de Thiès,I4210151598,SN,education
École Polyvalente Supérieure d'Informatique et d'Électronique,I4210165873,MA,education
École Royale de l'Air de Marrakech,I4210167216,MA,education
École Royale Navale,I4210165748,MA,education
École Supérieure Algérienne des Affaires,I4210134620,DZ,education
Ecole Supérieure d'Agronomie Mostaganem,I4391767903,DZ,education
École Supérieure d'Architecture d'Intérieur,I4210132445,MA,education
École Supérieure d'Informatique Appliquée,I4210166634,MA,education
École Supérieure d'Informatique Appliquée à la Gestion,I4210136946,MA,education
École Supérieure d'Informatique et de Management des Affaires,I4210128639,MA,education
École Supérieure de Banque,I4210133014,DZ,education
École Supérieure de Commerce,I92834545,FR,education
École Supérieure de Communication et de Publicité,I4210113278,MA,education
École Supérieure de Design et des Arts Visuels,I4210105638,MA,education
École Supérieure de Génie Civil Véréchaguine AK,I4405260179,BJ,education
École Supérieure de Gestion,I4210122636,MA,education
École Supérieure de Gestion et des Sciences de l'Informatique,I4210122636,MA,education
École Supérieure de la Magistrature,I4210100017,DZ,education
École Supérieure de la Sécurité Sociale,I4405261690,DZ,education
École Supérieure de Management,I4210148686,MA,education
École Supérieure de Management Appliqué,I4210143618,MA,education
École Supérieure de Psychologie,I4210113843,MA,education
École Supérieure des Études Administratives et Commerciales,I4210106046,TN,education
École Supérieure des Industries du Textile et de l'Habillement,I4210117880,MA,education
École Supérieure des Ingénieurs de l'Équipement Rural,I4210134946,TN,education
"École Supérieure des Multimédia, Informatique & Réseaux",I4210087104,MA,education
École Supérieure des Sciences de l'Ingénierie Commerciale,I4210144919,MA,education
École Supérieure des Télécommunications,I4210102205,MA,education
École Supérieure en Informatique de Sidi Bel Abbes,I4405257191,DZ,education
Ecole supérieure en science et technologies de l'informatique et du numérique,I4391012564,DZ,education
École Supérieure en Sciences Appliquées de Tlemcen,I4210136442,DZ,education
École Supérieure Internationale de Gestion,I4210149562,MA,education
École Supérieure Multinationale des Télécommunications,I4210102508,SN,education
École supérieure polytechnique d'Antananarivo,I4405261264,MG,education
École Supérieure Polytechnique d'Antsiranana,I4210147653,MG,education
École Supérieure Privée d'Ingénierie et de Technologies,I4210112335,TN,education
École Supérieure Vinci,I4210101071,MA,education
Eden University,I4405256428,ZM,education
Edexcel University,I4210124049,BJ,education
Edna Adan University,I4210146631,SO,healthcare
Edo State University Uzairue,I4210149225,NG,education
Eduardo Mondlane University,I16904388,MZ,education
Education for All Campaign Network,I4405262501,GM,education
Eduvos,I4405257722,ZA,education
Edwin Clark University,I4210093552,NG,education
Egerton University,I195931504,KE,education
Egypt-Japan University of Science and Technology,I32619867,EG,education
Egyptian Aviation Academy,I4210147990,EG,education
Egyptian Chinese University,I4405264406,EG,education
Egyptian College of Critical Care Physicians,I4210110768,EG,education
Egyptian e-Learning University,I2801005815,EG,education
Egyptian Institute of Alexandria Academy for Administration & Accounting,I4210136155,EG,education
Egyptian Russian University,I67337280,EG,education
Egyptian Universities Network,I4210125922,EG,education
Ekiti State University,I13144388,NG,education
El Asher University,I2800746572,EG,education
El Shorouk Academy,I27367753,EG,education
Elizade University,I3132355903,NG,education
Elsahel Teaching Hospital Cairo Egypt,I4405262271,EG,education
ElSewedy University of Technology,I4405257719,EG,education
Elsheikh Abdallah Elbadri University,I4387154848,SD,education
Emir Abdelkader University of Islamic Sciences,I4210132801,DZ,education
"Emmanuel Alayande University of Education, Oyo",I4405254776,NG,education
Enieg Oxford University Institute,I4405258591,CM,education
ENSIT,I4405254846,TN,education
Enugu State University of Science and Technology,I131561025,NG,education
Equator University of Science and Technology,I4405257387,UG,education
Ernest Cook University,I4405259962,UG,education
ESCA Ecole de Management,I4210161322,MA,education
Escola Superior de Jornalismo,I4210095136,MZ,education
Escola Superior Pedagógica do Cuanza Norte,I4405255509,AO,education
ESEP-LE BERGER University,I4210136036,BJ,education
Espam Formation University,I4210100249,BJ,education
Établissement Dar El Hadith El Hassania,I4210116093,MA,education
Ethiopian Civil Service University,I4210088351,ET,education
Ethiopian Defence University,I4210147662,ET,education
Ethiopian Institute of Agricultural Research,I49595703,ET,education
Ethiopian Institute of Water Resources,I4387155736,ET,education
Ethiopian Police University College,I2801867916,ET,education
Euclid University,I2800907438,GM,education
Euro-Mediterranean University of Fes,I4210139255,MA,education
Evangelical Presbyterian University College,I2891818910,GH,education
Evelyn Hone College,I4210110204,ZM,education
Evolutionary Engineering & Distributed Information Systems Laboratory,I4405255857,DZ,education
Examinations Council of Zambia,I4405260477,ZM,education
Experiential Higher Institute of Science and Technology (EXHIST),I4405258056,CM,education
Ez-Zitouna University,I3131082147,TN,education
Faculty of Economics and Management of Sfax,I4405255911,TN,education
Faculty of Sciences of Sfax,I4405252705,TN,education
Fairland University,I4210151226,UG,education
Fayoum University,I66513531,EG,education
FCT College of Education,I4210086517,NG,education
Federal College of Agrioculture Ishiagu,I4405263005,NG,education
Federal College of Animal Health and Production Technology Ibadan,I4405255598,NG,education
Federal College of Education (Technical) Asaba,I4405254773,NG,education
Federal College of Education (Technical) Bichi,I4405253362,NG,education
Federal College of Education (Technical) Ekiadolor,I4405266160,NG,education
Federal College of Education Gidan Madi,I4405263068,NG,education
"Federal College of Education, Eha-Amufu",I4405255394,NG,education
"Federal College of Education, Iwo",I4387153594,NG,education
"Federal College of Education, Kano",I4210097403,NG,education
Federal College of Fisheries and Marine Technology,I2799941459,NG,education
Federal College of Medical Laboratory Science and Technology,I4405257393,NG,education
Federal Institute of Industrial Research Oshodi,I4210159071,NG,education
Federal Polytechnic Ayede,I4405260554,NG,education
Federal Polytechnic Damaturu,I4405261249,NG,education
Federal Polytechnic Ede,I4210128877,NG,education
Federal Polytechnic Kabo,I4405263537,NG,education
Federal Polytechnic Nekede,I4210126124,NG,education
Federal Polytechnic Ohodo,I4405257199,NG,education
Federal Polytechnic Oko,I4210095568,NG,education
Federal Polytechnic Orogun,I4405257058,NG,education
Federal Polytechnic Wannune,I4405256895,NG,education
"Federal Polytechnic, Ile-Oluji, Ondo State",I4405254306,NG,education
"Federal Polytechnic, Ukana",I4405261745,NG,education
"Federal School of Surveying, Oyo",I4405265518,NG,education
Federal University Birnin Kebbi,I2801684251,NG,education
Federal University Gashua,I4405257910,NG,education
Federal University Kashere,I4210148832,NG,education
Federal University Lafia,I2800437794,NG,education
Federal University Lokoja,I2800190170,NG,education
Federal University of Agriculture,I18045400,NG,education
Federal University of Agriculture Zuru,I4405254079,NG,education
"Federal University of Allied Health Sciences, Enugu",I4405260661,NG,education
"Federal University of Health Sciences, Ila-Orangun",I4405252860,NG,education
"Federal University of Health Sciences, Otukpo",I4405256319,NG,education
Federal University of Petroleum Resource Effurun,I891860020,NG,education
Federal University of Technology,I180664298,NG,education
Federal University of Technology Ikot Abasi,I4405259366,NG,education
Federal University of Technology Minna,I76661892,NG,education
Federal University of Technology Owerri,I16443873,NG,education
"Federal University of Technology, Babura",I4405253586,NG,education
Federal University Otuoke,I2799775433,NG,education
Federal University Oye Ekiti,I43427933,NG,education
Fezzan University,I4405255308,LY,education
Fins Medical University,I4210126313,UG,education
Fisheries Education and Training Agency,I4405255388,TZ,education
FOMIC Polytechnic University Institute,I4405258116,CM,education
Fountain University,I123698207,NG,education
Freetown Polytechnic,I4405261711,SL,education
French University of Egypt,I50050410,EG,education
Future Academy,I4210156809,EG,education
Future University in Egypt,I186217134,EG,education
Gaborone University College Of Law and Professional Studies,I4210089181,BW,education
Gadarif University,I60286554,SD,education
Gamal Abdel Nasser University of Conakry,I4210092501,GN,education
Gambia National Library Service Authority,I4405262934,GM,education
Garden City University College,I91465866,GH,education
Gateway ICT Polytechnic Saapade,I4405260666,NG,education
German International University,I4405266782,EG,education
German University in Cairo,I96823368,EG,education
Ghana Armed Forces Command and Staff College,I4210142783,GH,education
Ghana Baptist University College,I3132997995,GH,education
Ghana Christian University College,I4210120882,GH,education
Ghana College of Physicians and Surgeons,I4210129436,GH,education
Ghana Communication Technology University,I898088062,GH,education
Ghana Institute of Languages,I3132519419,GH,education
Ghana Institute of Management and Public Administration,I56822791,GH,education
Giza Engineering Institute,I4405253815,EG,education
Global Centre for Academic Research,I4405260214,ZA,education
Global Wealth University,I4405264475,TG,education
Glorious Vision University,I3130112746,NG,education
Godfrey Okoye University,I3131422684,NG,education
Gollis University,I3129810703,SO,education
Gombe State College of Health Sciences and Technology Kaltungo,I4405253428,NG,education
Gombe State University,I876237426,NG,education
Great Lakes University of Kisumu,I907303451,KE,education
Great Zimbabwe University,I117467261,ZW,education
Green Hope University,I4405263428,SO,education
Greenfield University,I4405266775,NG,education
Greenside Design Center College of Design,I4210125801,ZA,education
Gregory University Uturu,I4210160143,NG,education
Gretsa University,I3130706911,KE,education
Groupe AFI,I4210102561,SN,education
Groupe École Supérieure de Commerce de Dakar,I4210153708,SN,education
Groupe Institut des Hautes Études Économiques et Sociales,I4210105111,MA,education
Gulu University,I133388076,UG,education
Gwanda State University,I3132732495,ZW,education
Gweru Polytechnic Institute,I4210096293,ZW,education
Haramaya University,I153487414,ET,education
Harare Institute of Technology,I173434221,ZW,education
Hassan Usman Katsina Polytechnic,I3130709561,NG,education
Hassania School of Public Works,I75880681,MA,education
Hassiba Benbouali University of Chlef,I4210164694,DZ,education
Haute École de Commerce et de Management,I4210141539,BJ,education
Hautes Études Chrétiennes de Management et de Mathématiques Appliquées,I4210091557,MG,education
Hawassa University,I193649603,ET,education
Health International Private University,I4210145742,TN,education
Hebron Theological College,I4210166538,ZA,education
Helderberg College,I2801433745,ZA,education
Heliopolis University,I3130228804,EG,education
Helix Biogen Institute,I4405263704,NG,education
Helwan University,I84058292,EG,education
Hensard University,I4405259878,NG,education
Heritage Christian University,I263341422,US,education
Heritage Polytechnic,I4405264009,NG,education
HIBMAT University Institute of Buea,I4405258473,CM,education
High Institute For Computers and Management Information Systems,I4210158144,EG,education
High Institute for Management Sciences,I4210139959,EG,education
High Institute of Management and Entrepreneurship,I4210090543,CM,education
High-Tech Rabat-Agdal,I4210137934,MA,education
Higher Institute for Qualitative Studies,I4210152378,EG,education
"Higher Institute for Tourism, Hotels and Computer",I4210129808,EG,education
Higher Institute of Advanced Studies,I4210092288,EG,education
Higher Institute of Applied Arts,I4210156448,EG,education
Higher Institute of Computer Science and Management Technology,I4210166287,EG,education
Higher Institute of Engineering,I4210120363,EG,education
"Higher Institute of Engineering and Technology, Kafrelsheikh",I4405258352,EG,education
Higher Institute of Engineering Technologies Tripoli,I4405265941,LY,education
Higher Institute of Food Industries of Tunis,I4210099641,TN,education
Higher Institute of Islamic Studies,I4210105489,EG,education
Higher Institute of Medical Sciences and Technologies,I4405260816,LY,education
"Higher Institute of Mining, Industry and Geology",I4210103479,NE,education
Higher Institute of Science and Technology Tajoura,I4405259189,LY,education
"Higher Institute of Science and Technology, Qaser Bin Ghashir, Libya",I4405266692,LY,education
Higher Institute of Social Service,I4210105102,EG,education
Higher Knowledge Institute of Languages ​​and Translation,I4210152084,EG,education
"Higher National School of Renewable Energies, Environment & Sustainable Development",I4405256489,DZ,education
Higher National Veterinary School,I3133097027,DZ,education
Higher School of Management of Tlemcen,I4405254071,DZ,education
Higher School of Saharan Agriculture - El Oued,I4405258179,DZ,education
Higher Technological Institute,I160419504,EG,education
"Higher Technological Institute, 6th of October City",I4405256362,EG,education
Hillside Teachers' College,I4405262561,ZW,education
Ho Technical University,I2803198,GH,education
Hope Africa University,I165390105,ZA,education
Hope University,I44852757,GB,education
Hormuud University,I4210110003,SO,education
Horseed International University,I4210097056,SO,education
Hubert Kairuki Memorial University,I95541853,TZ,education
Hussaini Adamu Federal Polytechnic,I4405258719,NG,education
Hypatia of Alexandria Institute for Reflexion and Studies,I4210089085,MA,education
Ibrahim Badamasi Babangida University,I4210151986,NG,education
IGAD Sheikh Technical Veterinary School and Reference Centre,I4210123672,SO,education
Igbinedion University,I87477611,NG,education
IIE MSA,I35496013,ZA,education
IMM Graduate School of Marketing,I4210138007,ZA,education
Imo State Polytechnic Omuma,I4405258866,NG,education
Imo State University,I166934088,NG,education
"Indian Institute of Technology Madras, Zanzibar",I4405261081,TZ,education
INES-Ruhengeri,I4210125477,RW,education
Infonet College,I4210112864,ET,education
Information and Communications University,I4210119257,IQ,education
Injibara University,I4403386471,ET,education
Inoorero University,I3130811397,KE,education
Institut Africain d'Informatique,I4210110579,GA,education
Institut Agronomique et Vétérinaire Hassan II,I4210157616,MA,education
Institut des Hautes Études Bancaires et Financières,I4210110735,MA,education
"Institut des Hautes Études Bancaires, Financières et Managériale",I4210121692,MA,education
Institut des Hautes Études de Management,I4210145340,MA,education
Institut des Hautes Études de Tunis,I4210112794,TN,education
Institut Facultaire des sciences Agronomiques de Yangambi,I4405261141,CD,education
Institut Facultaire des Sciences de l'Information et de la Communication,I4210096875,CD,education
Institut International des Assurances,I4210139766,CM,education
Institut International des Sciences et de Technologie,I4210122153,SN,education
Institut Marocain de Management,I4210119614,MA,education
Institut National Agronomique de Tunisie,I4210130933,TN,education
Institut National de la Jeunesse et des Sports,I4210126988,CM,education
Institut National de la Poste et des Technologies de l'Information et de la Communication,I4210137645,DZ,education
Institut National de la Recherche Agronomique de Tunisie,I4210142661,TN,education
Institut National de sante publique,I4405260641,BI,education
Institut National de Statistique et d'Economie Appliquée,I4210114322,MA,education
Institut National des Postes et Télécommunications,I4210153527,MA,education
Institut National des Sciences de l'Archéologie et du Patrimoine,I4210162108,MA,education
Institut National du Bâtiment et des Travaux Publics,I4210160645,CD,education
Institut National Polytechnique Félix Houphouët-Boigny,I4210136418,CI,education
Institut National Supérieur des Sciences et Techniques d'Abéché,I4210130700,TD,education
Institut Panafricain pour le Développement Afrique Centrale,I4210087030,CM,education
Institut Pasteur de Bangui,I4210093986,CF,education
Institut Polytechnique Africain,I4405259478,BF,education
Institut Polytechnique Rural de Formation et de Recherche Appliquée,I4210090812,ML,education
Institut Préparatoire aux Études d'Ingénieurs de Monastir,I4210118693,TN,education
Institut PrépaVogt,I4210129438,CM,education
Institut Privé de Gestion Institut Supérieur de Technologie Industrielle,I4210109780,SN,education
Institut Royal de Formation des Cadres de la Jeunesse et des Sports,I4210118871,MA,education
Institut Sous-Régional de Statistique et d'Economie Appliquée,I4210129886,CM,education
Institut Supérieur Agronomique et Vétérinaire Valéry Giscard d'Estaing,I4210140008,GN,education
Institut Supérieur d'Études Maritimes,I4210098288,MA,education
Institut Supérieur d'Etudes Sociales,I4210165387,CD,education
Institut Supérieur d'Informatique et des Technologies de Communication de Hammam Sousse,I4405257713,TN,education
Institut Supérieur de Biotechnologie de Sfax,I4210111338,TN,education
Institut Supérieur de Commerce de Kinshasa,I4210139502,CD,education
Institut Supérieur de Commerce et d'Administration des Entreprises,I4210143075,MA,education
Institut Supérieur de comptabilité Audit et Finance,I4210127236,MA,education
Institut Supérieur de Développement Rural,I4210095543,CD,education
Institut supérieur de documentation,I4405257450,TN,education
Institut Supérieur de Formation à Distance,I4210126542,GN,education
Institut Supérieur de Formation en Technologie Alimentaire,I4210094475,MA,education
Institut Supérieur de Gestion,I4210140729,TN,education
Institut Supérieur de Gestion de Tunis,I4210140729,TN,education
Institut Supérieur de Gestion des Entreprises,I4210120680,BI,education
Institut Supérieur de l'Information et de la Communication,I4210154402,MA,education
Institut Supérieur de l'Informatique et de Gestion,I4210117767,BF,education
"Institut Supérieur de la Communication, des Affaires et du Management",I4210087116,MG,education
Institut supérieur de la Magistrature,I4210104004,MA,education
Institut Supérieur de Statistique de Lubumbashi,I4210128253,CD,education
Institut Supérieur de Statistiques de Kinshasa,I4210142193,CD,education
Institut Supérieur de Technique Médicale,I4210105117,CD,education
Institut Supérieur de Techniques Appliquées,I4405260287,CD,education
Institut Supérieur de Technologie d'Antananarivo,I4405253058,MG,education
Institut Supérieur de Technologie Médicale,I4210165095,CM,education
Institut Supérieur des Études Technologiques de Gafsa,I4210086032,TN,education
Institut Supérieur des Études Technologiques de Nabeul,I4210095403,TN,education
Institut Supérieur des Etudes Technologiques de Tozeur,I4405261337,TN,education
Institut Supérieur des Etudes Technologiques de Zaghouan,I4405266083,TN,education
Institut Supérieur des Études Technologiques en Communications de Tunis,I4210120884,TN,education
Institut Supérieur des Métiers du Patrimoine de Tunis,I4405261750,TN,education
Institut Supérieur des Professions Infirmières et Techniques de Santé de Casablanca,I4405263495,MA,education
Institut Supérieur des Sciences de l'Éducation de Guinée,I4210119386,GN,education
Institut Supérieur des Sciences et de Médecine Vétérinaire,I4405262353,GN,education
Institut Supérieur des Techniques Médicales de Bukavu,I4405263160,CD,education
Institut Supérieur des Technologies de l'Information et de la Communication,I4210116811,DZ,education
Institut Supérieur du Génie Appliqué,I4210110911,MA,education
Institut Supérieur International du Tourisme de Tanger,I4210100330,MA,education
Institut Supérieur Pédagogique de Bukavu,I4210099197,CD,education
Institut Supérieur Pédagogique de Gitwe,I4210145468,RW,education
Institut Supérieur Pédagogique Technique,I4210167265,CD,education
Institut Supérieur Privé Polytechnique,I4210153818,BF,education
Institut Superieur Sapientiae de Bafoussam,I4405261717,CM,education
Institut Universitaire d'Abidjan,I4210089248,CI,education
Institut Universitaire de la Côte,I4210130305,CM,education
Institut Universitaire du Bénin,I4210158247,BJ,education
Institut Universitaire du Congo,I4210153012,CD,education
Institut Universitaire du Golfe de Guinée,I4210134606,CM,education
Institut Universitaire LES COURS SONOU,I4405261005,BJ,education
Institut Universitaire Polytechnique de Mongo,I4210158610,TD,education
Institut Universitaire Siantou,I4210131119,CM,education
Institute and Observatory of Geophysics of Antananarivo,I4405259536,MG,education
Institute for Educational Planning and Administration,I1317634868,IN,education
Institute For Leadership And Communication Studies,I4210143397,MA,education
"Institute for Meteorological Training and Research, WMO Regional Training Centre",I4405266340,KE,education
"Institute for Poverty, Land and Agrarian Studies",I4210126272,ZA,education
Institute for Security Studies,I4210087931,KE,nonprofit
Institute of Accountancy Arusha,I4210089506,TZ,education
Institute of Aviation Engineering & Technology,I4405256525,EG,education
Institute of Development Management,I2802797706,IN,education
Institute of Finance Management,I4210142187,TZ,education
Institute of Legal Practice and Development,I4210112258,RW,education
Institute of Petroleum Studies Kampala,I4210162948,UG,education
Institute of Rural Development Planning,I4210134162,TZ,education
Institute of Tax Administration,I4405261778,TZ,education
Instituto Superior Monitor,I4210099667,MZ,education
Instituto Superior Politécnico de Gaza,I4210114882,MZ,education
Instituto Superior Politécnico de Manica,I4210154290,MZ,education
Instituto Superior Politécnico de Songo,I4210105090,MZ,education
Instituto Superior Politécnico de Tecnologia e Ciências,I4210159165,AO,education
Instituto Superior Politecnico de Tete,I4210160534,MZ,education
Instituto Superior Politécnico Metropolitano de Angola,I4210125163,AO,education
Instituts Supérieurs des Professions Infirmières et Techniques de Santé,I4210094767,MA,education
Inter-University Council for East Africa,I2800679637,UG,education
International Academy for Engineering and Media Science,I4210159313,EG,education
International Academy Mohammed VI of Civil Aviation,I4210145453,MA,education
International Centre for Genetic Engineering and Biotechnology,I91080651,IT,nonprofit
International Crops Research Institute for the Semi-Arid Tropics,I4210163774,IN,nonprofit
International Institute for Higher Education in Morocco,I4210134797,MA,education
International Institute for Water and Environmental Engineering,I4210107488,BF,education
International Islamic Center for Population Studies and Research,I4210140037,EG,education
International Medical and Technological University,I3132975919,TZ,education
International School of Dakar,I4210108597,SN,education
International University & Polytechnic of Benin,I4210157838,BJ,education
International University Bamenda,I4405259994,CM,education
International University of Africa,I263913023,SD,education
International University of East Africa,I4210122462,UG,education
International University of Grand Bassam,I4210124129,CI,education
International University of Management,I4210099821,NA,education
International University of Rabat,I4210106663,MA,education
Isa Kaita College of Education,I4405261176,NG,education
ISBAT University,I3131644003,UG,education
Islamic University College,I2801517398,GH,education
Islamic University in Uganda,I185474147,UG,education
Islamic University of Niger,I4210105844,NE,education
James Hope University,I4405263093,NG,education
Jamhuriya University of Science and Technology,I4210157195,SO,education
Jaramogi Oginga Odinga University of Science and Technology,I315205436,KE,education
Jazeera University,I4210106316,SO,education
Jean Piaget University of Angola,I4210100085,AO,education
Jean Piaget University of Cape Verde,I4210131030,CV,education
Jigawa State College of Education Gumel,I4405260700,NG,education
Jigawa State College of Nursing Sciences,I4405261325,NG,education
"Jigawa State Polytechnic, Dutse",I4405255526,NG,education
Jigjiga University,I4210123766,ET,education
Jimma University,I1443707,ET,education
John Garang Memorial University of Science and Technology,I4210124673,SS,education
Jomo Kenyatta University of Agriculture and Technology,I26805570,KE,education
Jordan University College,I4405260603,TZ,education
Joseph Ayo Babalola University,I230269253,NG,education
Joseph Sarwuan Tarka University Makurdi,I44738892,NG,education
Joshua Mqabuko Nkomo Polytechnic,I4210152384,ZW,education
Julius Nyerere University of Kankan,I3130478569,GN,education
Kabale University,I3129482412,UG,education
Kabarak University,I3131121749,KE,education
Kaduna Polytechnic,I3131952115,NG,education
Kaduna State University,I307268238,NG,education
Kafrelsheikh University,I130309236,EG,education
Kaimosi Friends University,I4210107289,KE,education
Kampala International University,I2752562790,UG,education
Kampala University,I2752562790,UG,education
Kano State University of Technology,I4210152770,NG,education
Karary University,I64838667,SD,education
Karatina University,I221899656,KE,education
Karl Kumm University,I4405262038,NG,education
Karume Institute of Science and Technology,I4405258167,TZ,education
Kassala University,I20893674,SD,education
Katanga Methodist University,I4210132408,CD,education
Katsina State Institute of Technology and Management,I4405260203,NG,education
KCA University,I3131884745,KE,education
KCMC University,I4405258929,TZ,education
Kebbi State Polytechnic,I4403386679,NA,education
Kebbi State University of Science and Technology,I4210088819,NG,education
"Kenule Beeson Saro-Wiwa Polytechnic, Bori",I4405260148,NG,education
Kenya Highlands University,I4210100769,KE,education
Kenya Institute of Curriculum Development,I4405261871,KE,education
Kenya Institute of Special Education,I4405262157,KE,education
Kenya Institute of Surveying and Mapping,I4405258124,KE,education
Kenya Medical Training College,I116082035,KE,education
Kenya Methodist University,I36770943,KE,education
Kenya School of TVET,I4405266154,KE,education
Kenyatta University,I153975220,KE,education
Khartoum International Institute for Arabic Languague,I4210128741,SD,education
Kibabii University,I4210106600,KE,education
Kigali Independent University,I4210109517,RW,education
King Ceasor University,I4405259800,UG,education
King Faisal University of N'Djamena,I4405260151,TD,education
Kings University,I4405265904,NG,education
Kingsley Ozumba Mbadiwe University,I4405257613,NG,education
Kirinyaga University,I3131411328,KE,education
Kiriri Women's University of Science and Technology,I3129475430,KE,education
Kisii University,I4210151796,KE,education
Kismayo University,I4210116614,SO,education
Klintaps University College of Health and Allied Sciences,I4403928223,GH,education
Kofi Annan International Peacekeeping Training Centre,I3130452249,GH,education
Koforidua Technical University,I4210151633,GH,education
Kogi State University,I10627620,NG,education
"Kogi State University, Kabba",I4405256641,NG,education
Koitaleel Samoei University College,I4405260531,KE,education
Kongo University,I4210150188,CD,education
Kotebe University of Education,I4210109399,ET,education
Kumasi Technical University,I2801516365,GH,education
Kumi University,I4210165537,UG,education
Kwame Nkrumah University,I28046988,GH,education
Kwame Nkrumah University of Science and Technology,I28046988,GH,education
Kwara State Polytechnic,I3129613971,NG,education
Kwara State University,I98243723,NG,education
Kwararafa University,I3131062393,NG,education
Kyambogo University,I43480833,UG,education
Ladoke Akintola University of Technology,I45230691,NG,education
Lafoole University,I4210158975,SO,education
Lagos State University,I126541806,NG,education
Lagos State University of Science and Technology,I2799500531,NG,education
Laikipia University,I3130826315,KE,education
Lancaster University Ghana,I4210106992,GH,education
Landmark University,I304664074,NG,education
Larbi Ben M'hidi University of Oum El Bouaghi,I3132180716,DZ,education
Lead City University,I70593384,NG,education
LEAP Science and Maths Schools,I4210163663,ZA,education
Lebanese International University of Mauritania,I4210165476,MR,education
Levy Mwanawasa Medical University,I4405260929,ZM,education
Liberia Institute Of Public Administration,I4405266764,LR,education
Libya Institute for Advanced Studies,I4405266542,LY,education
Libya Open University,I4210154678,LY,education
Libyan Academy,I4210161365,LY,education
Libyan Centre for Dental Research,I4405258055,LY,education
Libyan International Medical University,I4210153362,LY,education
Light University of Bujumbur,I4210122385,BI,education
Lilongwe University of Agriculture and Natural Resources,I4210101907,MW,education
Lira University,I4405254691,UG,education
LivingStone International University,I4210135011,UG,education
Local Government Training Institute,I4387153630,TZ,education
Lower Shabelle University,I4399598400,SO,education
Loyola University of Congo,I4210119007,CD,education
Lukenya University,I4210162831,KE,education
Lupane State University,I215330179,ZW,education
Lúrio University,I3129864162,MZ,education
Lusaka Apex Medical University,I3133036570,ZM,education
Luxor University,I4405260056,EG,education
Lyceum College,I2996127693,ZA,education
Maakhir University,I4210137779,SO,education
Maasai Mara University,I3131228027,KE,education
Machakos School,I4210111803,KE,education
Machakos University,I2802891092,KE,education
Madda Walabu University,I1283442259,ET,education
Madina Academy,I4210129516,EG,education
Madonna University,I151654608,US,education
Mahatma Gandhi Institute,I90978372,IN,healthcare
Mahatma Gandhi University,I177436651,IN,education
Maitama Sule University Kano,I4210099431,NG,education
Makerere University,I72227227,UG,education
Malawi Adventist University,I3132211733,MW,education
Malawi School of Government,I4405265588,MW,education
Malawi University of Science and Technology,I2800088668,MW,education
Management College of Southern Africa,I3129924371,ZA,education
Mandela Institute for Development Studies,I3132941426,ZA,education
Mangosuthu University of Technology,I160825796,ZA,education
Manicaland State University of Applied Sciences,I4405254191,ZW,education
Manouba University,I83259278,TN,education
Mansoura National University,I4405260572,EG,education
Mansoura University,I159247623,EG,education
Margaret Lawrence University,I4405254723,NG,education
Marien Ngouabi University,I7435137,CG,education
Marondera University of Agricultural Sciences and Technology,I4405252891,ZW,education
Maryam Abacha American University of Niger,I4210143858,NE,education
Maseno University,I195610458,KE,education
Mashreq University,I4210127163,SD,education
Masinde Muliro University of Science and Technology,I88132101,KE,education
Mateur Higher School of Agriculture,I4210155520,TN,education
Matrouh University,I4405258152,EG,education
Mauritius Institute of Education,I4210118643,MU,education
Mbarara University of Science and Technology,I141930137,UG,education
Mbeya University of Science and Technology,I3129830433,TZ,education
McPherson University,I3131280167,NG,education
Media Council of Kenya,I4210091052,KE,education
Mediterranean School of Business,I3131031036,TN,education
Mekdela Amba University,I4405255390,ET,education
Mekelle University,I74813324,ET,education
Menoufia University,I63601056,EG,education
Meru University of Science and Technology,I3131204436,KE,education
Methodist University College Ghana,I327098606,GH,education
Methodist University of Angola,I4210125453,AO,education
Metropolitan International University,I4210111992,UG,education
Mfantsiman Girls Secondary School,I4210095319,GH,education
Michael Okpara University of Agriculture,I98220444,NG,education
Middlesex University,I60488453,GB,education
Midlands State University,I72341686,ZW,education
Midocean University,I4405255600,KM,education
Midrand Graduate Institute,I142215875,ZA,education
Military Technical College,I4210100308,EG,education
Milpark Education,I3130591674,ZA,education
Minia University,I89466785,EG,education
Misr International University,I47853400,EG,education
Misr University for Science and Technology,I154632036,EG,education
Mission de Promotion des Materiaux Locaux,I4405253939,CM,education
Misurata University,I152195623,LY,education
Mizan Tepi University,I267325792,ET,education
Modern Academy,I890898191,EG,education
Modern Academy for Engineering and Technology,I4394709192,EG,education
Modern University for Information and Technology,I4210089325,EG,education
Modibbo Adama University of Technology,I60470151,NG,education
Mogadishu University,I4210110361,SO,education
Mohamed I University,I4210108110,MA,education
Mohamed-Cherif Messaadia University,I1288970718,DZ,education
Mohammed V University,I126477371,MA,education
Moi University,I147168166,KE,education
Monarch University,I4405260615,NG,education
Moshi Co-operative University,I3131787984,TZ,education
Mouloud Mammeri University of Tizi-Ouzou,I4210159538,DZ,education
Mount Kenya University,I250207469,KE,education
Mount Meru University,I3132446703,TZ,education
Mountain Top University,I4210092144,NG,education
Mountains of the Moon University,I33777917,UG,education
Mountcrest University College,I2802211179,GH,education
Muhimbili University of Health and Allied Sciences,I154840374,TZ,education
Mukuba University,I4405256476,ZM,education
Mulago School of Nursing and Midwifery,I4210153084,UG,education
Multimedia University of Kenya,I327535454,KE,education
Mulungushi University,I3132976927,ZM,education
Muni University,I3132109944,UG,education
Murang'a University of Technology,I3133159679,KE,education
Muslim University of Morogoro,I3130741188,TZ,education
Mutare Polytechnic,I4405262327,ZW,education
Muteesa I Royal University,I3129738088,UG,education
Mzumbe University,I15846685,TZ,education
Mzuzu University,I18020613,MW,education
Nahda College,I2801034501,SD,education
Nahda University,I2799409690,EG,education
Nalikule College of Education,I4405265438,MW,education
Nalut University,I4405259951,LY,education
Namibia Institute of Pathology,I4210163016,NA,education
Namibia University of Science and Technology,I101993903,NA,education
Nasarawa State University,I31959934,NG,education
National Advanced School of Public Works,I4210149531,CM,education
National Archives of Senegal,I4210122977,SN,education
National Banking College,I4405262633,GH,education
National Center for Educational Research and Development,I4405257196,EG,education
National Council for Curriculum and Assessment,I4405261996,GH,education
National Defence College Kenya,I4210150453,KE,education
National Engineering School of Tunis,I4210131288,TN,education
National Examinations Council,I4405257153,NG,education
National Higher School of Autonomous Systems Technology,I4405263458,DZ,education
National Higher School of Mathematics,I4405255362,DZ,education
National Higher School of Statistics and Applied Economy,I4210091172,DZ,education
National Higher School of Technology and Engineering Annaba,I4405258926,DZ,education
National Institute for Nigerian Languages,I4405254470,NG,education
National Institute for Research in Education,I4405261368,DZ,education
National Institute of Arts,I4210121172,CD,education
National Institute of Public Administration,I4210160828,ZM,education
National Institute of Transport,I4210106625,TZ,education
National Library of Somalia,I4405266661,SO,education
National Nurses Association of Kenya,I4210119357,KE,education
National Open University of Nigeria,I52605992,NG,education
National Polytechnic University Institute Bamenda,I4405259647,CM,education
National Postgraduate Medical College of Nigeria,I3129828962,NG,education
National Ribat University,I3130760591,SD,education
National School of Architecture,I4210093720,MA,education
National School of Artificial Intelligence,I4387154306,DZ,education
National School of Built and Ground Works Engineering,I4210116852,DZ,education
National School of Business and Management in Settat,I3129602810,MA,education
National School of Computer Science,I4210097372,FR,education
"National School of Electronics and Telecommunications of Sfax, Tunisia",I4405255060,TN,education
National School of Mineral Industry,I4210155111,MA,education
National Telecommunications Institute,I4210165434,EG,education
National Universities Commission,I41910991,NG,education
National University,I139264467,KR,education
October 6 University,I4210165376,EG,education
October High Institute For Enginnering and Technology,I4210136523,EG,education
October University of Modern Sciences and Arts,I895027328,EG,education
Oda Bultum University,I4405257672,ET,education
Oduduwa University,I3133298332,NG,education
Ogun State Institute of Technology Igbesa,I4405264286,NG,education
Olabisi Onabanjo University,I894372087,NG,education
Olusegun Agagu University of Science and Technology,I904009604,NG,education
Omar Al-Mukhtar University,I299799659,LY,education
Omar Bongo University,I3129570296,GA,education
Omdurman Ahlia University,I308622825,SD,education
Omdurman Islamic University,I37322517,SD,education
One World University,I4210166148,MZ,education
Open University of Kenya,I4405256106,KE,education
Open University of Mauritius,I4210094497,MU,education
Open University of Sudan,I4210118269,SD,education
Open University of Tanzania,I912052591,TZ,education
Open University of West Africa,I4210166436,GH,education
Open Window School of Visual Communication,I4210103036,ZA,education
Oran Graduate School of Economics,I4405261784,DZ,education
Oromia State University,I4405260919,ET,education
"Osun State College of Education, Ila-Orangun",I4387156349,NG,education
Osun State University,I35601441,NG,education
Pan Africa Christian University,I3133129679,KE,education
Pan African Christian University College,I4210136168,GH,education
Pan African Institute for Development,I4210123176,CM,education
Pan African Institute for Development Regional Institute for West Africa,I4405259508,CM,education
Pan-African University,I4387152863,NA,education
Pan-Atlantic University,I64032852,NG,education
Paul University Awka,I2799770396,NG,education
Pedagogical University,I157338126,RU,education
Pentecost University College,I2800079435,GH,education
Pharaohs Higher Institute of Computer Information Systems and Management,I4210116887,EG,education
Pharos University in Alexandria,I146977602,EG,education
Philomath University,I4405255197,NG,education
Pigier Bénin,I4210164972,BJ,education
Pigier Côte d'Ivoire,I4210118751,CI,education
Pioneer International University,I4210151313,KE,education
Plasma University,I4210110229,SO,education
Plateau State University,I3132245663,NG,education
Polytechnic School of Algiers,I2802493600,DZ,education
Poma International Business University,I4210092979,BJ,education
Port Said University,I88017793,EG,education
Presbyterian University of East Africa,I209195179,KE,education
"Presbyterian University, Ghana",I41545563,GH,education
Private University of Angola,I4210093741,AO,education
Production Management Institute of Southern Africa,I4210124375,ZA,education
Puntland State University,I3133274995,SO,education
Pwani University,I279922783,KE,education
Radford University College,I2801272733,GH,education
Raya University,I3132488046,ID,education
Red Sea University,I90097577,SD,education
Redeemer's University,I265584191,NG,education
Reformed Church University,I2802418398,ZW,education
Regenesys Business School,I3133096102,ZA,education
Regent Business School,I3129462672,ZA,education
Regent University College of Science and Technology,I4210130454,GH,education
Regentropfen University College,I4405254915,GH,education
Regional Centre for Training in Aerospace Surveys,I4210085862,NG,education
Regional Maritime University,I3132438211,GH,education
Renaissance University,I3131949601,NG,education
Rhema University,I3133127056,NG,education
Rhodes University,I203238179,ZA,education
Riara University,I3130753050,KE,education
Rift Valley University,I2801704801,ET,education
Rivers State University,I96576516,NG,education
Rongo University,I4210102998,KE,education
Royal Centre for Remote Sensing,I4210105732,MA,education
Ruaha Catholic University,I4405253150,TZ,education
Rumbek University,I4210166474,SS,education
Rusangu University,I3130371724,ZM,education
Rwanda Polytechnic,I4405262977,RW,education
Sa'adatu Rimi College of Education,I4210138822,NG,education
Sa'adu Zungur University,I4210109391,NG,education
Sabratha University,I4405257151,LY,education
Sadat Academy for Management Sciences,I43424612,EG,education
Salem University,I9729102,US,education
Samara University,I4210100457,ET,education
Sanaag University of Science and Technology,I4210167438,SO,education
Scott Christian University,I3130586695,KE,education
Sebastian Kolowa Memorial University,I4210119808,TZ,education
Sebha University,I153265617,LY,education
Sedibeng TVET College,I4210092972,ZA,education
Sefako Makgatho Health Sciences University,I2802393258,ZA,education
Senghor University,I3131965639,EG,education
Shendi University,I4210126656,SD,education
Sheppard and Lapsley Presbyterian University of Congo,I4210163669,CD,education
Sicambeni Rural University,I4210158605,ZA,education
Sidi Mohamed Ben Abdellah University,I81605866,MA,education
Sikkim Manipal University,I81433678,IN,education
SIMAD University,I4210127735,SO,education
Sinai University,I1355163,EG,education
Sinnar University,I3132574604,SD,education
Sirte University,I99296679,LY,education
Skyline University Nigeria,I4210164620,NG,education
Social Work Institute in Cairo,I4210162686,EG,education
Sohag University,I97455420,EG,education
Sokoine University of Agriculture,I84641585,TZ,education
Sokoto State University,I3129379329,NG,education
Sol Plaatje University,I3131135081,ZA,education
Solusi University,I3129793404,ZW,education
Somali International University,I4210157016,SO,education
Somali National University,I2801301251,SO,education
Somali STEM Society,I4405266704,SO,education
Somaliland University of Technology,I4210098482,SO,education
Soroti University,I4210161311,UG,education
South African College of Applied Psychology,I4210144462,ZA,education
South African National Energy Development Institute,I4210143728,ZA,education
South African School of Motion Picture Medium and Live Performance,I4210163664,ZA,education
South African Theological Seminary,I2802827535,ZA,education
South Eastern Kenya University,I263567798,KE,education
South Valley University,I189575948,EG,education
Southern Africa Nazarene University,I4210149376,SZ,education
Sphinx University,I4399598398,EG,education
Spiritan University Nneochi,I4405256426,NG,education
"SS Peter and Paul Major Seminary, Bodija",I4405261054,NG,education
St Augustine College of South Africa,I25613804,ZA,education
St. Augustine International University,I2801604535,UG,education
St. Augustine University of Tanzania,I158990150,TZ,education
St. Christopher Iba Mar Diop College of Medicine,I3132822907,SN,education
St. Francis University College of Health and Allied Sciences,I4405261229,TZ,education
St. John's University of Tanzania,I284050080,TZ,education
St. Joseph University In Tanzania,I4210159779,TZ,education
St. Lawrence University,I100236772,US,education
St. Mary's University,I4210160144,KR,healthcare
St. Mary's University in Juba,I4210166823,SS,education
St. Paul's University,I4210089933,KE,education
Stafford University,I4210138504,UG,education
Stalwart University Institute,I4405259403,CM,education
State University of Medical and Applied Sciences,I4405256974,NG,education
State University of Zanzibar,I72235472,TZ,education
Stella Maris Polytechnic,I4210122897,LR,education
Stellenbosch University,I26092322,ZA,education
Strathmore University,I161372803,KE,education
Sudan Academy for Banking and Financial Sciences,I4210115035,SD,education
Sudan Academy of Sciences,I4210156887,SD,education
Sudan Childhood Diabetes Association,I4210090762,SD,education
Sudan International University,I4210094049,SD,education
Sudan Medical Specialization Board,I4210135870,SD,education
Sudan University of Science and Technology,I9353105,SD,education
Sudanese Universities Information Network,I4210163744,SD,education
Suez Canal University,I114794399,EG,education
Suez University,I130009713,EG,education
Sule Lamido University Kafin Hausa,I3129351386,NG,education
"Summit University, Offa",I4405255726,NG,education
Sunyani Technical University,I4210164771,GH,education
Sup de Co Marrakech,I4210147360,MA,education
Sup Management,I4210154748,MA,education
Supershine University,I4210151047,ZM,education
Surman College of Science and Technology,I4405261043,LY,education
SwissLink Higher Institute of Business & Technology,I4405261355,CM,education
Taasisi ya Sanaa na Utamaduni Bagamoyo,I4405266617,TZ,education
Tai Solarin University of Education,I91972364,NG,education
Takoradi Technical University,I4210131222,GH,education
Tangaza University,I4405266166,KE,education
Tansian University,I3131906498,NG,education
Tanta University,I21376657,EG,education
Tanzania Agriculture Research Institute,I4405263296,TZ,education
Tanzania Commission for Universities,I3129228679,TZ,education
Tanzania Institute of Accountancy,I4405259358,TZ,education
Tanzania Institute of Education (TIE),I4405253151,TZ,education
Taraba State College of Health Technology Takum,I4405263029,NG,education
Taraba State University,I3133101575,NG,education
Team University,I4210145961,UG,education
Technical University of Angola,I4210102036,AO,education
Technical University of Kenya,I140287389,KE,education
Technical University of Mombasa,I294845491,KE,education
Tengeru Institute of Community Development,I4405263647,TZ,education
Teofilo Kisanji University,I3133312331,TZ,education
Testament Theological Seminary,I4405254663,NG,education
The Catholic University of Malawi,I4210162858,MW,education
"The Federal Polytechnic, Ado-Ekiti",I4210113643,NG,education
The Future University,I4210090078,SD,education
The Gambia College,I4405259792,GM,education
The Higher Institute of Applied Arts Fifth settlement,I4405263392,EG,education
The Higher Institute of Engineering Technologies Benghazi,I4405263733,LY,education
The Higher School of Management and Digital Economy,I4405259000,DZ,education
The Independent Institute of Education,I4210141751,ZA,education
The Kenya Education Management Institute,I4405266786,KE,education
The Knowledge Hub Universities,I4405258297,EG,education
The Nigerian Baptist Theological Seminary,I4405253712,NG,education
The Polytechnic Ibadan,I4210134659,NG,education
The University Centre for Studies in Namibia,I4405266070,NA,education
The University of Dodoma,I28285804,TZ,education
Thebes Academy,I4210127389,EG,education
Time Université,I4210145739,TN,education
Tissemsilt University,I4210103375,DZ,education
Tom Mboya University College,I4405260281,KE,education
Trinity University,I60060512,US,education
Tshwane University of Technology,I137616099,ZA,education
Tumaini University,I38365063,TZ,education
Tunis El Manar University,I63596082,TN,education
Tunis University,I108714496,TN,education
Tunisia Polytechnic School,I2800887215,TN,education
Tunisia Private University,I3129295481,TN,education
Uganda Christian University,I92808645,UG,education
Uganda Episcopal Conference,I4210159211,UG,education
Uganda Institute of Information & Communications Technology,I4210157324,UG,education
Uganda Management Institute,I230965063,UG,education
Uganda Martyrs University,I199936661,UG,education
Uganda Pentecostal University,I4210123676,UG,education
Uganda Petroleum Institute,I4210115927,UG,education
Uganda Technology and Management University,I3132347332,UG,education
Umaru Musa Yar'adua University,I327500432,NG,education
Umma University,I3130817511,KE,education
UniMAC-GIJ,I3133343259,GH,education
United African University of Tanzania,I4210163681,TZ,education
United Methodist University,I4210139384,LR,education
United States International University Africa,I4210159989,KE,education
Unity University College,I4210152827,ET,education
Universiapolis - Université Internationale d'Agadir,I4210119741,MA,education
Universidade Aberta ISCED,I4210138499,MZ,education
Universidade Colinas de Boé,I4210152842,GW,education
Universidade de Belas,I4405260293,AO,education
Universidade de São Tomé e Príncipe,I4405266030,ST,education
Universidade Gregório Semedo,I4210105134,AO,education
Universidade Independente de Angola,I4210116901,AO,education
Universidade Jean Piaget de Moçambique,I4210098919,MZ,education
Universidade José Eduardo dos Santos,I4405258496,AO,education
Universidade Katyavala Bwila,I4210120595,AO,education
Universidade Kimpa Vita,I4405261565,AO,education
Universidade Lusíada de Angola,I4210164448,AO,education
Universidade Lusófona da Guiné,I4210163474,GW,education
Universidade Mandume Ya Ndemufayo,I4405261374,AO,education
Universidade Óscar Ribas,I4210105945,AO,education
Universidade Politecnica,I4210096134,MZ,education
Universidade Rainha Njinga a Mbande,I4405255432,AO,education
Universidade São Tomás de Moçambique,I4210149956,MZ,education
Universidade Técnica de Moçambique,I4210130263,MZ,education
Universidade Zambeze,I4210118949,MZ,education
Université Abdou Moumouni,I130359222,NE,education
Université Adam Barka d'Abéché,I4210166478,TD,education
Université Adventiste de Goma,I4405259904,CD,education
Universite Adventiste de Lukanga,I4210167342,CD,education
Université Africaine de Développement Coopératif,I4210117789,BJ,education
Université Africaine de Technologie et de Management,I4210126148,BJ,education
Université Alassane Ouattara,I277791926,CI,education
Université Alioune Diop de Bambey,I4210137601,SN,education
Université Amadou Hampaté Ba,I4210087064,SN,education
Université Amadou Mahtar Mbow,I4405261108,SN,education
Université André Salifou,I4210151218,NE,education
Université Arabe des Sciences,I4210143442,TN,education
Université Aube Nouvelle,I4210135456,BF,education
Université Cardinal Malula,I4210162887,CD,education
Université Catholique de Bukavu,I4210124924,CD,education
Université Catholique de l'Afrique de l'Ouest - Unité Universitaire de Bobo Dioulasso,I4405258452,BF,education
Université Catholique du Congo,I4210118667,CD,education
Université Catholique du Graben,I4210096933,CD,education
Université Centrale de Tunis,I4210131235,TN,education
Université Constantine 2,I4210160465,DZ,education
Université d'Abomey-Calavi,I4210119417,BJ,education
Université d'Agriculture de Kétou,I4210131662,BJ,education
Université d'Oran 2,I4210149660,DZ,education
Université Dakar-Bourguiba,I4210161963,SN,education
Université de ain Témouchent,I4210163438,DZ,education
Université de Bertoua,I4405263204,CM,education
Université de Bondoukou,I4405261038,CI,education
Université de Cepromad,I4210088584,CD,education
Université de Dédougou,I4405260316,BF,education
Université de Denis Sassou N'guesso,I4405260314,CG,education
Université de Diffa,I4405258442,NE,education
Université de Dschang,I178331978,CM,education
Université de Fianarantsoa,I4210104797,MG,education
Université de Garoua,I4405260552,CM,education
Université de Kisangani,I63445334,CD,education
Université de l'Assomption au Congo,I4405259336,CD,education
Université de l'Uélé,I4210142940,CD,education
Université de la Formation Continue (UFC),I4405258604,DZ,education
Université de Mahajanga,I4210093537,MG,education
Université de Maradi,I4210158796,NE,education
Université de Mostaganem,I177657909,DZ,education
Université de Moundou,I4210124126,TD,education
Université de Notre-Dame du Kasai,I4210167235,CD,education
Université de Nouakchott,I90527594,MR,education
Université de Parakou,I4210113655,BJ,education
Université de Saida Dr.Moulay Tahar,I4210148060,DZ,education
Université de Sarh,I4210120684,TD,education
Université de Thiès,I79793008,SN,education
Université de Yaoundé I,I1331070479,CM,education
Université des Grands Lacs,I4210104141,BI,education
Université des Lettres et des Sciences Humaines de Bamako,I4210099332,ML,education
Université des Montagnes,I279418767,CM,education
Universite des Sciences Appliquée et Management,I4210163272,BJ,education
Université des Sciences de la Santé,I4210106126,GA,education
Université des Sciences et de la Technologie d'Oran Mohamed Boudiaf,I3124969661,DZ,education
Université des Sciences et de Technologie d'Ati,I4405261598,TD,education
Université des Sciences et Techniques de Masuku,I4210131477,GA,education
Université des Sciences Juridiques et Politiques de Bamako,I4210129427,ML,education
"Université des Sciences, de Technologie et de Médecine",I4210164586,MR,education
"Université des Sciences, des Techniques et des Technologies de Bamako",I4210112095,ML,education
Université Djibo Hamani,I4405261041,NE,education
Université Djilali Bounaama Khemis Miliana,I4210160578,DZ,education
Université Djilali de Sidi Bel Abbès,I4210125514,DZ,education
Université du Burundi,I208899625,BI,education
Université du Faso,I4405258894,BF,education
Université du Lac Tanganyika,I4210140420,BI,education
Université du Sahel,I4210134981,SN,education
Université du Sine Saloum El-Hâdj Ibrahima NIASS,I4210102026,SN,education
Université Euro-Afrique,I4210113163,SN,education
Université Evangélique en Afrique,I4210125530,CD,education
Université Félix Houphouët-Boigny,I48615539,CI,education
Université Gaston Berger,I112713213,SN,education
Université Général Lansana Conté,I4210108361,GN,education
Université Hassan 1er,I4210145365,MA,education
Université Hassan II Mohammedia,I4210164065,MA,education
Université Ibn Khaldoun,I4210106700,DZ,education
Université IBN Khaldoun Tiaret,I4210106700,DZ,education
Université Ibn Zohr,I4210088687,MA,education
Université Ibn-Tofail,I3121676899,MA,education
Université Internationale de Casablanca,I4210095535,MA,education
Université Internationale de Tunis,I4210127797,TN,education
Université Jean Lorougnon Guédé,I4210131988,CI,education
Université Joseph Ki-Zerbo,I129628643,BF,education
Université Kofi Annan de Guinée,I4210141251,GN,education
Université Larbi Tébessi,I4210095290,DZ,education
Université Libre de Kinshasa,I4210134038,CD,education
Université Libre de Luozi,I4210126533,CD,education
Université libre des Pays des Grands Lacs,I4210138119,CD,education
Université Libre du Burkina,I4405260064,BF,education
Université Libre du Congo,I4210159331,CG,education
Université Méditerranéenne Libre de Tunis,I4210163371,TN,education
Université Mohammed VI des Sciences et de la Santé,I4210119819,MA,education
Université Mohammed VI Polytechnique,I4210131560,MA,education
Université Montplaisir Tunis,I4210157202,TN,education
Université Moulay Ismail de Meknes,I4210153608,MA,education
Université Mustapha Stambouli de Mascara,I4210124230,DZ,education
Université Nangui Abrogoua,I17024267,CI,education
Université Nationale d'Agriculture,I4405261460,BJ,education
Université Nouveaux Horizons,I4405263895,CD,education
Université Officielle de Bukavu,I4210122770,CD,education
Université Officielle de Ruwenzori,I4405261061,CD,education
Université Oran 1 Ahmed Ben Bella,I137407579,DZ,education
Université Ouaga II,I4210089495,BF,education
Université Pédagogique Nationale,I4210133764,CD,education
Université Pelefero Gon Coulibaly,I4210126051,CI,education
Université Polytechnique de Gitega,I4405261190,BI,education
Université Polytechnique Intégrée,I4405260853,BI,education
Université Président Joseph Kasa-Vubu,I4210166849,CD,education
Université Privée d'Enseignement Supérieur El Amel,I4210166476,TN,education
Université Privée de Fès,I4405259825,MA,education
Université Privée de Ouagadougou,I4405258238,BF,education
Université Privée du Sud,I4210095206,TN,education
Université Professionnelle d'Afrique,I4210166886,CG,education
Université Protestante au Congo,I4210100376,CD,education
Université Protestante d'Afrique Centrale,I4210137785,CM,education
Université Protestante d'Afrique de l'Ouest,I4210087041,BJ,education
Université Protestante de Lubumbashi,I4210119842,CD,education
Université Shalom de Bunia,I4210139536,CD,education
Université Simon Kimbangu,I4210116281,CD,education
Université Sultan Moulay Slimane,I4210119856,MA,education
Université Tertiaire et Technologique-Lokko,I4210092763,CI,education
Université Tunis Carthage,I4210110695,TN,education
Université Virtuelle de Côte d'Ivoire,I4388446411,CI,education
Université William Booth,I4210161938,CD,education
University Center of Barika,I4405253896,DZ,education
University Center of Illizi,I4405257451,DZ,education
University Centre of Maghnia,I4392738204,DZ,education
University College of Agriculture and Environmental Studies,I2801170945,GH,education
University College of Aviation and Technology,I4210166331,TN,education
University College of Management Studies,I3130259207,GH,education
University College of Technology,I4210162553,CM,education
University of Jijel,I116970179,DZ,education
University of Johannesburg,I24027795,ZA,education
University of Jos,I161374704,NG,education
University of Juba,I192929712,SS,education
University of Kabianga,I299595467,KE,education
University of Kairouan,I55167344,TN,education
University of Kalemie,I4210166830,CD,education
University of Kamina,I4210104488,CD,education
University of Kara,I4210086877,TG,education
University of Khartoum,I150406212,SD,education
University of Kigali,I3132931743,RW,education
University of Kikwit,I4210100160,CD,education
University of Kindu,I3129744201,CD,education
University of Kinshasa,I34942010,CD,education
University of Kisubi,I3129257098,UG,education
University of Kivu,I4210116596,CD,education
University of Kolwezi,I4210100477,CD,education
University of Kordofan,I77072003,SD,education
University of Koudougou,I4210122444,BF,education
University of KwaZulu-Natal,I95023434,ZA,education
University of Laghouat,I50219554,DZ,education
University of Lagos,I197610006,NG,education
University of Lay Adventists of Kigali,I4210094054,RW,education
University of Liberia,I149743910,LR,education
University of Limpopo,I90546491,ZA,education
University of Livingstonia,I4210118457,MW,education
University of Lomé,I4287427,TG,education
University of Lubumbashi,I134231150,CD,education
University of Lusaka,I224527630,ZM,education
University of Maiduguri,I64351976,NG,education
University of Makeni,I3132465432,SL,education
University of Malawi,I157591606,MW,education
University of Management and Technology,I87482320,PK,education
University of Maroua,I213072177,CM,education
University of Mauritius,I69072986,MU,education
University of Mbandaka,I4210158612,CD,education
University of Mbuji Mayi,I2802111147,CD,education
"University of Media, Arts and Communication",I4399657971,GH,education
University of Medical Sciences and Technology,I145354842,SD,education
University of Military Science and Technology,I4210167133,UG,education
University of Mines and Technology,I27031042,GH,education
University of Mkar,I3129970296,NG,education
University of Monastir,I166928557,TN,education
University of Mpumalanga,I3130933589,ZA,education
University of N'Djamena,I117723502,TD,education
University of Nairobi,I12859529,KE,education
University of Namibia,I217085601,NA,education
University of Ngaoundéré,I59196294,CM,education
University of Ngozi,I4210135081,BI,education
University of Nigeria,I11892038,NG,education
University of Nyala,I4210134437,SD,education
University of Ouargla,I114564095,DZ,education
University of Port Harcourt,I100116408,NG,education
University of Pretoria,I69552723,ZA,education
University of Professional Studies,I7589121,GH,education
University of Reunion Island,I24715933,RE,education
University of Rwanda,I4210087849,RW,education
University of Sadat City,I338016083,EG,education
University of Science and Technology of Benin,I3132158071,BJ,education
University of Science and Technology of Ivory Coast,I4210117593,CI,education
University of Science and Technology of Togo,I4210126854,TG,education
University of Science and Technology Omdurman,I4210088616,SD,education
University of Sciences and Technology Houari Boumediene,I157169809,DZ,education
University of Seychelles,I4210157386,SC,education
University of Sfax,I142899784,TN,education
University of Sierra Leone,I182377803,SL,education
University of Skikda,I98962006,DZ,education
University of Somalia,I2802043524,SO,education
University of Sousse,I8636806,TN,education
University of South Africa,I165390105,ZA,education
University of Southern Somalia,I4210129720,SO,education
University of Tamanghasset,I4210096460,DZ,education
University of Technology,I98358874,NL,education
"University of Technology, Mauritius",I56592726,MU,education
University of the Free State,I26999989,ZA,education
University of the Gambia,I176150703,GM,education
University of the Holy Quran and Islamic Sciences,I3131611021,SD,education
University of the Sacred Heart Gulu,I4210107656,UG,education
University of the Western Cape,I869660684,ZA,education
University of the Witwatersrand,I192619145,ZA,education
University of Timbuktu,I4210152109,ML,education
University of Toamasina,I3130315128,MG,education
University of Toliara,I3132291312,MG,education
University of Tripoli,I23906160,LY,education
University of Tripoli Al-ahlia,I4210143427,LY,education
University of Uyo,I37797678,NG,education
University of Venda,I84929415,ZA,education
University of Zalingei,I3130857668,SD,education
University of Zambia,I33278361,ZM,education
University of Zimbabwe,I153455119,ZW,education
University of Zululand,I12553626,ZA,education
University Yahia Fares of Medea,I4210128965,DZ,education
Upper Nile University,I83413266,SS,education
Usmanu Danfodiyo University,I55202024,NG,education
Uzima University College,I4210117021,KE,education
Vaal University of Technology,I129615261,ZA,education
Valley View University,I3133169337,GH,education
Venite University,I4405264262,NG,education
Veritas University,I4210158569,NG,education
Victoria University,I71270174,AU,education
University Mohamed Boudiaf of M'sila,NA,NA,NA
University Mohamed El Bachir El Ibrahimi of Bordj Bou Arreridj,NA,NA,NA
University of Abou Bekr Belkaïd,NA,NA,NA
University of Abuja,NA,NA,NA
University of Africa,NA,NA,NA
University of Africa Toru-Orua,I4405257265,NG,education
"University of Agriculture and Environmental Sciences, Umuagwo",I4405256953,NG,education
University of Ajdabiya,I4405253411,LY,education
University of al-Qarawiyyin,I3141888691,MA,education
University of Algiers 3,I4210107086,DZ,education
University of Algiers Benyoucef Benkhedda,I192268740,DZ,education
University of Antananarivo,I137724175,MG,education
University of Applied Management,I2802394218,DE,education
University of Arusha,I3130965160,TZ,education
University of Asmara,I86539363,ER,education
University of Bagamoyo,I3129199519,TZ,education
University of Bahr El-Ghazal,I2802194555,SS,education
University of Bahri,I4210148209,SD,education
University of Bakhtalruda,I3129221262,SD,education
University of Bamako,I41343362,ML,education
University of Bamenda,I263774594,CM,education
University of Bandundu,I4210165398,CD,education
University of Bangui,I4210112994,CF,education
University of Batna 1,I162489102,DZ,education
University of Bechar,I143936627,DZ,education
University of Béjaïa,I187560010,DZ,education
University of Benghazi,I31439502,LY,education
University of Benin,I6406202,NG,education
University of Biskra,I206961696,DZ,education
University of Blida,I83332908,DZ,education
University of Botswana,I157273133,BW,education
University of Bouira,I3129390127,DZ,education
University of Boumerdes,I3121272148,DZ,education
University of Buea,I144693123,CM,education
University of Calabar,I3970730,NG,education
University of Cape Coast,I133771110,GH,education
University of Cape Town,I157614274,ZA,education
University of Cape Verde,I250481426,CV,education
University of Carthage,I179097149,TN,education
University of Constantine 3,I4391767747,DZ,education
University of Cross River State,I3131845690,NG,education
University of Dar es Salaam,I182078086,TZ,education
University of Derna,I4405253389,LY,education
University of Djibouti,I4210154350,DJ,education
University of Dongola,I3131077051,SD,education
University of Douala,I163423212,CM,education
"University of Eastern Africa, Baraton",I89008938,KE,education
University of Education and Entrepreneurship,I4405262537,NG,education
"University of Education, Winneba",I145876445,GH,education
University of El Imam El Mahdi,I4210102129,SD,education
University of Eldoret,I22607950,KE,education
University of Eloued,I4210157185,DZ,education
University of Embu,I3132506069,KE,education
University of Energy and Natural Resources,I291863076,GH,education
University of Eswatini,I16969244,SZ,education
University of Fort Hare,I114499477,ZA,education
University of Gabès,I68916915,TN,education
University of Gafsa,I35845393,TN,education
University of Garden City,I2890612012,SD,education
University of Gedo,I4210152847,SO,education
University of Gezira,I78157869,SD,education
University of Ghana,I138690464,GH,education
University of Ghardaia,I4210115782,DZ,education
University of Gharyan,I4210165767,LY,education
University of Global Health Equity,I4210143973,RW,education
University of Goma,I4210144392,CD,education
University of Gondar,I8764889,ET,education
University of Guelma,I4210097536,DZ,education
University of Hargeisa,I246527472,SO,education
University of Hassan II Casablanca,I99297268,MA,education
University of Health and Allied Sciences,I154840374,TZ,education
University of Health Sciences,I131736796,LT,education
University of Ibadan,I181631907,NG,education
University of Ilesa,I4387155173,NG,education
University of Ilorin,I134542131,NG,education
University of Jendouba,I54316950,TN,education
Virtual University of Tunis,I4210099802,TN,education
Virtual University of Uganda,I4210120092,UG,education
Wad Medani Ahlia University,I4210097089,SD,education
Wadi Alshatti University,I4405256829,LY,education
Walter Sisulu University,I92579986,ZA,education
"Water Institute, Tanzania",I4405258389,TZ,education
Webster University Ghana,I4210164287,GH,education
Wellspring University,I2799534737,NG,education
Wesley University,I4210107103,NG,education
West Africa Vocational Education,I4210166378,NG,education
West African College of Physicians,I4210121192,NG,education
West Kordofan University,I4210163001,SD,education
West Midlands Open University,I4405255762,NG,education
Western Delta University,I3129425364,NG,education
Wigwe University,I4405257292,NG,education
William V. S. Tubman University,I4210112489,LR,education
Wisconsin International University College,I4210143128,GH,education
Wolaita Sodo University,I4210101494,ET,education
Woldia University,I4210159645,ET,education
Wolkite University,I4210085988,ET,education
Wollega University,I301615471,ET,education
Wollo University,I4210114501,ET,education
Women's University in Africa,I111908491,ZW,education
Yaba College of Technology,I187350138,NG,education
Yanet Health College,I4210123786,ET,education
Yobe State University,I3130046622,NG,education
Youcef El Khatib University of Health Sciences,I4405265100,DZ,education
Zagazig University,I192398990,EG,education
Zambia Catholic University,I4210162798,ZM,education
Zambia Centre for Accountancy Studies,I4210131105,ZM,education
Zambia Forestry College,I3130487124,ZM,education
Zambian Open University,I4210086394,ZM,education
Zanzibar School of Health,I4210091441,TZ,education
Zanzibar University,I3130477979,TZ,education
Zenith University College,I3130444996,GH,education
Zetech University,I3130743347,KE,education
Zewail City of Science and Technology,I4210150948,EG,education
Ziane Achour University of Djelfa,I4210086990,DZ,education
Ziguinchor University,I3133343326,SN,education
Zimbabwe Ezekiel Guti University,I2802209371,ZW,education
Zimbabwe Ezekiel Guti University Press,I4405258886,ZW,education
Zimbabwe National Defence University,I4405257377,ZW,education
Zimbabwe Open University,I109121592,ZW,education
Zimbabwe University Libraries Consortium,I4399598435,ZW,education
Zintan University,I4387152903,LY,education
Abbès Laghrour University of Khenchela,I4210130929,DZ,education
Abdelmalek Essaâdi University,I240042149,MA,education
Abdulrahman Al-Sumait University,I4405257764,TZ,education
Centre d’excellence africain pour la prévention et le contrôle des maladies transmissibles,NA,NA,NA
Delta State Polytechnic Otefe-Oghara,I4405256528,NG,education
Delta State University,I193555791,NG,education
Delta State University of Science and Technology Ozoro,I4405254558,NG,education
Delta University for Science and Technology,I882248123,EG,education
Dessie Health Science College,I4405264709,ET,education
Dhow Countries Music Academy,I4210102760,TZ,education
Dilla University,I4210136909,ET,education
Dire Dawa University,I3131880829,ET,education
DMI St. Eugene University,I4210110797,ZM,education
DMI-St. John the Baptist University,I4210122687,MW,education
"Dominican University, Ibadan",I4405258287,NG,education
Ecole Nationale d’Ingénieurs – Abderhamane Baba Touré,NA,NA,NA
École Nationale Supérieure de Journalisme et des Sciences de l’Information,NA,NA,NA
École Régionale Supérieure de la Magistrature (ERSUMA) de l’OHADA,NA,NA,NA
Ecole Supérieure d’Economie Appliquée,NA,NA,NA
Ecole Supérieure en Sciences Biologiques d’Oran,NA,NA,NA
Institut de Statistiques et d’Études Économiques du Burundi,NA,NA,NA
Institut National d’Hygiène Publique,NA,NA,NA
Institut National des Sciences Comptables et de l’Administration d’Entreprises,NA,NA,NA
Institut Supérieur d’Art Dramatique et d’Animation Culturelle,NA,NA,NA
Institut Supérieur d’Electronique et des Réseaux & Télécommunications,NA,NA,NA
"Institut Supérieur d’Informatique, Programmation et Analyse",NA,NA,NA
Institut Supérieur du Sport et de l’Éducation Physique de Sfax,NA,NA,NA
Instituto Nacional de Estatística,I4210139036,CV,education
Instituto Superior Cristão,I4210137493,MZ,education
Instituto Superior de Administração e Finanças,I4405253711,AO,education
Instituto Superior de Artes e Cultura,I4210147889,MZ,education
Instituto Superior de Ciências da Educação de Benguela,I4405259650,AO,education
Instituto Superior de Ciencias de Saude,I4210146479,MZ,education
Instituto Superior de Ciências e Tecnologia Alberto Chipande,I4210116050,MZ,education
Instituto Superior de Ciências e Tecnologia de Moçambique,I4210136338,MZ,education
Instituto Superior de Ciências Económicas e Empresariais,I4210088655,CV,education
Instituto Superior de Ciencias Sociais e Relações Internacionais,I4210139431,AO,education
Instituto Superior de Comunicação e Imagem de Moçambique,I4210092341,MZ,education
Instituto Superior de Transportes e Comunicaçõe,I4210114895,MZ,education
National University of Equatorial Guinea,I4210152282,GQ,education
National University of Lesotho,I162254961,LS,education
National University of Science and Technology,I12003341,RU,education
"National University of Sciences, Technologies, Engineering and Mathematics",I4210134560,BJ,education
Nazi Boni University,I3131918342,BF,education
Ndejje University,I3132131080,UG,education
Nelson Mandela African Institution of Science and Technology,I97231232,TZ,education
Nelson Mandela University,I99712911,ZA,education
New Generation University College,I2802457231,ET,education
New Giza University,I4405261678,EG,education
Newgate University Minna,I4405259301,NG,education
Niger Delta University,I147765412,NG,education
Niger State Polytechnic,I4210150006,NG,education
Nigeria Police Academy,I4405252817,NG,education
Nigerian Army College of Education,I4405255734,NG,education
Nigerian Defence Academy,I33783412,NG,education
Nigerian Institute of Transport Technology,I4405260851,NG,education
Nigerian University Games Association,I4210140764,NG,education
Nigerian University of Technology and Management,I4405259264,NG,education
Nile University,I57629906,EG,education
Nile University of Nigeria,I4210165297,NG,education
Nile University of Science and Technology,I4399598455,SO,education
Nile Valley University,I158878888,SD,education
Njala University,I195729267,SL,education
Nkumba University,I119444248,UG,education
Nnamdi Azikiwe University,I207227095,NG,education
North Gate University,I4210157503,RW,education
"North-Eastern University, Gombe",I4405254986,NG,education
North-West University,I27765905,ZA,education
Northrise University,I3130391927,ZM,education
Novena University,I233754661,NG,education
Nugaal University,I3132836742,SO,education
"Nurses' Training College, Ho",I2799828974,GH,education
Obafemi Awolowo University,I45711476,NG,education
Obong University,I3130618196,NG,education
Obour Institutes,I4210132304,EG,education
Unité de Recherche en Génie des Procédés et en Génie de l’Environnement,NA,NA,NA
Université d’Antsiranana,NA,NA,NA
Université d’Ébolowa,NA,NA,NA
University Elmergib,I4210148074,LY,education
University Ferhat Abbas of Setif,I40193446,DZ,education
University for Development Studies,I83291730,GH,education
University Frères Mentouri Constantine 1,I125485651,DZ,education
