name,wikidata_qid,founded_year,status
Tanzania Institute of Accountancy,Q66424102,2002,done
Université Catholique du Graben,Q3551526,1989,done
ABM University College,Q30266440,1989,done
AIMS Research and Innovation Centre,Q137796048,2023,done
Abbès Laghrour University of Khenchela,Q30294238,2011,done
Abdelmalek Essaâdi University,Q3551367,1982,done
Abdulrahman Al-Sumait University,Q16902334,1998,done
Abia State University,Q3509319,1981,done
Abiola Ajimobi Technical University Ibadan,NA,NA,done
Abrar Research and Training Centre (ARACHTI),Q139771299,2014,done
Abrar University,Q100955851,2014,done
Abubakar Tafawa Balewa University,Q4670504,1982,done
Academic City College University,NA,NA,done
Academic University,Q4059193,1724,done
Academy of Arts,Q383092,NA,done
Academy of Engineering Sciences,Q19460085,2002,done
Académie des Beaux-Arts,Q337531,1816,done
Accra Institute of Technology,Q16240676,2009,done
Accra Technical University,Q4672825,1949,done
Achievers University,Q4673678,2007,done
Adama Hospital Medical College,Q136352001,2012,done
Adama Science and Technology University,Q4680095,2005,done
Adamawa State University,Q4680123,2002,done
Addis Ababa Science and Technology University,Q30266442,2011,done
Addis Ababa University,Q1238770,1950,done
Adekunle Ajasin University,Q4681526,1999,done
Adeleke University,Q25043984,2011,done
Adigrat University,Q28223078,2011,done
Admas University,Q721103,2006,done
Admiralty University of Nigeria,Q107724079,2017,done
Adventist University Cosendai,NA,NA,done
Adventist University of Africa,Q3551516,2005,done
Adventist University of Central Africa,Q24937816,1978,done
Adwa-Pan African University,Q60785773,2017,done
Afe Babalola University,Q4688832,2009,done
Africa Health Sciences University,Q135398339,2024,done
Africa International University,Q16250182,1983,done
Africa Nazarene University,Q4689577,1994,done
Africa University,Q383939,1992,done
African Bible University,Q4689708,2005,done
African Institute for Mathematical Sciences,Q2826172,2003,done
African Institute of Science and Technology,NA,NA,done
African Leadership Institute,NA,NA,done
African Leadership University,Q25104613,2015,done
African Methodist Episcopal University,Q4689862,1995,done
African Regional Institute for Geospatial Information Science and Technology,Q124092211,NA,done
African Rural University,Q17510024,2009,done
African University College of Communications,Q4689946,2002,done
African Virtual University,Q4689951,1997,done
Afro-American University of Central Africa,Q122142167,2015,done
Afya na Haki Institute,Q130882836,2022,done
Aga Khan University,Q4690953,1983,done
Aga Khan University Nairobi,NA,NA,done
Agenla Academy,Q135738806,2012,done
Agitel-Formation,Q2826874,1990,done
Agostinho Neto University,Q1325937,1962,done
Ahfad University for Women,Q400222,1966,done
Ahmadu Bello University,Q401034,1962,done
Ahmed Draia University,NA,NA,done
Ahmed Zabana University - Relizane,NA,NA,done
Ahram Canadian University,Q4702165,2005,done
Ain Shams University,Q2723670,1950,done
Air Force Institute of Technology Kaduna,NA,NA,done
Ajayi Crowther University,Q4699675,2005,done
Akademia,Q189441,1364,done
Akademie Reformatoriese Opleiding en Studies,Q42116192,2003,done
Akhbar El Yom Academy,Q30294235,NA,done
Akobo Heritage and Memorial University,Q4701497,NA,done
"Akrofi-Christaller Institute of Theology, Mission and Culture",Q30294150,1987,done
Aksum University,Q4701848,2007,done
Akwa Ibom State College Of Education,Q124448615,1991,done
Akwa Ibom State University,Q4702002,2010,done
Al Akhawayn University,Q2829294,1995,done
Al Fashir University,Q4703811,1990,done
Al Hayah University in Cairo,Q79403381,2019,done
Al Hayat Medical University,Q139771675,2016,done
Al Salam University,NA,NA,done
Al Zawiya University,Q3066997,1983,done
Al-Ahram Center for Political and Strategic Studies,Q4702168,1968,done
Al-Arab Medical University,Q3648084,1984,done
Al-Azhar University,Q173959,970,done
Al-Hikmah University,Q4702511,2005,done
Al-Neelain University,Q4121165,1955,done
Al-Qalam University Katsina,NA,NA,done
AlAlamein International University,Q4705896,2020,done
AlJafara University,Q138859843,2015,done
AlMughtaribeen University,Q15648560,2010,done
Alan J Flisher Centre for Public Mental Health,Q139771681,2010,done
Alasmarya Islamic University,Q4703503,1506,done
Alexandria Higher Institute of Engineering and Technology,Q4720977,1996,done
Alexandria National University,Q111307163,2021,done
Alexandria University,Q1424632,1938,done
All Nations University,Q258200,2002,done
All Saints University Lango,Q4729602,2008,done
Alupe University,Q111181045,2015,done
"Alvan Ikoku Federal University of Education, Owerri",NA,NA,done
Alzaiem Alazhari University,Q4738816,1993,done
Ambo University,Q29569926,1939,done
Ambrose Alli University,Q4741757,1981,done
American International School in Egypt,NA,NA,done
American International University West Africa,Q16251004,2011,done
American University in Cairo,Q469476,1919,done
American University of Nigeria,Q3510835,2003,done
Amoud University,Q3493066,1998,done
Amref International University,Q48816436,2017,done
Anglican University College of Technology,Q105078708,2008,done
Ankole Western University,Q4766090,2005,done
"Arab Academy for Management, Banking and Financial Sciences",Q12183553,1988,done
"Arab Academy for Science, Technology, and Maritime Transport",NA,NA,done
Arab Open University,Q3679860,2000,done
Arab Studies and Research Institute,Q30294384,NA,done
Arba Minch University,Q4784581,1986,done
Arbaminch College of Education,Q139407942,1988,done
Ardhi University,Q4788041,2007,done
Arish University,Q28714635,2016,done
Armed Forces College of Medicine,Q107518891,2013,done
Arrupe Jesuit University,Q22032220,1994,done
Arthur Jarvis University,Q60760650,2016,done
Ashesi University,Q725198,2002,done
Asossa University,Q30266446,2011,done
Assiut University,Q246534,1957,done
Assiut University Hospitals,Q30253933,1987,done
Aswan University,Q4811978,2012,done
Atiba University,Q107717874,2017,done
Atlantic African Oriental Multicultural University International,NA,NA,done
Auchi Polytechnic,Q17929150,1964,done
"Augustine University, Ilara",NA,NA,done
Azzaytuna University,Q22686987,2001,done
Ba Isago University,Q99678207,2002,done
Babcock University,Q653638,1959,done
Badji Mokhtar-Annaba University,Q4118237,1975,done
Badr University in Cairo,Q20411399,2014,done
Bahir Dar University,Q4842597,2001,done
Bamenda University of Science and Technology,Q30266462,1995,done
"Bamidele Olumilua University of Education, Science and Technology",Q133811746,2020,done
Bani-Waleed University,Q102347728,2015,done
"Baptist College of Theology, Obinze",Q134251232,1977,done
Baptist Theological College of Southern Africa,Q4857686,1951,done
Bayan University,Q4874272,1997,done
Bayelsa Medical University,Q104853646,2018,done
Bayero University Kano,Q3511498,1962,done
Baze University,Q4875157,2011,done
Bel Campus Technological University,Q30294192,NA,done
Bells University of Technology,Q4884154,2004,done
Benadir University,Q721109,2002,done
Benghazi Military University Academy,Q4887749,1957,done
Benha National University,Q105576298,NA,done
Benha University,Q1042722,1976,done
Beni American University,Q30266595,2014,done
Beni-Suef University,Q4887885,2005,done
Benson Idahosa University,Q181419,2002,done
Benue State University,Q4890689,1992,done
Biaka University Institute of Buea,Q135738794,1998,done
Bindura University of Science Education,Q4914065,1996,done
Bingham University,Q5322769,2005,done
Binyaminu Usman Polytechnic,Q108597299,1992,done
Bishop Stuart University,Q4917719,2003,done
Blue Nile University,Q4929571,1995,done
BlueCrest University College,Q100955843,2000,done
Boitekanelo College,Q135739156,2007,done
Bomet University College,Q112751982,2017,done
Borana University,Q138860412,2017,done
Botho University,Q4948645,1997,done
Botswana Accountancy College,Q4948875,1996,done
Botswana International University of Science and Technology,Q2856101,2005,done
Botswana Open University,Q61931288,1993,done
Botswana University of Agriculture and Natural Resources,Q3388063,1991,done
Bowen University,Q16255327,2001,done
Bridge University,NA,NA,done
Brighton International University,Q767720,NA,done
British University in Egypt,Q3087723,2005,done
Bugema University,Q4986155,1948,done
Bujumbura Christian University,Q100523633,NA,done
Bukalasa Agricultural College,NA,NA,done
Bule Hora University,Q30266538,2008,done
Burao University,Q3551573,2004,done
Busitema University,Q5001978,2007,done
Busoga University,Q9091624,1999,done
Cadi Ayyad University,Q737095,1978,done
Cairo Higher Institute,Q12193488,1957,done
Cairo University,Q194445,1908,done
Caleb University,Q5019318,1995,done
Cameroon Field Epidemiology Training Programme,Q138460726,2010,done
Canadian International College,Q5030197,2004,done
Cape Coast Technical University,Q1034369,1986,done
Cape Peninsula University of Technology,Q1034468,2005,done
Cape Town Baptist Seminary,Q139032353,1974,done
Cape Town Creative Academy,Q133811010,2012,done
"Captain Elechi Amadi Polytechnic, Rumuola",Q7338302,1987,done
Caritas University,Q1771027,2005,done
Carnegie Mellon University Africa,NA,NA,done
Catholic University College of Ghana,Q1051100,2003,done
Catholic University Institute of Buea,Q30266849,1944,done
Catholic University of Angola,Q1707542,1999,done
Catholic University of Cameroon,Q1707329,2010,done
Catholic University of Central Africa,Q1707564,1989,done
Catholic University of Eastern Africa,Q1736407,1984,done
Catholic University of Health and Allied Sciences,Q15208026,1994,done
Catholic University of Kabgayi,Q30294341,NA,done
Catholic University of Madagascar,Q30294285,1960,done
Catholic University of Mozambique,Q650358,1996,done
Catholic University of South Sudan,Q5053269,2008,done
Catholic University of West Africa,Q1583850,2000,done
Catholic University of Zimbabwe,Q8071970,1999,done
Cavendish University Uganda,Q5055032,2008,done
Cavendish University Zambia,Q5055033,2004,done
Center for Research in Islamic Sciences and Civilization,Q138655067,2016,done
Center of Research in Mechanics,Q133811280,NA,done
Central University,Q584919,1943,done
Central University of Technology,Q1054047,1981,done
Centre Africain d'Études Supérieures en Gestion,Q30294349,NA,done
Centre Universitaire Morsli Abdellah de Tipaza,Q110529944,2011,done
Centre Universitaire Nour Bachir El Bayadh,Q100258387,NA,done
Centre Universitaire de Labé,Q30294213,NA,done
Centre Universitaire de Mila,NA,NA,done
Centre d'Intelligence Artificielle et de Robotique du Mali,Q136352035,2023,done
Centre de Recherche en Aménagement du Territoire,Q133810732,2019,done
Centre d’excellence africain pour la prévention et le contrôle des maladies transmissibles,Q135398381,2018,done
"Centre for Mathematics, Science and Technology Education in Africa",Q139771243,2004,done
Centro Nacional de Artesanato,Q5062855,NA,done
Chadli Bendjedid El Tarf University,NA,NA,done
Chalimbana University,Q96374720,1939,done
Chartered Institute of Marketing Ghana,Q16733405,1981,done
Cheikh Anta Diop University,Q671363,1918,done
Chinhoyi University of Technology,Q5101057,2001,done
Chouaib Doukkali University,Q12204499,1985,done
Chrisland University,Q22079853,2015,done
Christian Bilingual University of Congo,Q5109336,2006,done
Christian Service University College,Q1081899,1966,done
Chuka University,Q16258266,2004,done
Chukwuemeka Odumegwu Ojukwu University,Q4751185,2000,done
"Chukwuemeka Odumegwu Ojukwu University, Igbariam Campus",Q135398237,NA,done
Claretian University of Nigeria,Q107724160,2021,done
Clarke International University,Q116482965,2008,done
College of African Wildlife Management,Q5146612,1963,done
College of Agriculture Science and Technology,Q137204444,1977,done
College of Business Education,Q30294229,1965,done
"College of Education, Akwanga",Q107462934,1976,done
College of Electrical and Electronics Technology,Q138860535,1973,done
College of Science and Technology - University of Rwanda,NA,NA,done
"College of Technical Science, Bani Walid",Q136448389,1996,done
College of Technical Sciences Derna,Q133811849,1992,done
Colleges of Medicine of South Africa,Q5146930,NA,done
Comprehensive Autism and related Disabilities Education and Training,Q30286923,NA,done
"Confluence University of Science and Technology, Osara",NA,NA,done
Copperbelt University,Q339314,1987,done
Copperstone University,Q5168854,2004,done
Corona College of Education,Q107478104,2014,done
Covenant University,Q742241,2002,done
Cranefield College,Q30294176,NA,done
Crawford University,Q5182920,2005,done
Crescent University,Q5184436,2005,done
Cuttington University,Q5197010,1889,done
D.S. Adegbenro ICT Polytechnic,Q108597444,2006,done
DMI St. Eugene University,Q25043205,1984,done
DMI-St. John the Baptist University,Q100955848,2011,done
Da Vinci Institute,Q30294182,NA,done
Dalanj University,Q5210213,1995,done
Dale Kietzman University,Q135739051,2007,done
Damanhour University,Q3699436,2010,done
Damelin,Q5212152,1943,done
Damietta University,Q5212540,2012,done
Dar es Salaam Institute of Technology,Q5221955,1997,done
David Umahi Federal University of Health Sciences Uburu,Q130451603,2021,done
Daystar University,Q5243437,1989,done
Debark University,Q77583759,NA,done
Debre Berhan University,Q18350858,2007,done
Debre Markos University,Q5248546,1999,done
Debre Tabor University,Q77583268,2008,done
Dedan Kimathi University of Technology,Q5249724,1972,done
"Delta State College of Education, Mosogar",Q135738978,2002,done
Delta State Polytechnic Ogwashi-Uku,Q28458409,NA,done
Delta State Polytechnic Otefe-Oghara,NA,NA,done
Delta State University,Q3887993,1924,done
Delta State University of Science and Technology Ozoro,NA,NA,done
Delta University for Science and Technology,Q12204426,2007,done
Dessie Health Science College,Q138860640,1964,done
Dhow Countries Music Academy,Q56294077,2002,done
Dilla University,Q20629650,1996,done
Dire Dawa University,Q5280195,2006,done
"Dominican University, Ibadan",NA,NA,done
Dominion University College,Q100942462,2009,done
"Dominion University, Ibadan",NA,NA,done
Dr. Hilla Limann Technical University,Q125019643,1999,done
Durban University of Technology,Q926710,2002,done
ENSIT,Q3798136,NA,done
ESCA Ecole de Management,Q18213503,1992,done
ESEP-LE BERGER University,Q99747384,1999,done
East Africa Star University,Q100523641,2012,done
East Africa University,Q5327643,1999,done
East African University,Q99287205,NA,done
Eastern Africa Statistical Training Centre,Q134515438,1965,done
Eastern Technical University of Sierra Leone,NA,NA,done
Eastern and Southern African Management Institute,Q5330584,1979,done
Ebonyi State University,Q5331946,1999,done
Eckernforde Tanga University,Q16966704,2010,done
Ecole Centrale Casablanca,Q17626162,2013,done
Ecole Mohammadia d'Ingénieurs,Q3577687,1959,done
Ecole Nationale Polytechnique de Constantine,Q17651592,2011,done
"Ecole Nationale Supérieur des Télécommunications et des Technologies de l’Information et de la Communication, Abdelhafid Boussouf",NA,NA,done
Ecole Nationale Supérieure de Biotechnologie Taoufik Khaznadar,Q104876326,2011,done
Ecole Nationale Supérieure de Sciences Politiques,Q135739348,2009,done
Ecole Nationale Supérieure des Sciences de la Mer et de l'Aménagement du Littoral,Q30294184,2008,done
Ecole Nationale Supérieure des Technologies Avancées,Q135398220,2022,done
Ecole Nationale d'Administration,Q273579,1945,done
Ecole Nationale d’Ingénieurs – Abderhamane Baba Touré,NA,NA,done
Ecole Normale Supérieure d'Oran,Q138860142,2014,done
Ecole Normale Supérieure of Laghouat,Q133811924,2011,done
Ecole Supérieure d'Agronomie Mostaganem,Q124525859,2018,done
Ecole Supérieure d’Economie Appliquée,NA,NA,done
Ecole Supérieure en Sciences Biologiques d’Oran,Q133811043,2017,done
Ecole de santé publique de Kinshasa,NA,NA,done
Ecole supérieure en science et technologies de l'informatique et du numérique,Q100260499,2020,done
Eden University,Q65080544,2010,done
Edexcel University,Q100955836,2015,done
Edna Adan University,Q85758593,NA,done
Edo State University Uzairue,Q24254508,2016,done
Eduardo Mondlane University,Q890884,1962,done
Education for All Campaign Network,Q137943856,2002,done
Eduvos,Q133812061,1979,done
Edwin Clark University,Q56274195,2015,done
Egerton University,Q3915401,1939,done
Egypt-Japan University of Science and Technology,Q4115744,2010,done
Egyptian Aviation Academy,Q6875918,NA,done
Egyptian Chinese University,Q29513905,2013,done
Egyptian College of Critical Care Physicians,Q30265707,NA,done
Egyptian Institute of Alexandria Academy for Administration & Accounting,Q30294278,NA,done
Egyptian Russian University,Q2597842,2006,done
Egyptian Universities Network,Q30253677,NA,done
Egyptian e-Learning University,Q12185355,2008,done
Ekiti State University,Q7895014,1982,done
El Asher University,Q22929364,2009,done
El Shorouk Academy,Q12180089,1995,done
ElSewedy University of Technology,Q122186974,2023,done
Elizade University,Q16733493,2013,done
Elsahel Teaching Hospital Cairo Egypt,NA,NA,done
Elsheikh Abdallah Elbadri University,Q16121178,2002,done
Emir Abdelkader University of Islamic Sciences,Q5372520,1984,done
"Emmanuel Alayande University of Education, Oyo",NA,NA,done
Enieg Oxford University Institute,Q135739043,2022,done
Enugu State University of Science and Technology,Q5380877,1979,done
Equator University of Science and Technology,Q131763159,NA,done
Ernest Cook University,Q65512610,2002,done
Escola Superior Pedagógica do Cuanza Norte,Q65175001,2009,done
Escola Superior de Jornalismo,Q30294202,NA,done
Espam Formation University,Q30266447,2007,done
Ethiopian Civil Service University,Q5403540,1995,done
Ethiopian Defence University,NA,NA,done
Ethiopian Institute of Agricultural Research,Q5403550,1940,done
Ethiopian Institute of Water Resources,Q121599439,2011,done
Ethiopian Police University College,NA,NA,done
Euclid University,Q5406105,2005,done
Euro-Mediterranean University of Fes,NA,NA,done
Evangelical Presbyterian University College,Q5415743,2008,done
Evelyn Hone College,Q1259137,1965,done
Evolutionary Engineering & Distributed Information Systems Laboratory,Q135095075,NA,done
Examinations Council of Zambia,Q48815184,1987,done
Experiential Higher Institute of Science and Technology (EXHIST),NA,NA,done
Ez-Zitouna University,Q428136,737,done
FCT College of Education,Q61931453,1996,done
FOMIC Polytechnic University Institute,Q135738658,2011,done
Faculty of Economics and Management of Sfax,NA,NA,done
Faculty of Sciences of Sfax,Q91611455,NA,done
Fairland University,Q5430506,2001,done
Fayoum University,Q4119550,2005,done
Federal College of Agrioculture Ishiagu,NA,NA,done
Federal College of Animal Health and Production Technology Ibadan,NA,NA,done
Federal College of Education (Technical) Asaba,NA,NA,done
Federal College of Education (Technical) Bichi,NA,NA,done
Federal College of Education (Technical) Ekiadolor,NA,NA,done
Federal College of Education Gidan Madi,Q138460674,2021,done
"Federal College of Education, Eha-Amufu",Q107477950,1981,done
"Federal College of Education, Iwo",Q111936422,2020,done
"Federal College of Education, Kano",Q105095640,1965,done
Federal College of Fisheries and Marine Technology,Q5440063,1969,done
Federal College of Medical Laboratory Science and Technology,Q135095498,NA,done
Federal Institute of Industrial Research Oshodi,Q30261806,1953,done
Federal Polytechnic Ayede,Q117447602,2021,done
Federal Polytechnic Damaturu,Q100709256,1992,done
Federal Polytechnic Ede,Q109248945,1992,done
Federal Polytechnic Kabo,Q138654995,2023,done
Federal Polytechnic Nekede,Q109235461,1977,done
Federal Polytechnic Ohodo,Q133810671,2021,done
Federal Polytechnic Oko,NA,NA,done
Federal Polytechnic Orogun,Q133810698,2023,done
Federal Polytechnic Wannune,Q132803481,2021,done
"Federal Polytechnic, Ile-Oluji, Ondo State",Q107475800,2016,done
"Federal Polytechnic, Ukana",Q107476580,2014,done
"Federal School of Surveying, Oyo",Q113519266,1908,done
Federal University Birnin Kebbi,Q108871044,2014,done
Federal University Gashua,Q17929189,2013,done
Federal University Kashere,Q109096771,2011,done
Federal University Lafia,Q108871055,2011,done
Federal University Lokoja,Q18354920,2011,done
Federal University Otuoke,Q22080808,2011,done
Federal University Oye Ekiti,Q5440473,2011,done
Federal University of Agriculture,Q7895022,1988,done
Federal University of Agriculture Zuru,NA,NA,done
"Federal University of Allied Health Sciences, Enugu",Q136663946,2024,done
"Federal University of Health Sciences, Ila-Orangun",NA,NA,done
"Federal University of Health Sciences, Otukpo",Q133896459,NA,done
Federal University of Petroleum Resource Effurun,Q16838161,2007,done
Federal University of Technology,Q5440486,1981,done
Federal University of Technology Ikot Abasi,Q121408943,NA,done
Federal University of Technology Minna,Q17105410,1983,done
Federal University of Technology Owerri,Q5440485,1980,done
"Federal University of Technology, Babura",Q133811744,2021,done
Fezzan University,Q102347733,2017,done
Fins Medical University,Q65046746,NA,done
Fisheries Education and Training Agency,Q132803446,2012,done
Fountain University,Q5474772,2007,done
Freetown Polytechnic,Q135398273,NA,done
French University of Egypt,Q3183238,2002,done
Future Academy,Q95974971,NA,done
Future University in Egypt,Q3013175,2006,done
Gaborone University College Of Law and Professional Studies,Q30266466,2006,done
Gadarif University,NA,NA,done
Gamal Abdel Nasser University of Conakry,Q2496012,1962,done
Gambia National Library Service Authority,NA,NA,done
Garden City University College,Q284673,2001,done
Gateway ICT Polytechnic Saapade,Q135398351,2006,done
German International University,Q139771466,2019,done
German University in Cairo,Q691097,2002,done
Ghana Armed Forces Command and Staff College,Q107518931,1963,done
Ghana Baptist University College,Q1521340,2006,done
Ghana Christian University College,Q1521341,1966,done
Ghana College of Physicians and Surgeons,Q65049397,NA,done
Ghana Communication Technology University,Q1521371,2006,done
Ghana Institute of Languages,Q5555360,1961,done
Ghana Institute of Management and Public Administration,Q16733564,1961,done
Giza Engineering Institute,Q135095187,NA,done
Global Centre for Academic Research,Q135398337,2018,done
Global Wealth University,Q138860205,2015,done
Glorious Vision University,Q7410732,2011,done
Godfrey Okoye University,Q13601184,2009,done
Gollis University,Q5580839,2004,done
Gombe State College of Health Sciences and Technology Kaltungo,Q133811647,1982,done
Gombe State University,Q5581122,2004,done
Great Lakes University of Kisumu,Q5599489,2006,done
Great Zimbabwe University,Q5600321,1995,done
Green Hope University,Q138587616,2006,done
Greenfield University,Q65058557,2019,done
Greenside Design Center College of Design,Q30294159,NA,done
Gregory University Uturu,NA,NA,done
Gretsa University,Q5607783,2006,done
Groupe AFI,NA,NA,done
Groupe Institut des Hautes Études Économiques et Sociales,Q30294382,NA,done
Groupe École Supérieure de Commerce de Dakar,Q30294356,NA,done
Gulu University,Q5617918,2001,done
Gwanda State University,Q5623285,2012,done
Gweru Polytechnic Institute,Q5623566,NA,done
HIBMAT University Institute of Buea,Q135738430,2010,done
Haramaya University,Q5654075,1954,done
Harare Institute of Technology,Q5654201,1988,done
Hassan Usman Katsina Polytechnic,Q24590309,1983,done
Hassania School of Public Works,Q3577670,1971,done
Hassiba Benbouali University of Chlef,Q29426444,1983,done
Haute École de Commerce et de Management,Q30294294,1999,done
Hautes Études Chrétiennes de Management et de Mathématiques Appliquées,Q30294283,NA,done
Hawassa University,Q5684692,1999,done
Health International Private University,Q30294290,NA,done
Hebron Theological College,Q41568453,NA,done
Helderberg College,Q3129583,1893,done
Heliopolis University,Q12204553,2012,done
Helix Biogen Institute,Q138654924,2019,done
Helwan University,Q10276202,2002,done
Hensard University,Q125138382,2023,done
Heritage Christian University,Q5738742,1971,done
Heritage Polytechnic,Q16928304,NA,done
High Institute For Computers and Management Information Systems,Q30265848,NA,done
High Institute for Management Sciences,NA,NA,done
High Institute of Management and Entrepreneurship,Q30294323,2013,done
High-Tech Rabat-Agdal,Q30294296,NA,done
Higher Institute for Qualitative Studies,NA,NA,done
"Higher Institute for Tourism, Hotels and Computer",Q30294291,NA,done
Higher Institute of Advanced Studies,Q12193483,NA,done
Higher Institute of Applied Arts,Q30294321,NA,done
Higher Institute of Computer Science and Management Technology,Q30294408,NA,done
Higher Institute of Engineering,Q17004556,1994,done
Higher Institute of Engineering Technologies Tripoli,Q139408006,1992,done
"Higher Institute of Engineering and Technology, Kafrelsheikh",Q135738808,2006,done
Higher Institute of Food Industries of Tunis,Q30261826,1976,done
Higher Institute of Islamic Studies,Q30294424,NA,done
Higher Institute of Medical Sciences and Technologies,Q136225104,1982,done
"Higher Institute of Mining, Industry and Geology",Q3577935,1982,done
Higher Institute of Science and Technology Tajoura,Q136448415,2021,done
"Higher Institute of Science and Technology, Qaser Bin Ghashir, Libya",Q139771612,1996,done
Higher Institute of Social Service,Q30294299,1936,done
Higher Knowledge Institute of Languages ​​and Translation,Q30294275,NA,done
"Higher National School of Renewable Energies, Environment & Sustainable Development",Q135095705,2020,done
Higher National Veterinary School,Q3578271,1970,done
Higher School of Management of Tlemcen,NA,NA,done
Higher School of Saharan Agriculture - El Oued,NA,NA,done
Higher Technological Institute,Q14590694,1988,done
"Higher Technological Institute, 6th of October City",Q134523996,1996,done
Hillside Teachers' College,Q137943740,NA,done
Ho Technical University,Q1325425,1968,done
Hope Africa University,Q2687972,2000,done
Hope University,Q5899559,2008,done
Hormuud University,Q100955860,2010,done
Horseed International University,Q28221476,NA,done
Hubert Kairuki Memorial University,Q5927408,1997,done
Hussaini Adamu Federal Polytechnic,Q17093214,1991,done
Hypatia of Alexandria Institute for Reflexion and Studies,Q61931494,NA,done
IGAD Sheikh Technical Veterinary School and Reference Centre,Q30266915,NA,done
IIE MSA,Q176667,2001,done
IMM Graduate School of Marketing,Q5972037,1960,done
INES-Ruhengeri,Q105095653,2003,done
ISBAT University,Q63831113,2005,done
Ibrahim Badamasi Babangida University,Q17929219,2005,done
Igbinedion University,Q5991557,1999,done
Imo State Polytechnic Omuma,NA,NA,done
Imo State University,Q6005644,1981,done
"Indian Institute of Technology Madras, Zanzibar",Q135739042,2023,done
Infonet College,Q6030507,2002,done
Information and Communications University,Q491101,1998,done
Injibara University,Q130537753,NA,done
Inoorero University,Q16979416,1983,done
Institut Africain d'Informatique,Q3151823,1971,done
Institut Agronomique et Vétérinaire Hassan II,Q3151828,1966,done
Institut Facultaire des Sciences de l'Information et de la Communication,NA,NA,done
Institut Facultaire des sciences Agronomiques de Yangambi,NA,NA,done
Institut International des Assurances,Q30294345,1972,done
Institut International des Sciences et de Technologie,Q30294367,NA,done
Institut Marocain de Management,Q30294383,NA,done
Institut National Agronomique de Tunisie,Q771642,1970,done
Institut National Polytechnique Félix Houphouët-Boigny,Q3152449,1996,done
Institut National Supérieur des Sciences et Techniques d'Abéché,NA,NA,done
Institut National de Statistique et d'Economie Appliquée,Q2737222,1961,done
Institut National de la Jeunesse et des Sports,Q20127556,1960,done
Institut National de la Poste et des Technologies de l'Information et de la Communication,Q30294205,NA,done
Institut National de la Recherche Agronomique de Tunisie,Q30254553,1898,done
Institut National de sante publique,Q100523645,1999,done
Institut National des Postes et Télécommunications,Q3152433,1961,done
Institut National des Sciences Comptables et de l’Administration d’Entreprises,Q18779685,1981,done
Institut National des Sciences de l'Archéologie et du Patrimoine,Q25381383,1986,done
Institut National du Bâtiment et des Travaux Publics,Q30294462,NA,done
Institut National d’Hygiène Publique,Q30256987,NA,done
Institut Panafricain pour le Développement Afrique Centrale,Q30294337,NA,done
Institut Pasteur de Bangui,Q30281752,1961,done
Institut Polytechnique Africain,Q100452192,2016,done
Institut Polytechnique Rural de Formation et de Recherche Appliquée,Q16643761,1897,done
Institut Privé de Gestion Institut Supérieur de Technologie Industrielle,NA,NA,done
Institut PrépaVogt,Q50315165,NA,done
Institut Préparatoire aux Études d'Ingénieurs de Monastir,Q30263821,1992,done
Institut Royal de Formation des Cadres de la Jeunesse et des Sports,Q30294173,NA,done
Institut Sous-Régional de Statistique et d'Economie Appliquée,Q30294352,NA,done
Institut Superieur Sapientiae de Bafoussam,Q135739127,2010,done
Institut Supérieur de Formation à Distance,Q30294430,NA,done
Institut Supérieur Agronomique et Vétérinaire Valéry Giscard d'Estaing,Q30294209,1990,done
Institut Supérieur International du Tourisme de Tanger,Q131617379,1972,done
Institut Supérieur Privé Polytechnique,Q61931859,1988,done
Institut Supérieur Pédagogique Technique,NA,NA,done
Institut Supérieur Pédagogique de Bukavu,Q3152630,1961,done
Institut Supérieur Pédagogique de Gitwe,Q30294325,NA,done
Institut Supérieur d'Etudes Sociales,Q30294381,NA,done
Institut Supérieur d'Informatique et des Technologies de Communication de Hammam Sousse,Q134524014,NA,done
Institut Supérieur d'Études Maritimes,Q21619090,1978,done
Institut Supérieur de Biotechnologie de Sfax,Q12193470,2002,done
Institut Supérieur de Commerce de Kinshasa,Q3152555,NA,done
Institut Supérieur de Commerce et d'Administration des Entreprises,Q3152559,1971,done
Institut Supérieur de Développement Rural,Q97182768,1962,done
Institut Supérieur de Formation en Technologie Alimentaire,Q30294389,NA,done
Institut Supérieur de Gestion,Q1659456,1967,done
Institut Supérieur de Gestion de Tunis,Q22931737,1969,done
Institut Supérieur de Gestion des Entreprises,Q30294312,1987,done
Institut Supérieur de Statistique de Lubumbashi,Q30294214,NA,done
Institut Supérieur de Statistiques de Kinshasa,Q3152585,1974,done
Institut Supérieur de Technique Médicale,Q30294168,NA,done
Institut Supérieur de Techniques Appliquées,Q136663718,1973,done
Institut Supérieur de Technologie Médicale,Q108737409,2005,done
Institut Supérieur de Technologie d'Antananarivo,Q63862261,NA,done
Institut Supérieur de comptabilité Audit et Finance,Q30294388,NA,done
Institut Supérieur de l'Information et de la Communication,Q30294162,NA,done
Institut Supérieur de l'Informatique et de Gestion,Q100955861,2013,done
"Institut Supérieur de la Communication, des Affaires et du Management",Q3152572,1990,done
Institut Supérieur des Etudes Technologiques de Tozeur,Q100260550,NA,done
Institut Supérieur des Etudes Technologiques de Zaghouan,Q139771427,2002,done
Institut Supérieur des Métiers du Patrimoine de Tunis,Q135738898,2000,done
Institut Supérieur des Professions Infirmières et Techniques de Santé de Casablanca,Q138655029,2013,done
Institut Supérieur des Sciences de l'Éducation de Guinée,Q30294178,NA,done
Institut Supérieur des Sciences et de Médecine Vétérinaire,Q109574991,2004,done
Institut Supérieur des Techniques Médicales de Bukavu,Q131630078,NA,done
Institut Supérieur des Technologies de l'Information et de la Communication,Q19544834,NA,done
Institut Supérieur des Études Technologiques de Gafsa,Q3152608,1981,done
Institut Supérieur des Études Technologiques de Nabeul,Q3152611,1995,done
Institut Supérieur des Études Technologiques en Communications de Tunis,Q3152614,1998,done
Institut Supérieur du Génie Appliqué,Q27961614,1981,done
Institut Supérieur du Sport et de l’Éducation Physique de Sfax,Q12193485,1969,done
Institut Supérieur d’Art Dramatique et d’Animation Culturelle,Q30294160,1985,done
Institut Supérieur d’Electronique et des Réseaux & Télécommunications,Q30294386,NA,done
"Institut Supérieur d’Informatique, Programmation et Analyse",Q30294152,NA,done
Institut Universitaire LES COURS SONOU,Q99753700,2007,done
Institut Universitaire Polytechnique de Mongo,Q3152772,2002,done
Institut Universitaire Siantou,Q115780415,1991,done
Institut Universitaire d'Abidjan,Q3152654,2004,done
Institut Universitaire de la Côte,Q30294327,2002,done
Institut Universitaire du Bénin,Q30294304,NA,done
Institut Universitaire du Congo,Q30294217,NA,done
Institut Universitaire du Golfe de Guinée,Q97041885,1993,done
Institut de Statistiques et d’Études Économiques du Burundi,Q133260324,NA,done
Institut des Hautes Études Bancaires et Financières,Q30294363,NA,done
"Institut des Hautes Études Bancaires, Financières et Managériale",Q30294378,NA,done
Institut des Hautes Études de Management,Q3152162,1988,done
Institut des Hautes Études de Tunis,Q30294263,1998,done
Institut supérieur de documentation,Q3152560,1981,done
Institut supérieur de la Magistrature,Q3152577,1962,done
Institute For Leadership And Communication Studies,Q30294170,NA,done
Institute and Observatory of Geophysics of Antananarivo,Q136448352,1887,done
Institute for Educational Planning and Administration,NA,NA,done
"Institute for Meteorological Training and Research, WMO Regional Training Centre",Q139771373,NA,done
"Institute for Poverty, Land and Agrarian Studies",Q106412094,1995,done
Institute for Security Studies,Q18126017,1991,done
Institute of Accountancy Arusha,Q30294401,NA,done
Institute of Aviation Engineering & Technology,NA,NA,done
Institute of Development Management,Q122382325,1974,done
Institute of Finance Management,Q30294230,1972,done
Institute of Legal Practice and Development,Q30294347,NA,done
Institute of Petroleum Studies Kampala,Q24236563,2013,done
Institute of Rural Development Planning,Q30294232,NA,done
Institute of Tax Administration,Q137796028,1982,done
Instituto Nacional de Estatística,Q1412194,1911,done
Instituto Superior Cristão,Q30294189,NA,done
Instituto Superior Monitor,Q30294220,NA,done
Instituto Superior Politecnico de Tete,Q30294237,2005,done
Instituto Superior Politécnico Metropolitano de Angola,Q30266536,NA,done
Instituto Superior Politécnico de Gaza,Q30294199,2005,done
Instituto Superior Politécnico de Manica,Q10302679,2005,done
Instituto Superior Politécnico de Songo,NA,NA,done
Instituto Superior Politécnico de Tecnologia e Ciências,Q100955832,2005,done
Instituto Superior de Administração e Finanças,Q131934371,NA,done
Instituto Superior de Artes e Cultura,Q30294204,NA,done
Instituto Superior de Ciencias Sociais e Relações Internacionais,Q30294274,NA,done
Instituto Superior de Ciencias de Saude,Q30294206,2004,done
Instituto Superior de Ciências Económicas e Empresariais,Q30294358,1991,done
Instituto Superior de Ciências da Educação de Benguela,Q130533271,NA,done
Instituto Superior de Ciências e Tecnologia Alberto Chipande,Q30294191,NA,done
Instituto Superior de Ciências e Tecnologia de Moçambique,Q30294207,NA,done
Instituto Superior de Comunicação e Imagem de Moçambique,Q30294208,NA,done
Instituto Superior de Transportes e Comunicaçõe,Q30294215,NA,done
Instituts Supérieurs des Professions Infirmières et Techniques de Santé,Q104480990,NA,done
Inter-University Council for East Africa,Q16910628,1980,done
International Academy Mohammed VI of Civil Aviation,NA,NA,done
International Academy for Engineering and Media Science,Q30294261,NA,done
International Centre for Genetic Engineering and Biotechnology,Q6049095,1994,done
International Crops Research Institute for the Semi-Arid Tropics,Q262250,1972,done
International Institute for Higher Education in Morocco,Q6051094,1988,done
International Institute for Water and Environmental Engineering,Q3075348,2006,done
International Islamic Center for Population Studies and Research,Q61934068,1975,done
International Medical and Technological University,Q6051985,1997,done
International School of Dakar,Q6052947,1983,done
International University & Polytechnic of Benin,Q30294307,NA,done
International University Bamenda,NA,NA,done
International University of Africa,Q1667493,1977,done
International University of East Africa,Q6054150,2011,done
International University of Grand Bassam,Q30266641,1991,done
International University of Management,Q1667019,1994,done
International University of Rabat,Q3551785,2010,done
Isa Kaita College of Education,Q107477957,1991,done
Islamic University College,Q6082651,2004,done
Islamic University in Uganda,Q5158982,1988,done
Islamic University of Niger,Q890735,1986,done
James Hope University,Q107724156,2013,done
Jamhuriya University of Science and Technology,Q17064749,2011,done
Jaramogi Oginga Odinga University of Science and Technology,Q16851003,2009,done
Jazeera University,Q100955858,2010,done
Jean Piaget University of Angola,Q10387844,2000,done
Jean Piaget University of Cape Verde,Q1707547,2001,done
Jigawa State College of Education Gumel,NA,NA,done
Jigawa State College of Nursing Sciences,Q134291891,1996,done
"Jigawa State Polytechnic, Dutse",Q108607234,2007,done
Jigjiga University,Q6192552,2005,done
Jimma University,Q6199299,1999,done
John Garang Memorial University of Science and Technology,Q6234826,2006,done
Jomo Kenyatta University of Agriculture and Technology,Q1702696,1994,done
Jordan University College,Q15229727,NA,done
Joseph Ayo Babalola University,Q915400,2006,done
Joseph Sarwuan Tarka University Makurdi,NA,NA,done
Joshua Mqabuko Nkomo Polytechnic,Q6290079,1981,done
Julius Nyerere University of Kankan,NA,NA,done
KCA University,Q6326561,1989,done
KCMC University,Q136448349,NA,done
Kabale University,Q6343817,2001,done
Kabarak University,Q6343885,2002,done
Kaduna Polytechnic,Q23019261,1956,done
Kaduna State University,Q6345764,2004,done
Kafrelsheikh University,Q4115998,2006,done
Kaimosi Friends University,Q90920549,NA,done
Kampala International University,Q6359113,2001,done
Kampala University,Q6359130,1999,done
Kano State University of Technology,Q16852238,2000,done
Karary University,Q6368619,1996,done
Karatina University,Q15036625,2013,done
Karl Kumm University,Q107724127,2003,done
Karume Institute of Science and Technology,Q135739137,2006,done
Kassala University,Q736962,1990,done
Katanga Methodist University,Q30265691,1951,done
Katsina State Institute of Technology and Management,NA,NA,done
Kebbi State Polytechnic,Q138662877,2013,done
Kebbi State University of Science and Technology,Q17109112,2006,done
"Kenule Beeson Saro-Wiwa Polytechnic, Bori",Q7338304,1992,done
Kenya Highlands University,Q16999351,1970,done
Kenya Institute of Curriculum Development,Q137943588,2013,done
Kenya Institute of Special Education,Q137943941,1986,done
Kenya Institute of Surveying and Mapping,Q136663702,1994,done
Kenya Medical Training College,Q16916920,1990,done
Kenya Methodist University,Q6392603,1997,done
Kenya School of TVET,Q30624340,1978,done
Kenyatta University,Q46756,1985,done
Khartoum International Institute for Arabic Languague,Q30294211,NA,done
Kibabii University,Q24236523,2010,done
Kigali Independent University,Q3551790,1996,done
King Ceasor University,Q116486082,2011,done
King Faisal University of N'Djamena,NA,NA,done
Kings University,Q84558370,2015,done
Kingsley Ozumba Mbadiwe University,Q125018042,2016,done
Kirinyaga University,Q28223356,2011,done
Kiriri Women's University of Science and Technology,Q6415328,2002,done
Kisii University,Q15036631,2013,done
Kismayo University,Q3551613,2005,done
Klintaps University College of Health and Allied Sciences,Q140119329,2017,done
Kofi Annan International Peacekeeping Training Centre,Q1778357,1998,done
Koforidua Technical University,Q1406935,1997,done
Kogi State University,Q15043613,1999,done
"Kogi State University, Kabba",Q131293676,NA,done
Koitaleel Samoei University College,NA,NA,done
Kongo University,Q6429212,1990,done
Kotebe University of Education,Q50039998,1959,done
Kumasi Technical University,Q1791968,1954,done
Kumi University,Q6443863,2004,done
Kwame Nkrumah University,Q1654025,1952,done
Kwame Nkrumah University of Science and Technology,Q1654025,1952,done
Kwara State Polytechnic,Q24232007,1973,done
Kwara State University,Q16734211,2009,done
Kwararafa University,Q24944759,2005,done
Kyambogo University,Q2753927,2003,done
LEAP Science and Maths Schools,Q20981668,1987,done
Ladoke Akintola University of Technology,Q6469794,1990,done
Lafoole University,Q6471734,1973,done
Lagos State University,Q849611,1983,done
Lagos State University of Science and Technology,Q23216911,1977,done
Laikipia University,Q15036634,2013,done
Lancaster University Ghana,Q30266490,1964,done
Landmark University,Q16733756,2011,done
Larbi Ben M'hidi University of Oum El Bouaghi,Q30294257,2001,done
Lead City University,Q16733761,2005,done
Lebanese International University of Mauritania,NA,NA,done
Levy Mwanawasa Medical University,Q104847179,2019,done
Liberia Institute Of Public Administration,Q139771635,1969,done
Libya Institute for Advanced Studies,NA,NA,done
Libya Open University,Q12185356,1987,done
Libyan Academy,Q12183555,1988,done
Libyan Centre for Dental Research,Q136448424,2023,done
Libyan International Medical University,Q3648090,2007,done
Light University of Bujumbur,Q3551434,2000,done
Lilongwe University of Agriculture and Natural Resources,Q30260552,2010,done
Lira University,Q24907953,2012,done
LivingStone International University,Q17067633,2012,done
Local Government Training Institute,Q116959417,1952,done
Lower Shabelle University,Q126208847,2010,done
Loyola University of Congo,Q97186173,NA,done
Lukenya University,Q101110418,2015,done
Lupane State University,Q6704659,2005,done
Lusaka Apex Medical University,Q48804537,2008,done
Luxor University,Q68167558,2019,done
Lyceum College,Q6707245,1917,done
Lúrio University,Q10387849,2006,done
Maakhir University,Q6721043,2009,done
Maasai Mara University,Q17037289,2013,done
Machakos School,Q28223293,1939,done
Machakos University,Q28223358,1957,done
Madda Walabu University,Q20982433,2006,done
Madina Academy,NA,NA,done
Madonna University,Q6728390,1937,done
Mahatma Gandhi Institute,Q61931657,1970,done
Mahatma Gandhi University,Q6733535,1983,done
Maitama Sule University Kano,NA,NA,done
Makerere University,Q261506,1922,done
Malawi Adventist University,Q6741451,1969,done
Malawi School of Government,Q138860339,1966,done
Malawi University of Science and Technology,Q25104234,2012,done
Management College of Southern Africa,Q6746662,1995,done
Mandela Institute for Development Studies,Q19787384,2010,done
Mangosuthu University of Technology,Q6588080,1979,done
Manicaland State University of Applied Sciences,Q131875322,2016,done
Manouba University,Q3551710,2000,done
Mansoura National University,Q114817413,2022,done
Mansoura University,Q4116236,1972,done
Margaret Lawrence University,Q129527756,2022,done
Marien Ngouabi University,Q3551438,1971,done
Marondera University of Agricultural Sciences and Technology,Q131876904,2015,done
Maryam Abacha American University of Niger,Q115611259,NA,done
Maseno University,Q3551629,1991,done
Mashreq University,Q12236083,2003,done
Masinde Muliro University of Science and Technology,Q6783284,2007,done
Mateur Higher School of Agriculture,Q30261794,1956,done
Matrouh University,Q12204540,2018,done
Mauritius Institute of Education,Q30294301,NA,done
Mbarara University of Science and Technology,Q514030,1989,done
Mbeya University of Science and Technology,Q15252472,2012,done
McPherson University,Q16733836,2012,done
Media Council of Kenya,Q6805474,NA,done
Mediterranean School of Business,Q3304063,2002,done
Mekdela Amba University,Q119285478,2015,done
Mekelle University,Q6810561,1991,done
Menoufia University,Q1163280,1976,done
Meru University of Science and Technology,Q6820757,1979,done
Methodist University College Ghana,Q99286969,NA,done
Methodist University of Angola,Q10387851,2007,done
Metropolitan International University,Q104480466,2017,done
Mfantsiman Girls Secondary School,Q19605635,1960,done
Michael Okpara University of Agriculture,Q6833225,1992,done
Middlesex University,Q1760791,1973,done
Midlands State University,Q6842554,1993,done
Midocean University,Q131692629,2020,done
Midrand Graduate Institute,Q6842964,1989,done
Military Technical College,Q376281,NA,done
Milpark Education,NA,NA,done
Minia University,Q6865113,1976,done
Misr International University,Q6875934,1996,done
Misr University for Science and Technology,Q14565823,1996,done
Mission de Promotion des Materiaux Locaux,Q133811133,NA,done
Misurata University,Q45819,1984,done
Mizan Tepi University,Q6884590,2006,done
Modern Academy,Q6888540,2000,done
Modern Academy for Engineering and Technology,NA,NA,done
Modern University for Information and Technology,Q30293656,NA,done
Modibbo Adama University of Technology,Q100943682,NA,done
Mogadishu University,Q721115,1997,done
Mohamed I University,Q3551445,1978,done
Mohamed-Cherif Messaadia University,Q18785812,1998,done
Mohammed V University,Q1360237,1957,done
Moi University,Q13122809,1984,done
Monarch University,Q137302554,NA,done
Moshi Co-operative University,Q15256455,NA,done
Mouloud Mammeri University of Tizi-Ouzou,Q3551456,1977,done
Mount Kenya University,Q15045626,1996,done
Mount Meru University,Q6922167,2003,done
Mountain Top University,Q22079989,2015,done
Mountains of the Moon University,Q595684,2005,done
Mountcrest University College,Q15260094,2008,done
Muhimbili University of Health and Allied Sciences,Q6933030,2007,done
Mukuba University,Q18378066,1974,done
Mulago School of Nursing and Midwifery,Q30287931,NA,done
Multimedia University of Kenya,Q16954019,2013,done
Mulungushi University,Q3643633,2008,done
Muni University,Q6936076,2012,done
Murang'a University of Technology,Q18391408,2016,done
Muslim University of Morogoro,Q6942984,2004,done
Mutare Polytechnic,Q107750591,NA,done
Muteesa I Royal University,Q6943779,2007,done
Mzumbe University,Q1240270,2001,done
Mzuzu University,Q477625,1997,done
Nahda College,Q17068763,2014,done
Nahda University,Q12204463,2006,done
Nalikule College of Education,Q138859802,2017,done
Nalut University,Q102347739,2017,done
Namibia Institute of Pathology,Q30261943,2000,done
Namibia University of Science and Technology,Q488696,1996,done
Nasarawa State University,Q6966612,2001,done
National Advanced School of Public Works,NA,NA,done
National Archives of Senegal,Q2860558,1913,done
National Banking College,Q110057126,NA,done
National Center for Educational Research and Development,Q64744500,NA,done
National Council for Curriculum and Assessment,Q118192977,2007,done
National Defence College Kenya,NA,NA,done
National Engineering School of Tunis,Q3578098,1968,done
National Examinations Council,Q60790996,NA,done
National Higher School of Autonomous Systems Technology,Q138654939,2023,done
National Higher School of Mathematics,Q132803485,2022,done
National Higher School of Statistics and Applied Economy,Q3054960,1970,done
National Higher School of Technology and Engineering Annaba,Q135983353,2023,done
National Institute for Nigerian Languages,Q104224385,1993,done
National Institute for Research in Education,Q137204396,1962,done
National Institute of Arts,Q463281,1899,done
National Institute of Public Administration,Q5917466,1958,done
National Institute of Transport,Q30261957,1975,done
National Library of Somalia,Q8247531,1975,done
National Nurses Association of Kenya,Q30288022,NA,done
National Open University of Nigeria,Q6974654,1983,done
National Polytechnic University Institute Bamenda,Q135739070,1996,done
National Postgraduate Medical College of Nigeria,Q25053746,1979,done
National Ribat University,Q6978113,2000,done
National School of Architecture,Q3578078,1980,done
National School of Artificial Intelligence,Q116871000,NA,done
National School of Built and Ground Works Engineering,NA,NA,done
National School of Business and Management in Settat,Q3578117,1994,done
National School of Computer Science,Q3578204,1968,done
"National School of Electronics and Telecommunications of Sfax, Tunisia",NA,NA,done
National School of Mineral Industry,Q3578123,1972,done
National Telecommunications Institute,Q30294330,NA,done
National Universities Commission,Q6979211,1962,done
National University,Q421739,1972,done
National University of Equatorial Guinea,Q3291919,1995,done
National University of Lesotho,Q1410332,1945,done
National University of Science and Technology,Q4315005,1918,done
"National University of Sciences, Technologies, Engineering and Mathematics",Q83870793,2014,done
Nazi Boni University,Q3551817,1997,done
Ndejje University,Q15261310,1992,done
Nelson Mandela African Institution of Science and Technology,Q15261581,2010,done
Nelson Mandela University,Q1331614,2005,done
New Generation University College,Q17071332,2002,done
New Giza University,Q54874555,2016,done
Newgate University Minna,Q136222229,2025,done
Niger Delta University,Q7032755,2000,done
Niger State Polytechnic,Q30294324,1977,done
Nigeria Police Academy,Q109767453,1980,done
Nigerian Army College of Education,NA,NA,done
Nigerian Defence Academy,Q7032895,1964,done
Nigerian Institute of Transport Technology,Q116052700,1984,done
Nigerian University Games Association,Q7033028,1966,done
Nigerian University of Technology and Management,Q134716511,2019,done
Nile University,Q1146856,2006,done
Nile University of Nigeria,Q16957865,2009,done
Nile University of Science and Technology,Q125522674,2017,done
Nile Valley University,Q7036988,1990,done
Njala University,Q7042386,1964,done
Nkumba University,Q7042657,1994,done
Nnamdi Azikiwe University,Q13140900,1991,done
North Gate University,Q17108252,2011,done
"North-Eastern University, Gombe",Q114355731,2022,done
North-West University,Q1998811,2004,done
Northrise University,Q2001151,2003,done
Novena University,Q7064806,2005,done
Nugaal University,Q3551763,2004,done
"Nurses' Training College, Ho",NA,NA,done
Obafemi Awolowo University,Q2008672,1962,done
Obong University,Q7075280,1997,done
Obour Institutes,Q30294318,NA,done
October 6 University,Q99289456,NA,done
October High Institute For Enginnering and Technology,Q30294245,NA,done
October University of Modern Sciences and Arts,NA,NA,done
Oda Bultum University,Q47526619,NA,done
Oduduwa University,Q7078366,2009,done
Ogun State Institute of Technology Igbesa,Q138860375,2005,done
Olabisi Onabanjo University,Q7082913,1982,done
Olusegun Agagu University of Science and Technology,Q17109279,2008,done
Omar Al-Mukhtar University,Q328423,1961,done
Omar Bongo University,Q3551470,1970,done
Omdurman Ahlia University,Q7089954,1986,done
Omdurman Islamic University,Q7089955,1901,done
One World University,Q7093426,NA,done
Open University of Kenya,Q133811864,2023,done
Open University of Mauritius,Q7096263,2012,done
Open University of Sudan,Q7096264,2002,done
Open University of Tanzania,Q7755195,1992,done
Open University of West Africa,Q7096265,2012,done
Open Window School of Visual Communication,NA,NA,done
Oran Graduate School of Economics,Q136565004,NA,done
Oromia State University,Q104243342,2009,done
"Osun State College of Education, Ila-Orangun",NA,NA,done
Osun State University,Q7108022,2006,done
Pan Africa Christian University,Q7129540,1978,done
Pan African Christian University College,Q2048800,NA,done
Pan African Institute for Development,Q97041900,1969,done
Pan African Institute for Development Regional Institute for West Africa,Q135738577,1969,done
Pan-African University,Q7129474,2002,done
Pan-Atlantic University,Q7129474,2002,done
Paul University Awka,Q135111735,2009,done
Pedagogical University,Q290662,1986,done
Pentecost University College,Q2069397,2003,done
Pharaohs Higher Institute of Computer Information Systems and Management,Q30294369,NA,done
Pharos University in Alexandria,Q7180855,2006,done
Philomath University,Q107724280,2021,done
Pigier Bénin,Q30294305,1997,done
Pigier Côte d'Ivoire,Q3388305,1956,done
Pioneer International University,Q30266511,2012,done
Plasma University,Q100955854,2005,done
Plateau State University,Q7202223,2005,done
Polytechnic School of Algiers,Q3578167,1925,done
Poma International Business University,Q100955834,2007,done
Port Said University,Q1564902,2010,done
Presbyterian University of East Africa,Q100946475,NA,done
"Presbyterian University, Ghana",Q1566634,2003,done
Private University of Angola,Q7246173,2000,done
Production Management Institute of Southern Africa,Q30294156,NA,done
Puntland State University,Q7260603,2004,done
Pwani University,Q17110774,2007,done
Radford University College,Q18393060,2009,done
Raya University,Q39058892,2015,done
Red Sea University,Q12204407,1994,done
Redeemer's University,Q7305700,2005,done
Reformed Church University,Q20981310,2012,done
Regenesys Business School,Q17152129,1997,done
Regent Business School,Q7308077,NA,done
Regent University College of Science and Technology,Q2137488,2003,done
Regentropfen University College,Q134251058,2016,done
Regional Centre for Training in Aerospace Surveys,Q30262067,1972,done
Regional Maritime University,Q7309095,2007,done
Renaissance University,Q7312455,2005,done
Rhema University,Q7320383,2009,done
Rhodes University,Q377757,1904,done
Riara University,Q17110806,2012,done
Rift Valley University,Q7333290,2000,done
Rivers State University,Q7338305,1972,done
Rongo University,Q90571011,2011,done
Royal Centre for Remote Sensing,Q2946015,1989,done
Ruaha Catholic University,Q20746315,NA,done
Rumbek University,Q2892503,2010,done
Rusangu University,Q7380634,2002,done
Rwanda Polytechnic,NA,NA,done
SIMAD University,Q17070468,1999,done
"SS Peter and Paul Major Seminary, Bodija",Q135983365,1908,done
Sa'adatu Rimi College of Education,Q103519800,1981,done
Sa'adu Zungur University,Q16839159,2011,done
Sabratha University,Q28450926,2015,done
Sadat Academy for Management Sciences,Q8973195,1981,done
Salem University,Q7404130,1888,done
Samara University,Q4406400,1942,done
Sanaag University of Science and Technology,Q7415442,2009,done
Scott Christian University,Q24236287,1962,done
Sebastian Kolowa Memorial University,Q15275772,2012,done
Sebha University,Q3648100,1983,done
Sedibeng TVET College,Q61931857,2002,done
Sefako Makgatho Health Sciences University,Q19843419,2014,done
Senghor University,Q3551492,1990,done
Shendi University,Q7494219,1994,done
Sheppard and Lapsley Presbyterian University of Congo,Q30294403,NA,done
Sicambeni Rural University,Q7507387,1908,done
Sidi Mohamed Ben Abdellah University,Q3551490,1975,done
Sikkim Manipal University,Q7513814,1995,done
Sinai University,Q7521677,2006,done
Sinnar University,Q7524660,1977,done
Sirte University,Q45817,1991,done
Skyline University Nigeria,Q77969869,2018,done
Social Work Institute in Cairo,Q30294385,NA,done
Sohag University,Q107209412,2006,done
Sokoine University of Agriculture,Q4005900,1984,done
Sokoto State University,Q16962164,2009,done
Sol Plaatje University,Q17090884,2014,done
Solusi University,Q5308248,1894,done
Somali International University,Q20982515,NA,done
Somali National University,Q278455,1954,done
Somali STEM Society,Q139771281,2017,done
Somaliland University of Technology,Q7559188,2000,done
Soroti University,Q7563661,2015,done
South African College of Applied Psychology,Q30294166,NA,done
South African National Energy Development Institute,Q30262049,NA,done
South African School of Motion Picture Medium and Live Performance,NA,NA,done
South African Theological Seminary,Q7565803,NA,done
South Eastern Kenya University,Q16258314,2013,done
South Valley University,Q7568730,1995,done
Southern Africa Nazarene University,Q61931923,2010,done
Sphinx University,Q60914723,NA,done
Spiritan University Nneochi,NA,NA,done
St Augustine College of South Africa,Q1497583,1999,done
St. Augustine International University,Q17379952,2011,done
St. Augustine University of Tanzania,Q1765076,1998,done
St. Christopher Iba Mar Diop College of Medicine,NA,NA,done
St. Francis University College of Health and Allied Sciences,Q16900521,NA,done
St. John's University of Tanzania,Q7588856,1999,done
St. Joseph University In Tanzania,Q16900557,2011,done
St. Lawrence University,Q1411093,1856,done
St. Mary's University,Q7590446,1852,done
St. Mary's University in Juba,Q7590451,2009,done
St. Paul's University,Q30294242,1989,done
Stafford University,Q48803129,2015,done
Stalwart University Institute,Q135738621,2019,done
State University of Medical and Applied Sciences,Q133812253,NA,done
State University of Zanzibar,Q7603635,2002,done
Stella Maris Polytechnic,Q7607098,1988,done
Stellenbosch University,Q1066492,1866,done
Strathmore University,Q7622156,1961,done
Sudan Academy for Banking and Financial Sciences,Q50040766,1963,done
Sudan Academy of Sciences,NA,NA,done
Sudan Childhood Diabetes Association,Q97041353,2003,done
Sudan International University,Q12204430,1990,done
Sudan Medical Specialization Board,Q50038979,1995,done
Sudan University of Science and Technology,Q458467,1932,done
Sudanese Universities Information Network,Q7633375,2004,done
Suez Canal University,Q1161619,1974,done
Suez University,Q12204432,2012,done
Sule Lamido University Kafin Hausa,NA,NA,done
"Summit University, Offa",Q107724041,2015,done
Sunyani Technical University,Q630686,1983,done
Sup Management,Q30294399,NA,done
Sup de Co Marrakech,Q3578437,1987,done
Supershine University,Q100955870,2014,done
Surman College of Science and Technology,Q137204557,1984,done
SwissLink Higher Institute of Business & Technology,Q135738588,2017,done
Taasisi ya Sanaa na Utamaduni Bagamoyo,Q20746231,2007,done
Tai Solarin University of Education,Q7675831,2005,done
Takoradi Technical University,Q1233332,1954,done
Tangaza University,Q136524138,NA,done
Tansian University,Q16953056,2009,done
Tanta University,Q2917699,1972,done
Tanzania Agriculture Research Institute,Q138460470,2016,done
Tanzania Commission for Universities,Q16953067,2005,done
Tanzania Institute of Education (TIE),NA,NA,done
Taraba State College of Health Technology Takum,Q138460420,1991,done
Taraba State University,Q7685179,2008,done
Team University,Q85805400,2010,done
Technical University of Angola,Q7692307,2007,done
Technical University of Kenya,Q7692311,1961,done
Technical University of Mombasa,Q7692314,2013,done
Tengeru Institute of Community Development,Q138655091,1963,done
Teofilo Kisanji University,Q13122812,2006,done
Testament Theological Seminary,Q133811827,2022,done
The Catholic University of Malawi,NA,NA,done
"The Federal Polytechnic, Ado-Ekiti",NA,NA,done
The Future University,Q3013290,1991,done
The Gambia College,Q1492903,NA,done
The Higher Institute of Applied Arts Fifth settlement,Q138655168,2005,done
The Higher Institute of Engineering Technologies Benghazi,Q138655036,2013,done
The Higher School of Management and Digital Economy,NA,NA,done
The Independent Institute of Education,Q24233955,2005,done
The Kenya Education Management Institute,Q139771606,1986,done
The Knowledge Hub Universities,Q135983382,2019,done
The Nigerian Baptist Theological Seminary,NA,NA,done
The Polytechnic Ibadan,NA,NA,done
The University Centre for Studies in Namibia,Q17512879,1978,done
The University of Dodoma,Q693769,2007,done
Thebes Academy,Q6888547,1993,done
Time Université,Q30294265,2002,done
Tissemsilt University,Q30294271,2005,done
Tom Mboya University College,Q114385531,2016,done
Trinity University,Q1311379,1869,done
Tshwane University of Technology,Q1147874,2004,done
Tumaini University,Q2459595,1997,done
Tunis El Manar University,Q3551684,1987,done
Tunis University,Q3551686,1960,done
Tunisia Polytechnic School,Q3578304,1991,done
Tunisia Private University,Q3551799,1992,done
Uganda Christian University,Q2473859,1997,done
Uganda Episcopal Conference,Q3667995,NA,done
Uganda Institute of Information & Communications Technology,Q30287770,NA,done
Uganda Management Institute,Q7877608,1968,done
Uganda Martyrs University,Q7877609,1993,done
Uganda Pentecostal University,Q7877620,2005,done
Uganda Petroleum Institute,Q6405976,2009,done
Uganda Technology and Management University,Q18394920,2012,done
Umaru Musa Yar'adua University,Q16259637,2006,done
Umma University,Q29467429,2013,done
UniMAC-GIJ,NA,NA,done
United African University of Tanzania,Q16902333,2012,done
United Methodist University,Q16902330,1998,done
United States International University Africa,Q19720584,1969,done
Unity University College,NA,NA,done
Unité de Recherche en Génie des Procédés et en Génie de l’Environnement,Q135095637,2014,done
Universiapolis - Université Internationale d'Agadir,Q30294303,NA,done
Universidade Aberta ISCED,Q100955845,NA,done
Universidade Colinas de Boé,Q1654102,2003,done
Universidade Gregório Semedo,Q30294279,2003,done
Universidade Independente de Angola,Q10387842,2004,done
Universidade Jean Piaget de Moçambique,Q30294224,NA,done
Universidade José Eduardo dos Santos,Q18467828,1974,done
Universidade Katyavala Bwila,Q18467831,2009,done
Universidade Kimpa Vita,Q18467838,2009,done
Universidade Lusíada de Angola,Q50362987,1999,done
Universidade Lusófona da Guiné,Q30294233,NA,done
Universidade Mandume Ya Ndemufayo,Q18467847,1974,done
Universidade Politecnica,Q30266472,NA,done
Universidade Rainha Njinga a Mbande,NA,NA,done
Universidade São Tomás de Moçambique,Q30294227,NA,done
Universidade Técnica de Moçambique,Q30294228,2002,done
Universidade Zambeze,Q18467864,2007,done
Universidade de Belas,Q30930983,2007,done
Universidade de São Tomé e Príncipe,Q6041504,2014,done
Universidade Óscar Ribas,Q30294282,2007,done
Universite Adventiste de Lukanga,Q30294222,NA,done
Universite des Sciences Appliquée et Management,Q19600073,2003,done
University Center of Barika,Q133812232,2011,done
University Center of Illizi,Q133811530,2015,done
University Centre of Maghnia,Q124691781,2016,done
University College of Agriculture and Environmental Studies,Q7894642,1963,done
University College of Aviation and Technology,Q30294270,NA,done
University College of Management Studies,Q2495782,1974,done
University College of Technology,Q30294315,NA,done
University Elmergib,Q25893967,1991,done
University Ferhat Abbas of Setif,NA,NA,done
University Frères Mentouri Constantine 1,NA,NA,done
University Mohamed Boudiaf of M'sila,Q16511684,1985,done
University Mohamed El Bachir El Ibrahimi of Bordj Bou Arreridj,NA,NA,done
University Yahia Fares of Medea,NA,NA,done
University for Development Studies,Q1766573,1992,done
University of Abou Bekr Belkaïd,Q3551363,1989,done
University of Abuja,Q3509297,1988,done
University of Africa,Q30294319,NA,done
University of Africa Toru-Orua,NA,NA,done
"University of Agriculture and Environmental Sciences, Umuagwo",Q123422183,2019,done
University of Ajdabiya,NA,NA,done
University of Algiers 3,Q29896977,2009,done
University of Algiers Benyoucef Benkhedda,NA,NA,done
University of Antananarivo,Q1443595,1961,done
University of Applied Management,Q1280712,2004,done
University of Arusha,Q7895088,2006,done
University of Asmara,Q1707483,1958,done
University of Bagamoyo,Q16902371,2010,done
University of Bahr El-Ghazal,Q7895105,1991,done
University of Bahri,Q20411213,2011,done
University of Bakhtalruda,Q7895104,1990,done
University of Bamako,Q1442778,1996,done
University of Bamenda,Q17028026,2011,done
University of Bandundu,Q3551565,2004,done
University of Bangui,Q1638914,1969,done
University of Batna 1,NA,NA,done
University of Bechar,Q7895149,1986,done
University of Benghazi,Q3134657,1955,done
University of Benin,Q1816069,1970,done
University of Biskra,Q12204532,1998,done
University of Blida,Q787656,1977,done
University of Botswana,Q493141,1982,done
University of Bouira,Q3551448,2005,done
University of Boumerdes,Q27961625,1998,done
University of Buea,Q652308,1992,done
University of Béjaïa,Q1117434,1983,done
University of Calabar,Q3509289,1975,done
University of Cape Coast,Q746079,1962,done
University of Cape Town,Q951305,1829,done
University of Cape Verde,Q1707609,2006,done
University of Carthage,Q852223,1988,done
University of Constantine 3,Q55721694,2011,done
University of Cross River State,Q13140622,2002,done
University of Dar es Salaam,Q557597,1970,done
University of Derna,Q125496368,1994,done
University of Djibouti,Q3551582,2006,done
University of Dongola,Q7895343,1991,done
University of Douala,Q916350,1993,done
"University of Eastern Africa, Baraton",Q662087,1980,done
University of Education and Entrepreneurship,Q137943949,2024,done
"University of Education, Winneba",Q1557172,1992,done
University of El Imam El Mahdi,Q5351420,1994,done
University of Eldoret,Q7895375,2013,done
University of Eloued,NA,NA,done
University of Embu,Q24236250,2011,done
University of Energy and Natural Resources,Q7894844,2012,done
University of Eswatini,Q1570483,1964,done
University of Fort Hare,Q2005511,1916,done
University of Gabès,Q649578,2003,done
University of Gafsa,Q3551586,2004,done
University of Garden City,Q16839639,2015,done
University of Gedo,Q7895443,2008,done
University of Gezira,Q7896681,1975,done
University of Ghana,Q2303765,1948,done
University of Ghardaia,Q12204512,2004,done
University of Gharyan,Q12204414,1991,done
University of Global Health Equity,Q28035081,2015,done
University of Goma,Q3551591,1993,done
University of Gondar,Q2690553,1954,done
University of Guelma,Q7896816,1986,done
University of Hargeisa,Q3357563,2000,done
University of Hassan II Casablanca,Q82826,1975,done
University of Health Sciences,Q19612850,2015,done
University of Health and Allied Sciences,Q16734216,2012,done
University of Ibadan,Q1169487,1948,done
University of Ilesa,Q121207292,2022,done
University of Ilorin,Q7895546,1975,done
University of Jendouba,Q3551596,2003,done
University of Jijel,Q3551600,2003,done
University of Johannesburg,Q1972050,2005,done
University of Jos,Q1412551,1975,done
University of Juba,Q1231063,1977,done
University of Kabianga,Q15036648,2013,done
University of Kairouan,Q3551602,2004,done
University of Kalemie,Q3551601,2004,done
University of Kamina,Q3551603,1955,done
University of Kara,Q1661751,1951,done
University of Khartoum,Q656871,1902,done
University of Kigali,Q48773691,2013,done
University of Kikwit,Q3551607,1992,done
University of Kindu,Q3551608,2004,done
University of Kinshasa,Q774520,1954,done
University of Kisubi,Q24958519,2004,done
University of Kivu,Q30265872,2008,done
University of Kolwezi,Q3551611,2004,done
University of Kordofan,Q7895609,1990,done
University of Koudougou,Q3551610,2005,done
University of KwaZulu-Natal,Q727516,2004,done
University of Laghouat,Q7895618,1986,done
University of Lagos,Q1782980,1962,done
University of Lay Adventists of Kigali,Q28448235,1997,done
University of Liberia,Q3044628,1862,done
University of Limpopo,Q45612,2005,done
University of Livingstonia,Q30294288,2003,done
University of Lomé,Q3551618,1965,done
University of Lubumbashi,Q1588869,1955,done
University of Lusaka,Q7895649,1999,done
University of Maiduguri,Q3509668,1975,done
University of Makeni,Q7895660,2005,done
University of Malawi,Q671642,1964,done
University of Management and Technology,Q7895663,1990,done
University of Maroua,Q3551626,2008,done
University of Mauritius,Q1097479,1965,done
University of Mbandaka,Q3551627,2004,done
University of Mbuji Mayi,Q3551625,2004,done
"University of Media, Arts and Communication",Q5555358,1959,done
University of Medical Sciences and Technology,Q7895723,1996,done
University of Military Science and Technology,Q7895784,2007,done
University of Mines and Technology,Q2495871,2001,done
University of Mkar,Q7895846,2005,done
University of Monastir,Q3551637,2004,done
University of Mpumalanga,Q14979352,NA,done
University of N'Djamena,Q1678185,1971,done
University of Nairobi,Q649998,1956,done
University of Namibia,Q220226,1992,done
University of Ngaoundéré,Q3551655,1982,done
University of Ngozi,Q3551654,1999,done
University of Nigeria,Q927304,1955,done
University of Nyala,Q7070817,1994,done
University of Ouargla,Q613937,1988,done
University of Port Harcourt,Q5103051,1975,done
University of Pretoria,Q604444,1908,done
University of Professional Studies,Q16734218,1965,done
University of Reunion Island,NA,NA,done
University of Rwanda,Q19888178,2013,done
University of Sadat City,Q12204536,2013,done
University of Science and Technology Omdurman,NA,NA,done
University of Science and Technology of Benin,Q3011789,1996,done
University of Science and Technology of Ivory Coast,Q3011661,2009,done
University of Science and Technology of Togo,Q3011796,2012,done
University of Sciences and Technology Houari Boumediene,NA,NA,done
University of Seychelles,Q7896291,2009,done
University of Sfax,Q540341,1986,done
University of Sierra Leone,Q15045868,1972,done
University of Skikda,Q7896309,2001,done
University of Somalia,Q3551671,2005,done
University of Sousse,Q3551673,1986,done
University of South Africa,Q677993,1873,done
University of Southern Somalia,Q3538324,2007,done
University of Tamanghasset,Q30294264,2004,done
University of Technology,Q1371037,NA,done
"University of Technology, Mauritius",Q1097363,2000,done
University of Timbuktu,Q7896465,NA,done
University of Toamasina,Q1443900,1988,done
University of Toliara,Q18380163,1971,done
University of Tripoli,Q2529518,1957,done
University of Tripoli Al-ahlia,Q12204504,1999,done
University of Uyo,Q7896523,1991,done
University of Venda,Q892543,1982,done
University of Zalingei,Q16121271,1994,done
University of Zambia,Q2096836,1965,done
University of Zimbabwe,Q581954,1952,done
University of Zululand,Q2496192,1959,done
University of al-Qarawiyyin,Q378014,859,done
University of the Free State,Q1678733,1904,done
University of the Gambia,Q597030,1999,done
University of the Holy Quran and Islamic Sciences,Q7896706,1990,done
University of the Sacred Heart Gulu,Q48741701,2016,done
University of the Western Cape,Q475700,1959,done
University of the Witwatersrand,Q534643,1896,done
Université Abdou Moumouni,Q308329,1971,done
Université Adam Barka d'Abéché,Q3551366,2003,done
Université Adventiste de Goma,Q3551509,NA,done
Université Africaine de Développement Coopératif,Q100955838,1967,done
Université Africaine de Technologie et de Management,Q25377774,1997,done
Université Alassane Ouattara,Q3551369,1992,done
Université Alioune Diop de Bambey,Q3551371,2007,done
Université Amadou Hampaté Ba,Q3551372,2006,done
Université Amadou Mahtar Mbow,Q105475483,2012,done
Université André Salifou,Q3551691,2010,done
Université Arabe des Sciences,Q30294267,1993,done
Université Aube Nouvelle,Q100452197,1992,done
Université Cardinal Malula,Q3551523,1984,done
Université Catholique de Bukavu,Q1667045,1989,done
Université Catholique de l'Afrique de l'Ouest - Unité Universitaire de Bobo Dioulasso,Q100452187,2000,done
Université Catholique du Congo,Q3551525,1957,done
Université Centrale de Tunis,Q3551531,2001,done
Université Constantine 2,Q19600070,2011,done
Université Dakar-Bourguiba,Q3551395,1995,done
Université Djibo Hamani,Q3551676,2010,done
Université Djilali Bounaama Khemis Miliana,Q30294234,2001,done
Université Djilali de Sidi Bel Abbès,NA,NA,done
Université Euro-Afrique,Q30266542,2009,done
Université Evangélique en Afrique,Q3551863,1991,done
Université Félix Houphouët-Boigny,Q1583390,1959,done
Université Gaston Berger,Q3551411,1990,done
Université Général Lansana Conté,Q3551412,2005,done
Université Hassan 1er,Q2405067,1997,done
Université Hassan II Mohammedia,Q3551413,1984,done
Université IBN Khaldoun Tiaret,Q30294268,1980,done
Université Ibn Khaldoun,Q30294268,1980,done
Université Ibn Zohr,Q3551418,1989,done
Université Ibn-Tofail,Q3551417,1989,done
Université Internationale de Casablanca,Q16682080,2010,done
Université Internationale de Tunis,Q3551783,2002,done
Université Jean Lorougnon Guédé,Q18413711,1996,done
Université Joseph Ki-Zerbo,Q1076606,1974,done
Université Kofi Annan de Guinée,Q3551423,1999,done
Université Larbi Tébessi,Q30294266,2009,done
Université Libre de Kinshasa,Q3551791,1988,done
Université Libre de Luozi,Q3551792,1997,done
Université Libre du Burkina,Q100452190,2002,done
Université Libre du Congo,Q21531083,1963,done
Université Mohammed VI Polytechnique,Q61931430,2017,done
Université Mohammed VI des Sciences et de la Santé,NA,NA,done
Université Montplaisir Tunis,Q30294292,1993,done
Université Moulay Ismail de Meknes,Q3551453,1989,done
Université Mustapha Stambouli de Mascara,Q30294244,1986,done
Université Méditerranéenne Libre de Tunis,Q30294258,2004,done
Université Nangui Abrogoua,Q3551460,1996,done
Université Nationale d'Agriculture,Q30266928,2012,done
Université Nouveaux Horizons,NA,NA,done
Université Officielle de Bukavu,Q3551813,2010,done
Université Officielle de Ruwenzori,Q100989286,NA,done
Université Oran 1 Ahmed Ben Bella,NA,NA,done
Université Ouaga II,Q3551467,2007,done
Université Pelefero Gon Coulibaly,Q97041892,2012,done
Université Polytechnique Intégrée,Q100523631,2017,done
Université Polytechnique de Gitega,Q100523654,2014,done
Université Privée d'Enseignement Supérieur El Amel,Q30294253,NA,done
Université Privée de Fès,Q16511695,2006,done
Université Privée de Ouagadougou,Q100452196,2010,done
Université Privée du Sud,Q30294262,1993,done
Université Professionnelle d'Afrique,Q3551833,2002,done
Université Protestante au Congo,Q3551836,1959,done
Université Protestante d'Afrique Centrale,Q30294354,1962,done
Université Protestante d'Afrique de l'Ouest,Q30294309,2003,done
Université Protestante de Lubumbashi,Q3551479,2002,done
Université Président Joseph Kasa-Vubu,NA,NA,done
Université Pédagogique Nationale,Q3551480,1961,done
Université Shalom de Bunia,Q30266544,1961,done
Université Simon Kimbangu,Q3551670,1994,done
Université Sultan Moulay Slimane,Q3551494,2007,done
Université Tertiaire et Technologique-Lokko,Q97041891,2007,done
Université Tunis Carthage,NA,NA,done
Université Virtuelle de Côte d'Ivoire,Q28381317,2015,done
Université William Booth,Q21083970,1996,done
Université d'Abomey-Calavi,Q6979225,1970,done
Université d'Agriculture de Kétou,Q30266928,2012,done
Université d'Oran 2,Q30267130,1961,done
Université de Bertoua,Q124835913,2022,done
Université de Bondoukou,Q122811289,2023,done
Université de Cepromad,NA,NA,done
Université de Denis Sassou N'guesso,NA,NA,done
Université de Diffa,Q21634352,2014,done
Université de Dschang,Q3551583,1993,done
Université de Dédougou,Q79396645,2011,done
Université de Fianarantsoa,Q20669871,1992,done
Université de Garoua,Q115681308,2022,done
Université de Kisangani,Q780301,1963,done
Université de Mahajanga,Q3551622,1983,done
Université de Maradi,Q3551623,2008,done
Université de Mostaganem,Q3551640,1969,done
Université de Moundou,Q3551638,2002,done
Université de Notre-Dame du Kasai,Q3551656,2010,done
Université de Nouakchott,Q55402201,2016,done
Université de Parakou,Q3551659,2001,done
Université de Saida Dr.Moulay Tahar,NA,NA,done
Université de Sarh,Q3551669,2010,done
Université de Thiès,Q3551680,2007,done
Université de Yaoundé I,Q3551692,1993,done
Université de ain Témouchent,NA,NA,done
Université de l'Assomption au Congo,Q97955848,1982,done
Université de l'Uélé,Q1690564,1998,done
Université de la Formation Continue (UFC),NA,NA,done
Université des Grands Lacs,Q30294313,2000,done
Université des Lettres et des Sciences Humaines de Bamako,Q3551732,2011,done
Université des Montagnes,Q3551728,2000,done
Université des Sciences Juridiques et Politiques de Bamako,Q3551742,2011,done
Université des Sciences de la Santé,Q61932853,2002,done
Université des Sciences et Techniques de Masuku,Q3551737,1986,done
Université des Sciences et de Technologie d'Ati,Q3551736,2008,done
Université des Sciences et de la Technologie d'Oran Mohamed Boudiaf,NA,NA,done
"Université des Sciences, de Technologie et de Médecine",Q30260802,1981,done
"Université des Sciences, des Techniques et des Technologies de Bamako",Q3551733,2011,done
Université du Burundi,Q719925,1964,done
Université du Faso,Q100452185,2015,done
Université du Lac Tanganyika,Q3551752,1999,done
Université du Sahel,Q3551765,1998,done
Université du Sine Saloum El-Hâdj Ibrahima NIASS,NA,NA,done
Université d’Antsiranana,Q3551462,1976,done
Université d’Ébolowa,Q114388486,2022,done
Université libre des Pays des Grands Lacs,Q3551796,1991,done
Upper Nile University,Q2915589,1991,done
Usmanu Danfodiyo University,Q7902729,1975,done
Uzima University College,Q30266548,NA,done
Vaal University of Technology,Q2399345,1966,done
Valley View University,Q2509370,1979,done
Venite University,Q138302440,2022,done
Veritas University,Q7921393,2002,done
Victoria University,Q180514,1916,done
Virtual University of Tunis,Q3551862,2002,done
Virtual University of Uganda,Q104480456,2010,done
Wad Medani Ahlia University,Q7958917,1992,done
Wadi Alshatti University,Q133811534,2022,done
Walter Sisulu University,Q248919,2005,done
"Water Institute, Tanzania",Q136663858,1974,done
Webster University Ghana,Q16733317,2013,done
Wellspring University,Q23058508,2009,done
Wesley University,Q7984021,2007,done
West Africa Vocational Education,Q61934161,2013,done
West African College of Physicians,Q30263973,1976,done
West Kordofan University,Q7896602,1990,done
West Midlands Open University,Q129285335,2023,done
Western Delta University,Q7987775,2007,done
Wigwe University,Q133499828,2023,done
William V. S. Tubman University,Q1528161,1978,done
Wisconsin International University College,Q126463,2000,done
Wolaita Sodo University,Q42272504,2007,done
Woldia University,Q75022460,2011,done
Wolkite University,Q30266555,2011,done
Wollega University,Q8030333,2007,done
Wollo University,Q30263976,2007,done
Women's University in Africa,Q8031096,2002,done
Yaba College of Technology,Q8046341,1947,done
Yanet Health College,Q108737169,2000,done
Yobe State University,Q4986806,2006,done
Youcef El Khatib University of Health Sciences,Q138859818,2024,done
Zagazig University,Q1078474,1974,done
Zambia Catholic University,Q8065671,2008,done
Zambia Centre for Accountancy Studies,Q30294320,NA,done
Zambia Forestry College,Q145501,1949,done
Zambian Open University,Q8065704,2002,done
Zanzibar School of Health,Q61932022,2011,done
Zanzibar University,Q8066311,2002,done
Zenith University College,Q8069126,2001,done
Zetech University,Q101110419,2014,done
Zewail City of Science and Technology,Q21062258,2012,done
Ziane Achour University of Djelfa,Q12204494,1990,done
Ziguinchor University,Q3551694,2007,done
Zimbabwe Ezekiel Guti University,Q20981320,2012,done
Zimbabwe Ezekiel Guti University Press,Q135739926,2012,done
Zimbabwe National Defence University,Q131877682,2021,done
Zimbabwe Open University,Q8072005,1999,done
Zimbabwe University Libraries Consortium,Q117447595,2001,done
Zintan University,Q102347732,2017,done
École Africaine de la Météorologie et de l'Aviation Civile,Q3577712,1963,done
École Africaine des Métiers de l'Architecture et de l'Urbanisme,Q3577713,1976,done
École Inter-États des Sciences et Médecine Vétérinaires de Dakar,Q3578018,1968,done
École Marocaine de Banque et de Commerce International,Q30294380,NA,done
École Marocaine des Sciences de l'Ingénieur,Q3578037,1986,done
École Nationale Polytechnique d'Oran,Q3578283,1970,done
École Nationale Supérieure Agronomique,Q3578169,1842,done
École Nationale Supérieure Maritime,Q3578264,1571,done
École Nationale Supérieure Polytechnique de Yaoundé,Q3578265,1971,done
École Nationale Supérieure d'Agriculture,Q3578173,1871,done
École Nationale Supérieure d'Hydraulique,Q30261759,1972,done
École Nationale Supérieure d'Informatique,Q3578200,NA,done
École Nationale Supérieure de Journalisme et des Sciences de l’Information,Q130533312,NA,done
École Nationale Supérieure de Statistique et d'Économie Appliquée,Q3578236,1982,done
École Nationale Supérieure de Technologie,Q30294181,NA,done
École Nationale Supérieure de l'Administration,Q30294393,2015,done
École Nationale d'Administration,Q273579,1945,done
École Nationale d'Administration de Madagascar,Q30294281,NA,done
École Nationale d'Administration et de Magistrature,Q25396762,1959,done
École Nationale d'Agriculture de Meknès,Q3578072,1942,done
École Nationale d'Ingénieurs de Gabès,Q3578091,1975,done
École Nationale de Commerce et de Gestion de Tanger,Q3578118,1995,done
École Nationale de Management et de l'Administration de la Santé,Q108793462,1989,done
École Normale Supérieure,Q83259,1794,done
École Normale Supérieure - Marrakech,Q30294334,1979,done
École Normale Supérieure Casablanca,Q30294340,NA,done
École Normale Supérieure d'Abidjan,Q3578282,1964,done
École Normale Supérieure de Bou Saada,Q135095589,2015,done
École Normale Supérieure de Bouzareah Alger,Q30294190,NA,done
École Normale Supérieure de Constantine,Q30294221,1981,done
École Normale Supérieure de Fès,Q138460594,1987,done
École Normale Supérieure de Kouba,Q30294239,NA,done
École Normale Supérieure de Mostaganem,Q138859585,2014,done
École Normale Supérieure de Nouakchott,Q3578286,NA,done
École Normale Supérieure de Saida,Q139771324,2023,done
École Normale Supérieure de Sétif,Q137795907,2015,done
École Normale Supérieure de Tétouan,Q30294187,NA,done
École Normale Supérieure de l'Enseignement Technique de Mohammedia,Q30294357,NA,done
École Normale d'Administration,Q100523642,2007,done
École Polytechnique d'Architecture et d'Urbanisme,Q27962871,1970,done
École Polytechnique de Thiès,Q3577690,1973,done
École Polyvalente Supérieure d'Informatique et d'Électronique,Q30294397,1989,done
École Royale Navale,Q30294360,NA,done
École Royale de l'Air de Marrakech,Q3578342,1970,done
École Régionale Supérieure de la Magistrature (ERSUMA) de l’OHADA,Q137943579,1998,done
École Supérieure Algérienne des Affaires,Q3578371,2004,done
École Supérieure Internationale de Gestion,Q30294377,1985,done
École Supérieure Multinationale des Télécommunications,Q5333198,1981,done
École Supérieure Polytechnique d'Antsiranana,Q100956312,1976,done
École Supérieure Privée d'Ingénierie et de Technologies,Q20751518,2003,done
École Supérieure Vinci,Q30294405,NA,done
École Supérieure d'Architecture d'Intérieur,Q30294398,NA,done
École Supérieure d'Informatique Appliquée,Q30294364,NA,done
École Supérieure d'Informatique Appliquée à la Gestion,NA,NA,done
École Supérieure d'Informatique et de Management des Affaires,Q30294392,NA,done
École Supérieure de Banque,Q30294195,NA,done
École Supérieure de Commerce,Q30294196,NA,done
École Supérieure de Communication et de Publicité,Q30294368,NA,done
École Supérieure de Design et des Arts Visuels,Q30294370,NA,done
École Supérieure de Gestion,Q3578447,1985,done
École Supérieure de Gestion et des Sciences de l'Informatique,Q30294400,NA,done
École Supérieure de Génie Civil Véréchaguine AK,Q100552857,1998,done
École Supérieure de Management,Q30294373,NA,done
École Supérieure de Management Appliqué,Q30294342,NA,done
École Supérieure de Psychologie,Q30294374,NA,done
École Supérieure de la Magistrature,Q29513720,1989,done
École Supérieure de la Sécurité Sociale,Q135975682,2012,done
École Supérieure des Industries du Textile et de l'Habillement,Q21029695,1996,done
École Supérieure des Ingénieurs de l'Équipement Rural,Q30261803,1964,done
"École Supérieure des Multimédia, Informatique & Réseaux",NA,NA,done
École Supérieure des Sciences de l'Ingénierie Commerciale,Q30294348,1990,done
École Supérieure des Télécommunications,Q30294402,NA,done
École Supérieure des Études Administratives et Commerciales,Q30294273,2003,done
École Supérieure en Informatique de Sidi Bel Abbes,Q20971033,NA,done
École Supérieure en Sciences Appliquées de Tlemcen,Q47517336,NA,done
École d'Architecture de Casablanca,Q30294362,2004,done
"École d'Informatique, d'Électronique et d'Expertise Comptable",Q273531,1972,done
École de Formation aux Carrières de Santé,Q100955856,2003,done
École de Gouvernance et d'Économie de Rabat,Q3577863,2008,done
École des Cadres,Q3577929,1950,done
École des Hautes Études Commerciales,Q273535,1881,done
École des Hautes Études Commerciales Techniques et Informatiques,Q30294177,2000,done
École des Hautes Études de Biotechnologie et de Santé,Q30294328,NA,done
École des Hautes Études en Ingénierie des Systèmes d'Information,Q30294329,NA,done
École des Hautes Études Économiques et Commerciales,Q30294333,NA,done
École des Sciences de I'information,NA,NA,done
École supérieure polytechnique d'Antananarivo,Q125685019,NA,done
Établissement Dar El Hadith El Hassania,NA,NA,done
