name,founded_date.x,ror_name,match_score,founded_date.y
Tanzania Institute of Accountancy,2002,,0.549,2002
Université Catholique du Graben,1989,,0.52,1989
ABM University College,1989,,0.515,1989
AIMS Research and Innovation Centre,2023,,0.545,2023
Abbès Laghrour University of Khenchela,2001,,0.527,2001
Abdelmalek Essaâdi University,1989,,0.542,1989
Abdulrahman Al-Sumait University,1998,,0.553,1998
Abia State University,1981,,0.547,1981
Abiola Ajimobi Technical University Ibadan,2012,,0.569,2012
Abrar Research and Training Centre (ARACHTI),2014,,0.566,2014
Abrar University,2014,,0.506,2014
Abubakar Tafawa Balewa University,1980,,0.508,1980
Academic City College University,2009,,0.562,2009
Academic University,2018,,0.527,2018
Academy of Arts,1959,,0.503,1959
Academy of Engineering Sciences,2002,,0.558,2002
Académie des Beaux-Arts,1943,,0.46,1943
Accra Institute of Technology,2009,,0.519,2009
Accra Technical University,1949,,0.533,1949
Achievers University,2007,,0.479,2007
Adama Hospital Medical College,2012,,0.545,2012
Adama Science and Technology University,1993,,0.553,1993
Adamawa State University,2002,,0.547,2002
Addis Ababa Science and Technology University,2011,,0.568,2011
Addis Ababa University,1950,,0.508,1950
Adekunle Ajasin University,1999,,0.536,1999
Adeleke University,1996,,0.458,1996
Adigrat University,2011,,0.499,2011
Admas University,1998,,0.488,1998
Admiralty University of Nigeria,2017,,0.528,2017
Adventist University Cosendai,1996,,0.534,1996
Adventist University of Africa,1994,,0.51,1994
Adventist University of Central Africa,1978,,0.558,1978
Adwa-Pan African University,2017,,0.519,2017
Afe Babalola University,2009,,0.486,2009
Africa Health Sciences University,2024,,0.555,2024
Africa International University,1983,,0.54,1983
Africa Nazarene University,1994,,0.552,1994
Africa University,1992,,0.507,1992
African Bible University,2005,,0.532,2005
African Institute for Mathematical Sciences,2003,,0.585,2003
African Institute of Science and Technology,2007,,0.563,2007
African Leadership Institute,2004,,0.557,2004
African Leadership University,2015,,0.555,2015
African Methodist Episcopal University,1995,,0.589,1995
African Regional Institute for Geospatial Information Science and Technology,1972,,0.632,1972
African Rural University,2009,,0.532,2009
African University College of Communications,2002,,0.574,2002
African Virtual University,1997,,0.54,1997
Afro-American University of Central Africa,2015,,0.56,2015
Afya na Haki Institute,2022,,0.506,2022
Aga Khan University,1983,,0.513,1983
Aga Khan University Nairobi,1983,,0.512,1983
Agenla Academy,2012,,0.535,2012
Agitel-Formation,1990,,0.501,1990
Agostinho Neto University,1962,,0.526,1962
Ahfad University for Women,1966,,0.489,1966
Ahmadu Bello University,1962,,0.506,1962
Ahmed Draia University,1986,,0.531,1986
Ahmed Zabana University - Relizane,NA,,0.523,NA
Ahram Canadian University,2005,,0.536,2005
Ain Shams University,1950,,0.488,1950
Air Force Institute of Technology Kaduna,NA,,0.543,NA
Ajayi Crowther University,2005,,0.519,2005
Akademia,2011,,0.526,2011
Akademie Reformatoriese Opleiding en Studies,2003,,0.566,2003
Akhbar El Yom Academy,1999,,0.498,1999
Akobo Heritage and Memorial University,NA,,0.547,NA
"Akrofi-Christaller Institute of Theology, Mission and Culture",1987,,0.588,1987
Aksum University,2007,,0.521,2007
Akwa Ibom State College Of Education,1991,,0.54,1991
Akwa Ibom State University,2000,,0.538,2000
Al Akhawayn University,1995,,0.501,1995
Al Fashir University,1990,,0.507,1990
Al Hayah University in Cairo,2019,,0.526,2019
Al Hayat Medical University,2016,,0.561,2016
Al Salam University,2018,,0.531,2018
Al Zawiya University,1988,,0.51,1988
Al-Ahram Center for Political and Strategic Studies,1968,,0.569,1968
Al-Arab Medical University,1984,,0.539,1984
Al-Azhar University,1986,,0.478,1986
Al-Hikmah University,2005,,0.457,2005
Al-Neelain University,1993,,0.529,1993
Al-Qalam University Katsina,2005,,0.506,2005
AlAlamein International University,2020,,0.556,2020
AlJafara University,2015,,0.451,2015
AlMughtaribeen University,2010,,0.52,2010
Alan J Flisher Centre for Public Mental Health,2010,,0.554,2010
Alasmarya Islamic University,1981,,0.536,1981
Alexandria Higher Institute of Engineering and Technology,1996,,0.556,1996
Alexandria National University,2022,,0.561,2022
Alexandria University,1938,,0.51,1938
All Nations University,2005,,0.55,2005
All Saints University Lango,2008,,0.546,2008
Alupe University,2015,,0.487,2015
"Alvan Ikoku Federal University of Education, Owerri",1963,,0.571,1963
Alzaiem Alazhari University,1993,,0.512,1993
Ambo University,2011,,0.496,2011
Ambrose Alli University,1981,,0.553,1981
American International School in Egypt,1990,,0.57,1990
American International University West Africa,2011,,0.603,2011
American University in Cairo,1919,,0.529,1919
American University of Nigeria,2004,,0.516,2004
Amoud University,1997,,0.487,1997
Amref International University,2017,,0.573,2017
Anglican University College of Technology,2008,,0.558,2008
Ankole Western University,2005,,0.519,2005
"Arab Academy for Management, Banking and Financial Sciences",1985,,0.576,1985
"Arab Academy for Science, Technology, and Maritime Transport",1972,,0.557,1972
Arab Open University,2002,,0.531,2002
Arab Studies and Research Institute,1953,,0.582,1953
Arba Minch University,1986,,0.543,1986
Arbaminch College of Education,1988,,0.513,1988
Ardhi University,2007,,0.467,2007
Arish University,2016,,0.498,2016
Armed Forces College of Medicine,2013,,0.491,2013
Arrupe Jesuit University,1994,,0.497,1994
Arthur Jarvis University,2017,,0.489,2017
Ashesi University,2002,,0.531,2002
Asossa University,2011,,0.524,2011
Assiut University,1957,,0.518,1957
Assiut University Hospitals,1987,,0.537,1987
Aswan University,2012,,0.486,2012
Atiba University,2017,,0.499,2017
Atlantic African Oriental Multicultural University International,2020,,0.586,2020
Auchi Polytechnic,1963,,0.494,1963
"Augustine University, Ilara",2015,,0.533,2015
Azzaytuna University,1986,,0.488,1986
Ba Isago University,2002,,0.529,2002
Babcock University,1959,,0.508,1959
Badji Mokhtar-Annaba University,1975,,0.493,1975
Badr University in Cairo,2014,,0.51,2014
Bahir Dar University,2001,,0.479,2001
Bamenda University of Science and Technology,1995,,0.567,1995
"Bamidele Olumilua University of Education, Science and Technology",2020,,0.597,2020
Bani-Waleed University,2016,,0.504,2016
"Baptist College of Theology, Obinze",1977,,0.537,1977
Baptist Theological College of Southern Africa,1951,,0.548,1951
Bayan University,1997,,0.548,1997
Bayelsa Medical University,2018,,0.567,2018
Bayero University Kano,1977,,0.531,1977
Baze University,2011,,0.454,2011
Bel Campus Technological University,1997,,0.556,1997
Bells University of Technology,2004,,0.505,2004
Benadir University,2002,,0.536,2002
Benghazi Military University Academy,NA,,0.59,NA
Benha National University,2021,,0.528,2021
Benha University,1976,,0.49,1976
Beni American University,2014,,0.54,2014
Beni-Suef University,1976,,0.489,1976
Benson Idahosa University,2002,,0.541,2002
Benue State University,1992,,0.505,1992
Biaka University Institute of Buea,1998,,0.556,1998
Bindura University of Science Education,1996,,0.559,1996
Bingham University,2005,,0.508,2005
Binyaminu Usman Polytechnic,NA,,0.512,NA
Bishop Stuart University,2003,,0.532,2003
Blue Nile University,1995,,0.53,1995
BlueCrest University College,2000,,0.564,2000
Boitekanelo College,2007,,0.487,2007
Bomet University College,2017,,0.555,2017
Borana University,2017,,0.527,2017
Botho University,1997,,0.471,1997
Botswana Accountancy College,1996,,0.509,1996
Botswana International University of Science and Technology,2005,,0.605,2005
Botswana Open University,1993,,0.537,1993
Botswana University of Agriculture and Natural Resources,1991,,0.629,1991
Bowen University,2001,,0.477,2001
Bridge University,2009,,0.515,2009
Brighton International University,NA,,0.57,NA
British University in Egypt,2005,,0.527,2005
Bugema University,1948,,0.498,1948
Bujumbura Christian University,2015,,0.479,2015
Bukalasa Agricultural College,1920,,0.505,1920
Bule Hora University,NA,,0.481,NA
Burao University,2004,,0.467,2004
Busitema University,2007,,0.495,2007
Busoga University,1999,,0.511,1999
Cadi Ayyad University,1978,,0.512,1978
Cairo Higher Institute,1993,,0.541,1993
Cairo University,1908,,0.515,1908
Caleb University,2008,,0.488,2008
Cameroon Field Epidemiology Training Programme,2010,,0.569,2010
Canadian International College,2004,,0.575,2004
Cape Coast Technical University,1984,,0.563,1984
Cape Peninsula University of Technology,2005,,0.594,2005
Cape Town Baptist Seminary,1974,,0.545,1974
Cape Town Creative Academy,2012,,0.558,2012
"Captain Elechi Amadi Polytechnic, Rumuola",NA,,0.56,NA
Caritas University,2005,,0.524,2005
Carnegie Mellon University Africa,2011,,0.575,2011
Catholic University College of Ghana,2003,,0.555,2003
Catholic University Institute of Buea,1944,,0.533,1944
Catholic University of Angola,1992,,0.534,1992
Catholic University of Cameroon,2010,,0.549,2010
Catholic University of Central Africa,1989,,0.545,1989
Catholic University of Eastern Africa,1984,,0.555,1984
Catholic University of Health and Allied Sciences,NA,,0.557,NA
Catholic University of Kabgayi,2002,,0.554,2002
Catholic University of Madagascar,1960,,0.532,1960
Catholic University of Mozambique,1996,,0.512,1996
Catholic University of South Sudan,2008,,0.54,2008
Catholic University of West Africa,1967,,0.545,1967
Catholic University of Zimbabwe,1999,,0.488,1999
Cavendish University Uganda,2008,,0.505,2008
Cavendish University Zambia,2004,,0.498,2004
Center for Research in Islamic Sciences and Civilization,2016,,0.577,2016
Center of Research in Mechanics,NA,,0.535,NA
Central University,1966,,0.535,1966
Central University of Technology,1981,,0.542,1981
Centre Africain d'Études Supérieures en Gestion,NA,,0.554,NA
Centre Universitaire Morsli Abdellah de Tipaza,NA,,0.579,NA
Centre Universitaire Nour Bachir El Bayadh,2010,,0.575,2010
Centre Universitaire de Labé,2001,,0.515,2001
Centre Universitaire de Mila,2008,,0.55,2008
Centre d'Intelligence Artificielle et de Robotique du Mali,2023,,0.559,2023
Centre de Recherche en Aménagement du Territoire,2019,,0.558,2019
Centre d’excellence africain pour la prévention et le contrôle des maladies transmissibles,2018,,0.597,2018
"Centre for Mathematics, Science and Technology Education in Africa",2004,,0.606,2004
Centro Nacional de Artesanato,1977,,0.574,1977
Chadli Bendjedid El Tarf University,NA,,0.542,NA
Chalimbana University,2013,,0.52,2013
Chartered Institute of Marketing Ghana,1981,,0.541,1981
Cheikh Anta Diop University,1957,,0.508,1957
Chinhoyi University of Technology,2001,,0.497,2001
Chouaib Doukkali University,1985,,0.474,1985
Chrisland University,2015,,0.507,2015
Christian Bilingual University of Congo,2006,,0.559,2006
Christian Service University College,1974,,0.536,1974
Chuka University,2004,,0.423,2004
Chukwuemeka Odumegwu Ojukwu University,2000,,0.429,2000
"Chukwuemeka Odumegwu Ojukwu University, Igbariam Campus",NA,,0.572,NA
Claretian University of Nigeria,2021,,0.516,2021
Clarke International University,2008,,0.554,2008
College of African Wildlife Management,1964,,0.548,1964
College of Agriculture Science and Technology,1977,,0.539,1977
College of Business Education,1965,,0.535,1965
"College of Education, Akwanga",1976,,0.516,1976
College of Electrical and Electronics Technology,1973,,0.559,1973
College of Science and Technology - University of Rwanda,1997,,0.575,1997
"College of Technical Science, Bani Walid",1996,,0.551,1996
College of Technical Sciences Derna,1992,,0.563,1992
Colleges of Medicine of South Africa,1954,,0.524,1954
Comprehensive Autism and related Disabilities Education and Training,2013,,0.622,2013
"Confluence University of Science and Technology, Osara",2021,,0.565,2021
Copperbelt University,1987,,0.546,1987
Copperstone University,2004,,0.559,2004
Corona College of Education,2017,,0.512,2017
Covenant University,2002,,0.482,2002
Cranefield College,1998,,0.501,1998
Crawford University,2005,,0.477,2005
Crescent University,2005,,0.507,2005
Cuttington University,1889,,0.516,1889
D.S. Adegbenro ICT Polytechnic,2006,,0.523,2006
DMI St. Eugene University,2007,,0.528,2007
DMI-St. John the Baptist University,2011,,0.513,2011
Da Vinci Institute,2004,,0.548,2004
Dalanj University,1995,,0.491,1995
Dale Kietzman University,2007,,0.498,2007
Damanhour University,2010,,0.467,2010
Damelin,1943,,0.426,1943
Damietta University,2012,,0.49,2012
Dar es Salaam Institute of Technology,1997,,0.562,1997
David Umahi Federal University of Health Sciences Uburu,NA,,0.567,NA
Daystar University,1967,,0.535,1967
Debark University,2015,,0.471,2015
Debre Berhan University,2007,,0.479,2007
Debre Markos University,2005,,0.478,2005
Debre Tabor University,2008,,0.513,2008
Dedan Kimathi University of Technology,1972,,0.55,1972
"Delta State College of Education, Mosogar",2002,,0.588,2002
Delta State Polytechnic Ogwashi-Uku,2002,,0.522,2002
Delta State Polytechnic Otefe-Oghara,2002,,0.556,2002
Delta State University,1992,,0.534,1992
Delta State University of Science and Technology Ozoro,2002,,0.606,2002
Delta University for Science and Technology,2007,,0.572,2007
Dessie Health Science College,1964,,0.512,1964
Dhow Countries Music Academy,2002,,0.509,2002
Dilla University,1996,,0.527,1996
Dire Dawa University,2006,,0.503,2006
"Dominican University, Ibadan",2016,,0.546,2016
Dominion University College,2009,,0.534,2009
"Dominion University, Ibadan",2019,,0.512,2019
Dr. Hilla Limann Technical University,NA,,0.547,NA
Durban University of Technology,2002,,0.531,2002
ENSIT,2011,,0.508,2011
ESCA Ecole de Management,1992,,0.542,1992
ESEP-LE BERGER University,1999,,0.52,1999
East Africa Star University,2012,,0.554,2012
East Africa University,1999,,0.526,1999
East African University,2010,,0.511,2010
Eastern Africa Statistical Training Centre,1965,,0.571,1965
Eastern Technical University of Sierra Leone,2001,,0.562,2001
Eastern and Southern African Management Institute,1980,,0.603,1980
Ebonyi State University,1999,,0.56,1999
Eckernforde Tanga University,2010,,0.545,2010
Ecole Centrale Casablanca,2013,,0.562,2013
Ecole Mohammadia d'Ingénieurs,1959,,0.5,1959
Ecole Nationale Polytechnique de Constantine,2013,,0.573,2013
"Ecole Nationale Supérieur des Télécommunications et des Technologies de l’Information et de la Communication, Abdelhafid Boussouf",1961,,0.582,1961
Ecole Nationale Supérieure de Biotechnologie Taoufik Khaznadar,2013,,0.565,2013
Ecole Nationale Supérieure de Sciences Politiques,2009,,0.56,2009
Ecole Nationale Supérieure des Sciences de la Mer et de l'Aménagement du Littoral,2008,,0.592,2008
Ecole Nationale Supérieure des Technologies Avancées,2022,,0.58,2022
Ecole Nationale d'Administration,1963,,0.546,1963
Ecole Nationale d’Ingénieurs – Abderhamane Baba Touré,1939,,0.588,1939
Ecole Normale Supérieure d'Oran,2014,,0.506,2014
Ecole Normale Supérieure of Laghouat,2011,,0.541,2011
Ecole Supérieure d'Agronomie Mostaganem,2018,,0.527,2018
Ecole Supérieure d’Economie Appliquée,1963,,0.517,1963
Ecole Supérieure en Sciences Biologiques d’Oran,2017,,0.547,2017
Ecole de santé publique de Kinshasa,1984,,0.542,1984
Ecole supérieure en science et technologies de l'informatique et du numérique,2020,,0.624,2020
Eden University,2016,,0.468,2016
Edexcel University,2015,,0.504,2015
Edna Adan University,2011,,0.488,2011
Edo State University Uzairue,2016,,0.541,2016
Eduardo Mondlane University,1962,,0.509,1962
Education for All Campaign Network,2002,,0.544,2002
Eduvos,1979,,0.287,1979
Edwin Clark University,2015,,0.499,2015
Egerton University,1939,,0.523,1939
Egypt-Japan University of Science and Technology,2010,,0.572,2010
Egyptian Aviation Academy,1932,,0.566,1932
Egyptian Chinese University,2013,,0.525,2013
Egyptian College of Critical Care Physicians,NA,,0.579,NA
Egyptian Institute of Alexandria Academy for Administration & Accounting,1996,,0.63,1996
Egyptian Russian University,2006,,0.532,2006
Egyptian Universities Network,1987,,0.504,1987
Egyptian e-Learning University,2008,,0.547,2008
Ekiti State University,1982,,0.522,1982
El Asher University,2009,,0.512,2009
El Shorouk Academy,1995,,0.469,1995
ElSewedy University of Technology,2023,,0.554,2023
Elizade University,2013,,0.478,2013
Elsahel Teaching Hospital Cairo Egypt,1979,,0.565,1979
Elsheikh Abdallah Elbadri University,2001,,0.528,2001
Emir Abdelkader University of Islamic Sciences,1984,,0.588,1984
"Emmanuel Alayande University of Education, Oyo",1896,,0.559,1896
Enieg Oxford University Institute,2022,,0.546,2022
Enugu State University of Science and Technology,1979,,0.569,1979
Equator University of Science and Technology,NA,,0.547,NA
Ernest Cook University,2002,,0.516,2002
Escola Superior Pedagógica do Cuanza Norte,2007,,0.54,2007
Escola Superior de Jornalismo,2008,,0.512,2008
Espam Formation University,2007,,0.548,2007
Ethiopian Civil Service University,1995,,0.501,1995
Ethiopian Defence University,NA,,0.541,NA
Ethiopian Institute of Agricultural Research,1940,,0.549,1940
Ethiopian Institute of Water Resources,2011,,0.533,2011
Ethiopian Police University College,1939,,0.55,1939
Euclid University,2013,,0.505,2013
Euro-Mediterranean University of Fes,2014,,0.552,2014
Evangelical Presbyterian University College,2008,,0.6,2008
Evelyn Hone College,1965,,0.549,1965
Evolutionary Engineering & Distributed Information Systems Laboratory,NA,,0.585,NA
Examinations Council of Zambia,1983,,0.503,1983
Experiential Higher Institute of Science and Technology (EXHIST),2019,,0.555,2019
Ez-Zitouna University,1956,,0.509,1956
FCT College of Education,1996,,0.49,1996
FOMIC Polytechnic University Institute,2011,,0.524,2011
Faculty of Economics and Management of Sfax,NA,,0.564,NA
Faculty of Sciences of Sfax,1987,,0.522,1987
Fairland University,2001,,0.559,2001
Fayoum University,2005,,0.479,2005
Federal College of Agrioculture Ishiagu,1955,,0.519,1955
Federal College of Animal Health and Production Technology Ibadan,1964,,0.598,1964
Federal College of Education (Technical) Asaba,1987,,0.563,1987
Federal College of Education (Technical) Bichi,1987,,0.569,1987
Federal College of Education (Technical) Ekiadolor,NA,,0.564,NA
Federal College of Education Gidan Madi,2021,,0.566,2021
"Federal College of Education, Eha-Amufu",1981,,0.522,1981
"Federal College of Education, Iwo",2019,,0.548,2019
"Federal College of Education, Kano",1961,,0.537,1961
Federal College of Fisheries and Marine Technology,1969,,0.579,1969
Federal College of Medical Laboratory Science and Technology,NA,,0.569,NA
Federal Institute of Industrial Research Oshodi,1953,,0.567,1953
Federal Polytechnic Ayede,2021,,0.559,2021
Federal Polytechnic Damaturu,1993,,0.547,1993
Federal Polytechnic Ede,1992,,0.52,1992
Federal Polytechnic Kabo,2023,,0.525,2023
Federal Polytechnic Nekede,1978,,0.552,1978
Federal Polytechnic Ohodo,2021,,0.487,2021
Federal Polytechnic Oko,1979,,0.532,1979
Federal Polytechnic Orogun,2023,,0.566,2023
Federal Polytechnic Wannune,2021,,0.518,2021
"Federal Polytechnic, Ile-Oluji, Ondo State",2014,,0.542,2014
"Federal Polytechnic, Ukana",2014,,0.505,2014
"Federal School of Surveying, Oyo",1908,,0.551,1908
Federal University Birnin Kebbi,NA,,0.526,NA
Federal University Gashua,NA,,0.477,NA
Federal University Kashere,NA,,0.51,NA
Federal University Lafia,2010,,0.54,2010
Federal University Lokoja,2011,,0.487,2011
Federal University Otuoke,2011,,0.543,2011
Federal University Oye Ekiti,2011,,0.509,2011
Federal University of Agriculture,1988,,0.549,1988
Federal University of Agriculture Zuru,2019,,0.54,2019
"Federal University of Allied Health Sciences, Enugu",2024,,0.573,2024
"Federal University of Health Sciences, Ila-Orangun",2021,,0.594,2021
"Federal University of Health Sciences, Otukpo",2015,,0.56,2015
Federal University of Petroleum Resource Effurun,2007,,0.574,2007
Federal University of Technology,1980,,0.505,1980
Federal University of Technology Ikot Abasi,NA,,0.582,NA
Federal University of Technology Minna,1983,,0.555,1983
Federal University of Technology Owerri,1980,,0.539,1980
"Federal University of Technology, Babura",2021,,0.544,2021
Fezzan University,NA,,0.462,NA
Fins Medical University,2018,,0.521,2018
Fisheries Education and Training Agency,2012,,0.573,2012
Fountain University,2007,,0.489,2007
Freetown Polytechnic,NA,,0.472,NA
French University of Egypt,2002,,0.553,2002
Future Academy,1952,,0.465,1952
Future University in Egypt,2006,,0.487,2006
Gaborone University College Of Law and Professional Studies,2006,,0.587,2006
Gadarif University,1990,,0.506,1990
Gamal Abdel Nasser University of Conakry,1962,,0.572,1962
Gambia National Library Service Authority,1976,,0.564,1976
Garden City University College,2004,,0.577,2004
Gateway ICT Polytechnic Saapade,2006,,0.568,2006
German International University,2019,,0.593,2019
German University in Cairo,2003,,0.543,2003
Ghana Armed Forces Command and Staff College,1963,,0.531,1963
Ghana Baptist University College,2006,,0.567,2006
Ghana Christian University College,1966,,0.56,1966
Ghana College of Physicians and Surgeons,2003,,0.562,2003
Ghana Communication Technology University,2005,,0.55,2005
Ghana Institute of Languages,1961,,0.517,1961
Ghana Institute of Management and Public Administration,1961,,0.597,1961
Giza Engineering Institute,NA,,0.525,NA
Global Centre for Academic Research,2018,,0.538,2018
Global Wealth University,2015,,0.497,2015
Glorious Vision University,2011,,0.556,2011
Godfrey Okoye University,2009,,0.499,2009
Gollis University,2004,,0.518,2004
Gombe State College of Health Sciences and Technology Kaltungo,1982,,0.6,1982
Gombe State University,2004,,0.507,2004
Great Lakes University of Kisumu,1998,,0.559,1998
Great Zimbabwe University,1995,,0.527,1995
Green Hope University,2006,,0.499,2006
Greenfield University,2021,,0.535,2021
Greenside Design Center College of Design,1987,,0.545,1987
Gregory University Uturu,2012,,0.494,2012
Gretsa University,2006,,0.552,2006
Groupe AFI,1993,,0.485,1993
Groupe Institut des Hautes Études Économiques et Sociales,1984,,0.591,1984
Groupe École Supérieure de Commerce de Dakar,1993,,0.533,1993
Gulu University,2001,,0.444,2001
Gwanda State University,2012,,0.554,2012
Gweru Polytechnic Institute,NA,,0.538,NA
HIBMAT University Institute of Buea,2010,,0.562,2010
Haramaya University,1954,,0.488,1954
Harare Institute of Technology,1988,,0.51,1988
Hassan Usman Katsina Polytechnic,1983,,0.522,1983
Hassania School of Public Works,1971,,0.508,1971
Hassiba Benbouali University of Chlef,2001,,0.548,2001
Haute École de Commerce et de Management,1999,,0.5,1999
Hautes Études Chrétiennes de Management et de Mathématiques Appliquées,1997,,0.582,1997
Hawassa University,1999,,0.488,1999
Health International Private University,NA,,0.569,NA
Hebron Theological College,NA,,0.502,NA
Helderberg College,1893,,0.495,1893
Heliopolis University,1977,,0.48,1977
Helix Biogen Institute,2019,,0.516,2019
Helwan University,1975,,0.482,1975
Hensard University,2023,,0.525,2023
Heritage Christian University,1968,,0.546,1968
Heritage Polytechnic,1994,,0.511,1994
High Institute For Computers and Management Information Systems,NA,,0.654,NA
High Institute for Management Sciences,NA,,0.544,NA
High Institute of Management and Entrepreneurship,2013,,0.587,2013
High-Tech Rabat-Agdal,1986,,0.493,1986
Higher Institute for Qualitative Studies,1995,,0.549,1995
"Higher Institute for Tourism, Hotels and Computer",1992,,0.583,1992
Higher Institute of Advanced Studies,NA,,0.567,NA
Higher Institute of Applied Arts,1994,,0.53,1994
Higher Institute of Computer Science and Management Technology,NA,,0.631,NA
Higher Institute of Engineering,1994,,0.512,1994
Higher Institute of Engineering Technologies Tripoli,1992,,0.568,1992
"Higher Institute of Engineering and Technology, Kafrelsheikh",2006,,0.617,2006
Higher Institute of Food Industries of Tunis,1976,,0.526,1976
Higher Institute of Islamic Studies,NA,,0.536,NA
Higher Institute of Medical Sciences and Technologies,1982,,0.561,1982
"Higher Institute of Mining, Industry and Geology",1990,,0.576,1990
Higher Institute of Science and Technology Tajoura,2021,,0.57,2021
"Higher Institute of Science and Technology, Qaser Bin Ghashir, Libya",1996,,0.583,1996
Higher Institute of Social Service,1936,,0.561,1936
Higher Knowledge Institute of Languages ​​and Translation,NA,,0.599,NA
"Higher National School of Renewable Energies, Environment & Sustainable Development",2020,,0.563,2020
Higher National Veterinary School,1970,,0.561,1970
Higher School of Management of Tlemcen,2010,,0.512,2010
Higher School of Saharan Agriculture - El Oued,2021,,0.519,2021
Higher Technological Institute,1988,,0.525,1988
"Higher Technological Institute, 6th of October City",1996,,0.557,1996
Hillside Teachers' College,NA,,0.525,NA
Ho Technical University,1968,,0.515,1968
Hope Africa University,2000,,0.513,2000
Hope University,2008,,0.483,2008
Hormuud University,2010,,0.471,2010
Horseed International University,2010,,0.574,2010
Hubert Kairuki Memorial University,1997,,0.555,1997
Hussaini Adamu Federal Polytechnic,1991,,0.554,1991
Hypatia of Alexandria Institute for Reflexion and Studies,NA,,0.573,NA
IGAD Sheikh Technical Veterinary School and Reference Centre,NA,,0.609,NA
IIE MSA,2001,,0.559,2001
IMM Graduate School of Marketing,1960,,0.516,1960
INES-Ruhengeri,2003,,0.52,2003
ISBAT University,2005,,0.58,2005
Ibrahim Badamasi Babangida University,2005,,0.526,2005
Igbinedion University,1999,,0.507,1999
Imo State Polytechnic Omuma,1978,,0.51,1978
Imo State University,1981,,0.532,1981
"Indian Institute of Technology Madras, Zanzibar",2023,,0.555,2023
Infonet College,1995,,0.495,1995
Information and Communications University,2012,,0.556,2012
Injibara University,NA,,0.5,NA
Inoorero University,1983,,0.515,1983
Institut Africain d'Informatique,1971,,0.525,1971
Institut Agronomique et Vétérinaire Hassan II,1966,,0.535,1966
Institut Facultaire des Sciences de l'Information et de la Communication,1973,,0.613,1973
Institut Facultaire des sciences Agronomiques de Yangambi,1971,,0.578,1971
Institut International des Assurances,1972,,0.56,1972
Institut International des Sciences et de Technologie,NA,,0.582,NA
Institut Marocain de Management,1989,,0.545,1989
Institut National Agronomique de Tunisie,1898,,0.569,1898
Institut National Polytechnique Félix Houphouët-Boigny,1996,,0.537,1996
Institut National Supérieur des Sciences et Techniques d'Abéché,1997,,0.57,1997
Institut National de Statistique et d'Economie Appliquée,1961,,0.58,1961
Institut National de la Jeunesse et des Sports,1960,,0.573,1960
Institut National de la Poste et des Technologies de l'Information et de la Communication,1982,,0.63,1982
Institut National de la Recherche Agronomique de Tunisie,1898,,0.591,1898
Institut National de sante publique,1970,,0.555,1970
Institut National des Postes et Télécommunications,1961,,0.574,1961
Institut National des Sciences Comptables et de l’Administration d’Entreprises,1981,,0.651,1981
Institut National des Sciences de l'Archéologie et du Patrimoine,1985,,0.589,1985
Institut National du Bâtiment et des Travaux Publics,NA,,0.585,NA
Institut National d’Hygiène Publique,NA,,0.524,NA
Institut Panafricain pour le Développement Afrique Centrale,1965,,0.613,1965
Institut Pasteur de Bangui,1961,,0.528,1961
Institut Polytechnique Africain,2016,,0.532,2016
Institut Polytechnique Rural de Formation et de Recherche Appliquée,1897,,0.579,1897
Institut Privé de Gestion Institut Supérieur de Technologie Industrielle,1981,,0.636,1981
Institut PrépaVogt,NA,,0.503,NA
Institut Préparatoire aux Études d'Ingénieurs de Monastir,1992,,0.556,1992
Institut Royal de Formation des Cadres de la Jeunesse et des Sports,NA,,0.612,NA
Institut Sous-Régional de Statistique et d'Economie Appliquée,1984,,0.605,1984
Institut Superieur Sapientiae de Bafoussam,2010,,0.563,2010
Institut Supérieur de Formation à Distance,NA,,0.565,NA
Institut Supérieur Agronomique et Vétérinaire Valéry Giscard d'Estaing,1978,,0.585,1978
Institut Supérieur International du Tourisme de Tanger,1972,,0.578,1972
Institut Supérieur Privé Polytechnique,1988,,0.53,1988
Institut Supérieur Pédagogique Technique,1976,,0.525,1976
Institut Supérieur Pédagogique de Bukavu,1961,,0.572,1961
Institut Supérieur Pédagogique de Gitwe,NA,,0.508,NA
Institut Supérieur d'Etudes Sociales,NA,,0.53,NA
Institut Supérieur d'Informatique et des Technologies de Communication de Hammam Sousse,NA,,0.595,NA
Institut Supérieur d'Études Maritimes,1978,,0.557,1978
Institut Supérieur de Biotechnologie de Sfax,2002,,0.533,2002
Institut Supérieur de Commerce de Kinshasa,1964,,0.511,1964
Institut Supérieur de Commerce et d'Administration des Entreprises,1971,,0.603,1971
Institut Supérieur de Développement Rural,1977,,0.541,1977
Institut Supérieur de Formation en Technologie Alimentaire,1995,,0.594,1995
Institut Supérieur de Gestion,1984,,0.572,1984
Institut Supérieur de Gestion de Tunis,NA,,0.568,NA
Institut Supérieur de Gestion des Entreprises,1987,,0.558,1987
Institut Supérieur de Statistique de Lubumbashi,1981,,0.532,1981
Institut Supérieur de Statistiques de Kinshasa,1965,,0.588,1965
Institut Supérieur de Technique Médicale,1971,,0.511,1971
Institut Supérieur de Techniques Appliquées,1973,,0.524,1973
Institut Supérieur de Technologie Médicale,2005,,0.531,2005
Institut Supérieur de Technologie d'Antananarivo,NA,,0.567,NA
Institut Supérieur de comptabilité Audit et Finance,1996,,0.579,1996
Institut Supérieur de l'Information et de la Communication,1996,,0.579,1996
Institut Supérieur de l'Informatique et de Gestion,1992,,0.569,1992
"Institut Supérieur de la Communication, des Affaires et du Management",1990,,0.627,1990
Institut Supérieur des Etudes Technologiques de Tozeur,2005,,0.555,2005
Institut Supérieur des Etudes Technologiques de Zaghouan,2002,,0.558,2002
Institut Supérieur des Métiers du Patrimoine de Tunis,2000,,0.541,2000
Institut Supérieur des Professions Infirmières et Techniques de Santé de Casablanca,2013,,0.561,2013
Institut Supérieur des Sciences de l'Éducation de Guinée,1979,,0.572,1979
Institut Supérieur des Sciences et de Médecine Vétérinaire,2004,,0.573,2004
Institut Supérieur des Techniques Médicales de Bukavu,1981,,0.523,1981
Institut Supérieur des Technologies de l'Information et de la Communication,2011,,0.582,2011
Institut Supérieur des Études Technologiques de Gafsa,1992,,0.544,1992
Institut Supérieur des Études Technologiques de Nabeul,1995,,0.584,1995
Institut Supérieur des Études Technologiques en Communications de Tunis,1998,,0.615,1998
Institut Supérieur du Génie Appliqué,1981,,0.509,1981
Institut Supérieur du Sport et de l’Éducation Physique de Sfax,1969,,0.543,1969
Institut Supérieur d’Art Dramatique et d’Animation Culturelle,1985,,0.605,1985
Institut Supérieur d’Electronique et des Réseaux & Télécommunications,1996,,0.585,1996
"Institut Supérieur d’Informatique, Programmation et Analyse",1975,,0.592,1975
Institut Universitaire LES COURS SONOU,2007,,0.567,2007
Institut Universitaire Polytechnique de Mongo,2002,,0.553,2002
Institut Universitaire Siantou,NA,,0.518,NA
Institut Universitaire d'Abidjan,2004,,0.48,2004
Institut Universitaire de la Côte,2002,,0.498,2002
Institut Universitaire du Bénin,NA,,0.551,NA
Institut Universitaire du Congo,1989,,0.545,1989
Institut Universitaire du Golfe de Guinée,1993,,0.574,1993
Institut de Statistiques et d’Études Économiques du Burundi,1990,,0.563,1990
Institut des Hautes Études Bancaires et Financières,1995,,0.551,1995
"Institut des Hautes Études Bancaires, Financières et Managériale",1995,,0.612,1995
Institut des Hautes Études de Management,1988,,0.517,1988
Institut des Hautes Études de Tunis,1998,,0.532,1998
Institut supérieur de documentation,1981,,0.526,1981
Institut supérieur de la Magistrature,1962,,0.568,1962
Institute For Leadership And Communication Studies,1996,,0.59,1996
Institute and Observatory of Geophysics of Antananarivo,1887,,0.585,1887
Institute for Educational Planning and Administration,1975,,0.589,1975
"Institute for Meteorological Training and Research, WMO Regional Training Centre",NA,,0.564,NA
"Institute for Poverty, Land and Agrarian Studies",1995,,0.595,1995
Institute for Security Studies,1991,,0.504,1991
Institute of Accountancy Arusha,1990,,0.533,1990
Institute of Aviation Engineering & Technology,1936,,0.596,1936
Institute of Development Management,2001,,0.539,2001
Institute of Finance Management,1972,,0.533,1972
Institute of Legal Practice and Development,2004,,0.587,2004
Institute of Petroleum Studies Kampala,2013,,0.546,2013
Institute of Rural Development Planning,1980,,0.58,1980
Institute of Tax Administration,1982,,0.495,1982
Instituto Nacional de Estatística,1935,,0.547,1935
Instituto Superior Cristão,1994,,0.508,1994
Instituto Superior Monitor,2008,,0.5,2008
Instituto Superior Politecnico de Tete,2005,,0.546,2005
Instituto Superior Politécnico Metropolitano de Angola,NA,,0.613,NA
Instituto Superior Politécnico de Gaza,2006,,0.536,2006
Instituto Superior Politécnico de Manica,2005,,0.551,2005
Instituto Superior Politécnico de Songo,2015,,0.544,2015
Instituto Superior Politécnico de Tecnologia e Ciências,2005,,0.597,2005
Instituto Superior de Administração e Finanças,2017,,0.553,2017
Instituto Superior de Artes e Cultura,2008,,0.564,2008
Instituto Superior de Ciencias Sociais e Relações Internacionais,2007,,0.619,2007
Instituto Superior de Ciencias de Saude,2004,,0.563,2004
Instituto Superior de Ciências Económicas e Empresariais,1991,,0.6,1991
Instituto Superior de Ciências da Educação de Benguela,1994,,0.567,1994
Instituto Superior de Ciências e Tecnologia Alberto Chipande,2008,,0.612,2008
Instituto Superior de Ciências e Tecnologia de Moçambique,1996,,0.596,1996
Instituto Superior de Comunicação e Imagem de Moçambique,2003,,0.581,2003
Instituto Superior de Transportes e Comunicaçõe,2000,,0.567,2000
Instituts Supérieurs des Professions Infirmières et Techniques de Santé,NA,,0.575,NA
Inter-University Council for East Africa,1980,,0.566,1980
International Academy Mohammed VI of Civil Aviation,2000,,0.572,2000
International Academy for Engineering and Media Science,2002,,0.589,2002
International Centre for Genetic Engineering and Biotechnology,1983,,0.631,1983
International Crops Research Institute for the Semi-Arid Tropics,NA,,0.642,NA
International Institute for Higher Education in Morocco,1988,,0.585,1988
International Institute for Water and Environmental Engineering,2006,,0.577,2006
International Islamic Center for Population Studies and Research,1975,,0.615,1975
International Medical and Technological University,1997,,0.611,1997
International School of Dakar,1983,,0.519,1983
International University & Polytechnic of Benin,NA,,0.592,NA
International University Bamenda,1990,,0.565,1990
International University of Africa,1977,,0.552,1977
International University of East Africa,2010,,0.581,2010
International University of Grand Bassam,2007,,0.594,2007
International University of Management,1994,,0.595,1994
International University of Rabat,2010,,0.575,2010
Isa Kaita College of Education,1999,,0.56,1999
Islamic University College,2000,,0.551,2000
Islamic University in Uganda,1988,,0.522,1988
Islamic University of Niger,1974,,0.537,1974
James Hope University,2021,,0.498,2021
Jamhuriya University of Science and Technology,2011,,0.547,2011
Jaramogi Oginga Odinga University of Science and Technology,2009,,0.566,2009
Jazeera University,2010,,0.471,2010
Jean Piaget University of Angola,2000,,0.535,2000
Jean Piaget University of Cape Verde,2001,,0.563,2001
Jigawa State College of Education Gumel,1976,,0.53,1976
Jigawa State College of Nursing Sciences,NA,,0.535,NA
"Jigawa State Polytechnic, Dutse",2007,,0.532,2007
Jigjiga University,2007,,0.445,2007
Jimma University,1999,,0.494,1999
John Garang Memorial University of Science and Technology,2006,,0.602,2006
Jomo Kenyatta University of Agriculture and Technology,1994,,0.576,1994
Jordan University College,2010,,0.535,2010
Joseph Ayo Babalola University,2006,,0.536,2006
Joseph Sarwuan Tarka University Makurdi,1988,,0.509,1988
Joshua Mqabuko Nkomo Polytechnic,1981,,0.475,1981
Julius Nyerere University of Kankan,1964,,0.524,1964
KCA University,1989,,0.451,1989
KCMC University,NA,,0.473,NA
Kabale University,2001,,0.472,2001
Kabarak University,2002,,0.468,2002
Kaduna Polytechnic,1956,,0.503,1956
Kaduna State University,2004,,0.511,2004
Kafrelsheikh University,2006,,0.466,2006
Kaimosi Friends University,2014,,0.519,2014
Kampala International University,2009,,0.591,2009
Kampala University,1999,,0.499,1999
Kano State University of Technology,2000,,0.526,2000
Karary University,1996,,0.503,1996
Karatina University,2007,,0.522,2007
Karl Kumm University,NA,,0.441,NA
Karume Institute of Science and Technology,2006,,0.544,2006
Kassala University,1990,,0.51,1990
Katanga Methodist University,NA,,0.525,NA
Katsina State Institute of Technology and Management,2013,,0.571,2013
Kebbi State Polytechnic,2013,,0.493,2013
Kebbi State University of Science and Technology,2006,,0.568,2006
"Kenule Beeson Saro-Wiwa Polytechnic, Bori",1989,,0.527,1989
Kenya Highlands University,1970,,0.531,1970
Kenya Institute of Curriculum Development,2013,,0.557,2013
Kenya Institute of Special Education,1986,,0.567,1986
Kenya Institute of Surveying and Mapping,1994,,0.57,1994
Kenya Medical Training College,1990,,0.58,1990
Kenya Methodist University,1997,,0.537,1997
Kenya School of TVET,1972,,0.538,1972
Kenyatta University,1985,,0.502,1985
Khartoum International Institute for Arabic Languague,1974,,0.559,1974
Kibabii University,2010,,0.479,2010
Kigali Independent University,1996,,0.542,1996
King Ceasor University,2011,,0.533,2011
King Faisal University of N'Djamena,1992,,0.535,1992
Kings University,2015,,0.503,2015
Kingsley Ozumba Mbadiwe University,2021,,0.551,2021
Kirinyaga University,1977,,0.5,1977
Kiriri Women's University of Science and Technology,2002,,0.558,2002
Kisii University,1965,,0.488,1965
Kismayo University,2005,,0.51,2005
Klintaps University College of Health and Allied Sciences,2017,,0.599,2017
Kofi Annan International Peacekeeping Training Centre,1998,,0.589,1998
Koforidua Technical University,1997,,0.521,1997
Kogi State University,1999,,0.51,1999
"Kogi State University, Kabba",2023,,0.532,2023
Koitaleel Samoei University College,2018,,0.571,2018
Kongo University,1990,,0.492,1990
Kotebe University of Education,1959,,0.53,1959
Kumasi Technical University,1954,,0.526,1954
Kumi University,2004,,0.474,2004
Kwame Nkrumah University,1967,,0.469,1967
Kwame Nkrumah University of Science and Technology,1952,,0.556,1952
Kwara State Polytechnic,1973,,0.519,1973
Kwara State University,2009,,0.498,2009
Kwararafa University,2005,,0.444,2005
Kyambogo University,2003,,0.495,2003
LEAP Science and Maths Schools,1987,,0.553,1987
Ladoke Akintola University of Technology,1990,,0.547,1990
Lafoole University,NA,,0.527,NA
Lagos State University,1983,,0.552,1983
Lagos State University of Science and Technology,1977,,0.558,1977
Laikipia University,1929,,0.496,1929
Lancaster University Ghana,1964,,0.585,1964
Landmark University,2011,,0.503,2011
Larbi Ben M'hidi University of Oum El Bouaghi,2001,,0.546,2001
Lead City University,2005,,0.515,2005
Lebanese International University of Mauritania,NA,,0.603,NA
Levy Mwanawasa Medical University,2018,,0.549,2018
Liberia Institute Of Public Administration,1969,,0.57,1969
Libya Institute for Advanced Studies,2012,,0.526,2012
Libya Open University,NA,,0.572,NA
Libyan Academy,1988,,0.538,1988
Libyan Centre for Dental Research,2023,,0.552,2023
Libyan International Medical University,2007,,0.58,2007
Light University of Bujumbur,2000,,0.546,2000
Lilongwe University of Agriculture and Natural Resources,2011,,0.593,2011
Lira University,2016,,0.558,2016
LivingStone International University,2012,,0.552,2012
Local Government Training Institute,1952,,0.572,1952
Lower Shabelle University,2010,,0.526,2010
Loyola University of Congo,2016,,0.556,2016
Lukenya University,2013,,0.526,2013
Lupane State University,2005,,0.537,2005
Lusaka Apex Medical University,2008,,0.555,2008
Luxor University,2019,,0.519,2019
Lyceum College,1917,,0.518,1917
Lúrio University,2006,,0.478,2006
Maakhir University,2009,,0.456,2009
Maasai Mara University,2013,,0.538,2013
Machakos School,1915,,0.446,1915
Machakos University,1957,,0.476,1957
Madda Walabu University,2006,,0.496,2006
Madina Academy,1998,,0.473,1998
Madonna University,1937,,0.473,1937
Mahatma Gandhi Institute,1970,,0.516,1970
Mahatma Gandhi University,1983,,0.517,1983
Maitama Sule University Kano,2012,,0.534,2012
Makerere University,1922,,0.479,1922
Malawi Adventist University,1969,,0.53,1969
Malawi School of Government,1966,,0.489,1966
Malawi University of Science and Technology,2012,,0.545,2012
Management College of Southern Africa,1995,,0.531,1995
Mandela Institute for Development Studies,2010,,0.558,2010
Mangosuthu University of Technology,1979,,0.511,1979
Manicaland State University of Applied Sciences,2016,,0.598,2016
Manouba University,1801,,0.482,1801
Mansoura National University,2022,,0.554,2022
Mansoura University,1972,,0.48,1972
Margaret Lawrence University,2022,,0.558,2022
Marien Ngouabi University,1971,,0.526,1971
Marondera University of Agricultural Sciences and Technology,2015,,0.577,2015
Maryam Abacha American University of Niger,2013,,0.57,2013
Maseno University,1991,,0.544,1991
Mashreq University,2003,,0.494,2003
Masinde Muliro University of Science and Technology,1972,,0.575,1972
Mateur Higher School of Agriculture,1956,,0.507,1956
Matrouh University,2018,,0.481,2018
Mauritius Institute of Education,1973,,0.505,1973
Mbarara University of Science and Technology,1989,,0.569,1989
Mbeya University of Science and Technology,2012,,0.572,2012
McPherson University,2012,,0.468,2012
Media Council of Kenya,2004,,0.525,2004
Mediterranean School of Business,2002,,0.536,2002
Mekdela Amba University,2015,,0.516,2015
Mekelle University,1991,,0.507,1991
Menoufia University,1976,,0.472,1976
Meru University of Science and Technology,1979,,0.558,1979
Methodist University College Ghana,2000,,0.554,2000
Methodist University of Angola,2007,,0.548,2007
Metropolitan International University,2017,,0.566,2017
Mfantsiman Girls Secondary School,1958,,0.534,1958
Michael Okpara University of Agriculture,1992,,0.564,1992
Middlesex University,2013,,0.472,2013
Midlands State University,2000,,0.586,2000
Midocean University,2020,,0.529,2020
Midrand Graduate Institute,1989,,0.538,1989
Military Technical College,1957,,0.581,1957
Milpark Education,1997,,0.531,1997
Minia University,1976,,0.491,1976
Misr International University,1996,,0.564,1996
Misr University for Science and Technology,1996,,0.567,1996
Mission de Promotion des Materiaux Locaux,NA,,0.57,NA
Misurata University,1984,,0.539,1984
Mizan Tepi University,2006,,0.495,2006
Modern Academy,1993,,0.478,1993
Modern Academy for Engineering and Technology,2001,,0.584,2001
Modern University for Information and Technology,2004,,0.595,2004
Modibbo Adama University of Technology,1981,,0.543,1981
Mogadishu University,1997,,0.473,1997
Mohamed I University,1978,,0.502,1978
Mohamed-Cherif Messaadia University,1998,,0.56,1998
Mohammed V University,1957,,0.471,1957
Moi University,1984,,0.488,1984
Monarch University,2025,,0.52,2025
Moshi Co-operative University,2014,,0.522,2014
Mouloud Mammeri University of Tizi-Ouzou,1977,,0.489,1977
Mount Kenya University,1996,,0.499,1996
Mount Meru University,1962,,0.498,1962
Mountain Top University,2015,,0.52,2015
Mountains of the Moon University,2005,,0.517,2005
Mountcrest University College,2008,,0.554,2008
Muhimbili University of Health and Allied Sciences,1963,,0.562,1963
Mukuba University,1974,,0.464,1974
Mulago School of Nursing and Midwifery,NA,,0.528,NA
Multimedia University of Kenya,1948,,0.513,1948
Mulungushi University,2008,,0.484,2008
Muni University,2013,,0.483,2013
Murang'a University of Technology,2016,,0.483,2016
Muslim University of Morogoro,2004,,0.481,2004
Mutare Polytechnic,1984,,0.496,1984
Muteesa I Royal University,2007,,0.553,2007
Mzumbe University,2001,,0.464,2001
Mzuzu University,1997,,0.389,1997
Nahda College,2014,,0.522,2014
Nahda University,2006,,0.48,2006
Nalikule College of Education,2017,,0.525,2017
Nalut University,2017,,0.506,2017
Namibia Institute of Pathology,2000,,0.497,2000
Namibia University of Science and Technology,1994,,0.567,1994
Nasarawa State University,2002,,0.557,2002
National Advanced School of Public Works,1970,,0.528,1970
National Archives of Senegal,1962,,0.552,1962
National Banking College,1994,,0.577,1994
National Center for Educational Research and Development,1972,,0.612,1972
National Council for Curriculum and Assessment,2007,,0.567,2007
National Defence College Kenya,1992,,0.542,1992
National Engineering School of Tunis,1968,,0.553,1968
National Examinations Council,1999,,0.556,1999
National Higher School of Autonomous Systems Technology,2023,,0.557,2023
National Higher School of Mathematics,2022,,0.538,2022
National Higher School of Statistics and Applied Economy,1970,,0.548,1970
National Higher School of Technology and Engineering Annaba,2023,,0.554,2023
National Institute for Nigerian Languages,1993,,0.538,1993
National Institute for Research in Education,1962,,0.571,1962
National Institute of Arts,1967,,0.528,1967
National Institute of Public Administration,1963,,0.589,1963
National Institute of Transport,1975,,0.539,1975
National Library of Somalia,1975,,0.54,1975
National Nurses Association of Kenya,1968,,0.57,1968
National Open University of Nigeria,1983,,0.583,1983
National Polytechnic University Institute Bamenda,1996,,0.55,1996
National Postgraduate Medical College of Nigeria,1979,,0.592,1979
National Ribat University,2000,,0.543,2000
National School of Architecture,1980,,0.526,1980
National School of Artificial Intelligence,2021,,0.546,2021
National School of Built and Ground Works Engineering,1966,,0.544,1966
National School of Business and Management in Settat,1994,,0.593,1994
National School of Computer Science,1984,,0.54,1984
"National School of Electronics and Telecommunications of Sfax, Tunisia",NA,,0.582,NA
National School of Mineral Industry,1972,,0.552,1972
National Telecommunications Institute,1983,,0.566,1983
National Universities Commission,1974,,0.525,1974
National University,1994,,0.51,1994
National University of Equatorial Guinea,1995,,0.56,1995
National University of Lesotho,1945,,0.51,1945
National University of Science and Technology,1918,,0.559,1918
"National University of Sciences, Technologies, Engineering and Mathematics",2014,,0.594,2014
Nazi Boni University,1995,,0.521,1995
Ndejje University,1992,,0.478,1992
Nelson Mandela African Institution of Science and Technology,2010,,0.595,2010
Nelson Mandela University,2005,,0.548,2005
New Generation University College,2002,,0.549,2002
New Giza University,2016,,0.512,2016
Newgate University Minna,2022,,0.539,2022
Niger Delta University,2000,,0.542,2000
Niger State Polytechnic,1977,,0.542,1977
Nigeria Police Academy,2012,,0.582,2012
Nigerian Army College of Education,2019,,0.566,2019
Nigerian Defence Academy,1964,,0.536,1964
Nigerian Institute of Transport Technology,1986,,0.555,1986
Nigerian University Games Association,1966,,0.576,1966
Nigerian University of Technology and Management,2020,,0.592,2020
Nile University,2007,,0.505,2007
Nile University of Nigeria,1998,,0.52,1998
Nile University of Science and Technology,2017,,0.567,2017
Nile Valley University,1990,,0.529,1990
Njala University,1964,,0.489,1964
Nkumba University,1994,,0.459,1994
Nnamdi Azikiwe University,1991,,0.466,1991
North Gate University,NA,,0.546,NA
"North-Eastern University, Gombe",2022,,0.533,2022
North-West University,2004,,0.527,2004
Northrise University,2003,,0.508,2003
Novena University,2005,,0.497,2005
Nugaal University,2004,,0.501,2004
"Nurses' Training College, Ho",1964,,0.511,1964
Obafemi Awolowo University,1999,,0.485,1999
Obong University,1997,,0.484,1997
Obour Institutes,NA,,0.491,NA
October 6 University,1996,,0.505,1996
October High Institute For Enginnering and Technology,1993,,0.573,1993
October University of Modern Sciences and Arts,1996,,0.54,1996
Oda Bultum University,2015,,0.483,2015
Oduduwa University,2009,,0.451,2009
Ogun State Institute of Technology Igbesa,2005,,0.553,2005
Olabisi Onabanjo University,1982,,0.535,1982
Olusegun Agagu University of Science and Technology,2010,,0.542,2010
Omar Al-Mukhtar University,1961,,0.48,1961
Omar Bongo University,1970,,0.522,1970
Omdurman Ahlia University,1986,,0.534,1986
Omdurman Islamic University,1901,,0.538,1901
One World University,NA,,0.513,NA
Open University of Kenya,2023,,0.523,2023
Open University of Mauritius,2012,,0.509,2012
Open University of Sudan,2002,,0.509,2002
Open University of Tanzania,1992,,0.53,1992
Open University of West Africa,NA,,0.534,NA
Open Window School of Visual Communication,1993,,0.513,1993
Oran Graduate School of Economics,2010,,0.5,2010
Oromia State University,2000,,0.54,2000
"Osun State College of Education, Ila-Orangun",1988,,0.543,1988
Osun State University,2006,,0.52,2006
Pan Africa Christian University,1978,,0.554,1978
Pan African Christian University College,2001,,0.557,2001
Pan African Institute for Development,1969,,0.566,1969
Pan African Institute for Development Regional Institute for West Africa,1969,,0.556,1969
Pan-African University,2002,,0.518,2002
Pan-Atlantic University,2002,,0.502,2002
Paul University Awka,2009,,0.47,2009
Pedagogical University,1985,,0.497,1985
Pentecost University College,1994,,0.589,1994
Pharaohs Higher Institute of Computer Information Systems and Management,2001,,0.614,2001
Pharos University in Alexandria,2006,,0.516,2006
Philomath University,2021,,0.506,2021
Pigier Bénin,1997,,0.49,1997
Pigier Côte d'Ivoire,1956,,0.542,1956
Pioneer International University,NA,,0.573,NA
Plasma University,2005,,0.531,2005
Plateau State University,2005,,0.539,2005
Polytechnic School of Algiers,1925,,0.496,1925
Poma International Business University,2007,,0.553,2007
Port Said University,2010,,0.547,2010
Presbyterian University of East Africa,2007,,0.568,2007
"Presbyterian University, Ghana",2003,,0.536,2003
Private University of Angola,2000,,0.532,2000
Production Management Institute of Southern Africa,1977,,0.563,1977
Puntland State University,1999,,0.539,1999
Pwani University,2007,,0.503,2007
Radford University College,2009,,0.531,2009
Raya University,2015,,0.499,2015
Red Sea University,1994,,0.514,1994
Redeemer's University,2005,,0.476,2005
Reformed Church University,2012,,0.477,2012
Regenesys Business School,1998,,0.487,1998
Regent Business School,NA,,0.56,NA
Regent University College of Science and Technology,2003,,0.58,2003
Regentropfen University College,NA,,0.54,NA
Regional Centre for Training in Aerospace Surveys,1972,,0.617,1972
Regional Maritime University,2007,,0.566,2007
Renaissance University,2005,,0.534,2005
Rhema University,2009,,0.489,2009
Rhodes University,1904,,0.471,1904
Riara University,2012,,0.512,2012
Rift Valley University,2000,,0.515,2000
Rivers State University,1980,,0.554,1980
Rongo University,2011,,0.512,2011
Royal Centre for Remote Sensing,1989,,0.548,1989
Ruaha Catholic University,2005,,0.508,2005
Rumbek University,NA,,0.441,NA
Rusangu University,2002,,0.503,2002
Rwanda Polytechnic,2017,,0.487,2017
SIMAD University,1999,,0.549,1999
"SS Peter and Paul Major Seminary, Bodija",1908,,0.531,1908
Sa'adatu Rimi College of Education,1981,,0.528,1981
Sa'adu Zungur University,2011,,0.469,2011
Sabratha University,NA,,0.483,NA
Sadat Academy for Management Sciences,1981,,0.549,1981
Salem University,1988,,0.523,1988
Samara University,2008,,0.471,2008
Sanaag University of Science and Technology,NA,,0.591,NA
Scott Christian University,1962,,0.53,1962
Sebastian Kolowa Memorial University,2012,,0.543,2012
Sebha University,1983,,0.486,1983
Sedibeng TVET College,2002,,0.522,2002
Sefako Makgatho Health Sciences University,2015,,0.507,2015
Senghor University,1990,,0.525,1990
Shendi University,1994,,0.506,1994
Sheppard and Lapsley Presbyterian University of Congo,NA,,0.606,NA
Sicambeni Rural University,1908,,0.55,1908
Sidi Mohamed Ben Abdellah University,1975,,0.561,1975
Sikkim Manipal University,1995,,0.498,1995
Sinai University,2006,,0.519,2006
Sinnar University,1977,,0.514,1977
Sirte University,1991,,0.521,1991
Skyline University Nigeria,2018,,0.492,2018
Social Work Institute in Cairo,NA,,0.555,NA
Sohag University,2006,,0.499,2006
Sokoine University of Agriculture,1984,,0.536,1984
Sokoto State University,2009,,0.496,2009
Sol Plaatje University,2014,,0.525,2014
Solusi University,1894,,0.515,1894
Somali International University,2012,,0.583,2012
Somali National University,1954,,0.559,1954
Somali STEM Society,2017,,0.507,2017
Somaliland University of Technology,2000,,0.556,2000
Soroti University,2015,,0.515,2015
South African College of Applied Psychology,1997,,0.539,1997
South African National Energy Development Institute,NA,,0.595,NA
South African School of Motion Picture Medium and Live Performance,NA,,0.652,NA
South African Theological Seminary,1996,,0.524,1996
South Eastern Kenya University,1976,,0.543,1976
South Valley University,1995,,0.491,1995
Southern Africa Nazarene University,2010,,0.538,2010
Sphinx University,2020,,0.514,2020
Spiritan University Nneochi,2017,,0.504,2017
St Augustine College of South Africa,1999,,0.52,1999
St. Augustine International University,2011,,0.526,2011
St. Augustine University of Tanzania,2002,,0.549,2002
St. Christopher Iba Mar Diop College of Medicine,2000,,0.582,2000
St. Francis University College of Health and Allied Sciences,2011,,0.604,2011
St. John's University of Tanzania,1999,,0.505,1999
St. Joseph University In Tanzania,2011,,0.527,2011
St. Lawrence University,2006,,0.52,2006
St. Mary's University,1998,,0.483,1998
St. Mary's University in Juba,NA,,0.551,NA
St. Paul's University,1903,,0.507,1903
Stafford University,2015,,0.473,2015
Stalwart University Institute,2019,,0.576,2019
State University of Medical and Applied Sciences,NA,,0.593,NA
State University of Zanzibar,1999,,0.504,1999
Stella Maris Polytechnic,1988,,0.556,1988
Stellenbosch University,1866,,0.529,1866
Strathmore University,1961,,0.514,1961
Sudan Academy for Banking and Financial Sciences,1963,,0.569,1963
Sudan Academy of Sciences,2004,,0.55,2004
Sudan Childhood Diabetes Association,2003,,0.502,2003
Sudan International University,1990,,0.533,1990
Sudan Medical Specialization Board,1995,,0.547,1995
Sudan University of Science and Technology,1902,,0.561,1902
Sudanese Universities Information Network,NA,,0.539,NA
Suez Canal University,1976,,0.53,1976
Suez University,2012,,0.482,2012
Sule Lamido University Kafin Hausa,2013,,0.518,2013
"Summit University, Offa",NA,,0.462,NA
Sunyani Technical University,1967,,0.549,1967
Sup Management,1995,,0.474,1995
Sup de Co Marrakech,1987,,0.484,1987
Supershine University,2014,,0.509,2014
Surman College of Science and Technology,1984,,0.562,1984
SwissLink Higher Institute of Business & Technology,2017,,0.561,2017
Taasisi ya Sanaa na Utamaduni Bagamoyo,2007,,0.568,2007
Tai Solarin University of Education,2005,,0.531,2005
Takoradi Technical University,1954,,0.547,1954
Tangaza University,1986,,0.498,1986
Tansian University,2009,,0.54,2009
Tanta University,1972,,0.5,1972
Tanzania Agriculture Research Institute,2016,,0.568,2016
Tanzania Commission for Universities,2005,,0.525,2005
Tanzania Institute of Education (TIE),1975,,0.543,1975
Taraba State College of Health Technology Takum,1991,,0.573,1991
Taraba State University,2008,,0.529,2008
Team University,2010,,0.507,2010
Technical University of Angola,2007,,0.535,2007
Technical University of Kenya,1956,,0.517,1956
Technical University of Mombasa,2013,,0.552,2013
Tengeru Institute of Community Development,1963,,0.531,1963
Teofilo Kisanji University,2007,,0.507,2007
Testament Theological Seminary,2022,,0.539,2022
The Catholic University of Malawi,2004,,0.526,2004
"The Federal Polytechnic, Ado-Ekiti",1977,,0.512,1977
The Future University,1991,,0.464,1991
The Gambia College,1949,,0.518,1949
The Higher Institute of Applied Arts Fifth settlement,2005,,0.597,2005
The Higher Institute of Engineering Technologies Benghazi,2013,,0.614,2013
The Higher School of Management and Digital Economy,2019,,0.552,2019
The Independent Institute of Education,2005,,0.526,2005
The Kenya Education Management Institute,1986,,0.553,1986
The Knowledge Hub Universities,2019,,0.5,2019
The Nigerian Baptist Theological Seminary,1898,,0.558,1898
The Polytechnic Ibadan,1970,,0.538,1970
The University Centre for Studies in Namibia,1978,,0.573,1978
The University of Dodoma,2007,,0.511,2007
Thebes Academy,1995,,0.513,1995
Time Université,2002,,0.445,2002
Tissemsilt University,2008,,0.556,2008
Tom Mboya University College,2016,,0.529,2016
Trinity University,2019,,0.508,2019
Tshwane University of Technology,2004,,0.527,2004
Tumaini University,1997,,0.537,1997
Tunis El Manar University,2000,,0.532,2000
Tunis University,1945,,0.478,1945
Tunisia Polytechnic School,1991,,0.505,1991
Tunisia Private University,1973,,0.522,1973
Uganda Christian University,1997,,0.526,1997
Uganda Episcopal Conference,1960,,0.555,1960
Uganda Institute of Information & Communications Technology,2000,,0.582,2000
Uganda Management Institute,1969,,0.534,1969
Uganda Martyrs University,1993,,0.536,1993
Uganda Pentecostal University,2001,,0.574,2001
Uganda Petroleum Institute,2009,,0.549,2009
Uganda Technology and Management University,2012,,0.553,2012
Umaru Musa Yar'adua University,2006,,0.501,2006
Umma University,1997,,0.473,1997
UniMAC-GIJ,1959,,0.494,1959
United African University of Tanzania,2012,,0.549,2012
United Methodist University,1998,,0.522,1998
United States International University Africa,1969,,0.577,1969
Unity University College,1998,,0.536,1998
Unité de Recherche en Génie des Procédés et en Génie de l’Environnement,2014,,0.57,2014
Universiapolis - Université Internationale d'Agadir,1989,,0.6,1989
Universidade Aberta ISCED,2012,,0.529,2012
Universidade Colinas de Boé,2003,,0.512,2003
Universidade Gregório Semedo,2004,,0.466,2004
Universidade Independente de Angola,2004,,0.462,2004
Universidade Jean Piaget de Moçambique,2001,,0.539,2001
Universidade José Eduardo dos Santos,1974,,0.545,1974
Universidade Katyavala Bwila,2009,,0.504,2009
Universidade Kimpa Vita,1983,,0.473,1983
Universidade Lusíada de Angola,NA,,0.489,NA
Universidade Lusófona da Guiné,NA,,0.522,NA
Universidade Mandume Ya Ndemufayo,1963,,0.492,1963
Universidade Politecnica,NA,,0.519,NA
Universidade Rainha Njinga a Mbande,2020,,0.56,2020
Universidade São Tomás de Moçambique,NA,,0.491,NA
Universidade Técnica de Moçambique,2003,,0.482,2003
Universidade Zambeze,2007,,0.418,2007
Universidade de Belas,2007,,0.511,2007
Universidade de São Tomé e Príncipe,2014,,0.499,2014
Universidade Óscar Ribas,NA,,0.532,NA
Universite Adventiste de Lukanga,NA,,0.548,NA
Universite des Sciences Appliquée et Management,NA,,0.585,NA
University Center of Barika,2011,,0.503,2011
University Center of Illizi,2015,,0.517,2015
University Centre of Maghnia,2006,,0.532,2006
University College of Agriculture and Environmental Studies,1963,,0.618,1963
University College of Aviation and Technology,NA,,0.596,NA
University College of Management Studies,1974,,0.556,1974
University College of Technology,2003,,0.518,2003
University Elmergib,NA,,0.505,NA
University Ferhat Abbas of Setif,1978,,0.557,1978
University Frères Mentouri Constantine 1,1969,,0.547,1969
University Mohamed Boudiaf of M'sila,1985,,0.525,1985
University Mohamed El Bachir El Ibrahimi of Bordj Bou Arreridj,2000,,0.562,2000
University Yahia Fares of Medea,1988,,0.505,1988
University for Development Studies,1992,,0.549,1992
University of Abou Bekr Belkaïd,1974,,0.474,1974
University of Abuja,1988,,0.478,1988
University of Africa,2008,,0.489,2008
University of Africa Toru-Orua,2016,,0.498,2016
"University of Agriculture and Environmental Sciences, Umuagwo",2019,,0.548,2019
University of Ajdabiya,2000,,0.471,2000
University of Algiers 3,2009,,0.505,2009
University of Algiers Benyoucef Benkhedda,1909,,0.522,1909
University of Antananarivo,1955,,0.545,1955
University of Applied Management,2004,,0.532,2004
University of Arusha,2006,,0.47,2006
University of Asmara,1958,,0.508,1958
University of Bagamoyo,2010,,0.508,2010
University of Bahr El-Ghazal,1991,,0.488,1991
University of Bahri,2011,,0.47,2011
University of Bakhtalruda,1990,,0.491,1990
University of Bamako,1996,,0.457,1996
University of Bamenda,2011,,0.526,2011
University of Bandundu,NA,,0.501,NA
University of Bangui,1969,,0.52,1969
University of Batna 1,1977,,0.526,1977
University of Bechar,1986,,0.476,1986
University of Benghazi,1955,,0.458,1955
University of Benin,1970,,0.514,1970
University of Biskra,1984,,0.495,1984
University of Blida,1981,,0.5,1981
University of Botswana,1982,,0.491,1982
University of Bouira,2005,,0.48,2005
University of Boumerdes,1998,,0.534,1998
University of Buea,1992,,0.477,1992
University of Béjaïa,1983,,0.446,1983
University of Calabar,1975,,0.508,1975
University of Cape Coast,1962,,0.532,1962
University of Cape Town,1829,,0.523,1829
University of Cape Verde,2006,,0.515,2006
University of Carthage,1988,,0.511,1988
University of Constantine 3,2012,,0.548,2012
University of Cross River State,2002,,0.547,2002
University of Dar es Salaam,1970,,0.515,1970
University of Derna,1994,,0.496,1994
University of Djibouti,2006,,0.477,2006
University of Dongola,NA,,0.494,NA
University of Douala,1977,,0.505,1977
"University of Eastern Africa, Baraton",1980,,0.539,1980
University of Education and Entrepreneurship,2024,,0.566,2024
"University of Education, Winneba",1992,,0.523,1992
University of El Imam El Mahdi,1994,,0.519,1994
University of Eldoret,1946,,0.495,1946
University of Eloued,1995,,0.531,1995
University of Embu,2011,,0.485,2011
University of Energy and Natural Resources,2012,,0.59,2012
University of Eswatini,1982,,0.494,1982
University of Fort Hare,1916,,0.477,1916
University of Gabès,2003,,0.48,2003
University of Gafsa,2004,,0.48,2004
University of Garden City,2003,,0.514,2003
University of Gedo,NA,,0.491,NA
University of Gezira,1975,,0.465,1975
University of Ghana,1948,,0.497,1948
University of Ghardaia,2004,,0.514,2004
University of Gharyan,1991,,0.5,1991
University of Global Health Equity,2015,,0.535,2015
University of Goma,1993,,0.462,1993
University of Gondar,1954,,0.469,1954
University of Guelma,1986,,0.508,1986
University of Hargeisa,2000,,0.508,2000
University of Hassan II Casablanca,1975,,0.555,1975
University of Health Sciences,2000,,0.532,2000
University of Health and Allied Sciences,2011,,0.551,2011
University of Ibadan,1948,,0.478,1948
University of Ilesa,1979,,0.505,1979
University of Ilorin,1975,,0.504,1975
University of Jendouba,2003,,0.493,2003
University of Jijel,2003,,0.48,2003
University of Johannesburg,2005,,0.493,2005
University of Jos,1975,,0.468,1975
University of Juba,1977,,0.472,1977
University of Kabianga,2013,,0.514,2013
University of Kairouan,2004,,0.474,2004
University of Kalemie,2004,,0.497,2004
University of Kamina,1955,,0.495,1955
University of Kara,1999,,0.488,1999
University of Khartoum,1902,,0.455,1902
University of Kigali,2013,,0.492,2013
University of Kikwit,1992,,0.453,1992
University of Kindu,2004,,0.505,2004
University of Kinshasa,1954,,0.486,1954
University of Kisubi,2004,,0.463,2004
University of Kivu,2008,,0.479,2008
University of Kolwezi,2004,,0.457,2004
University of Kordofan,1990,,0.433,1990
University of Koudougou,2005,,0.477,2005
University of KwaZulu-Natal,2004,,0.477,2004
University of Laghouat,1986,,0.486,1986
University of Lagos,1962,,0.503,1962
University of Lay Adventists of Kigali,1997,,0.541,1997
University of Liberia,1862,,0.497,1862
University of Limpopo,2005,,0.482,2005
University of Livingstonia,1895,,0.507,1895
University of Lomé,1970,,0.482,1970
University of Lubumbashi,1955,,0.519,1955
University of Lusaka,2007,,0.47,2007
University of Maiduguri,1975,,0.513,1975
University of Makeni,2005,,0.468,2005
University of Malawi,1964,,0.499,1964
University of Management and Technology,2010,,0.56,2010
University of Maroua,2008,,0.473,2008
University of Mauritius,1965,,0.49,1965
University of Mbandaka,2004,,0.502,2004
University of Mbuji Mayi,2004,,0.483,2004
"University of Media, Arts and Communication",2020,,0.534,2020
University of Medical Sciences and Technology,1995,,0.558,1995
University of Military Science and Technology,2007,,0.545,2007
University of Mines and Technology,2004,,0.515,2004
University of Mkar,2005,,0.478,2005
University of Monastir,2004,,0.484,2004
University of Mpumalanga,2014,,0.509,2014
University of N'Djamena,1971,,0.474,1971
University of Nairobi,1956,,0.492,1956
University of Namibia,1992,,0.471,1992
University of Ngaoundéré,1993,,0.493,1993
University of Ngozi,1999,,0.503,1999
University of Nigeria,1955,,0.481,1955
University of Nyala,1994,,0.502,1994
University of Ouargla,1988,,0.514,1988
University of Port Harcourt,1975,,0.53,1975
University of Pretoria,1908,,0.511,1908
University of Professional Studies,1965,,0.543,1965
University of Reunion Island,1982,,0.528,1982
University of Rwanda,2013,,0.527,2013
University of Sadat City,2013,,0.502,2013
University of Science and Technology Omdurman,1995,,0.549,1995
University of Science and Technology of Benin,1996,,0.565,1996
University of Science and Technology of Ivory Coast,2009,,0.577,2009
University of Science and Technology of Togo,2012,,0.563,2012
University of Sciences and Technology Houari Boumediene,1974,,0.563,1974
University of Seychelles,2009,,0.514,2009
University of Sfax,1986,,0.455,1986
University of Sierra Leone,1827,,0.533,1827
University of Skikda,1955,,0.488,1955
University of Somalia,2005,,0.502,2005
University of Sousse,2004,,0.494,2004
University of South Africa,1873,,0.517,1873
University of Southern Somalia,2007,,0.549,2007
University of Tamanghasset,2005,,0.518,2005
University of Technology,1998,,0.536,1998
"University of Technology, Mauritius",2000,,0.55,2000
University of Timbuktu,NA,,0.467,NA
University of Toamasina,1988,,0.526,1988
University of Toliara,1971,,0.515,1971
University of Tripoli,1957,,0.484,1957
University of Tripoli Al-ahlia,1999,,0.523,1999
University of Uyo,1991,,0.476,1991
University of Venda,1982,,0.471,1982
University of Zalingei,1994,,0.488,1994
University of Zambia,1966,,0.489,1966
University of Zimbabwe,1952,,0.454,1952
University of Zululand,1960,,0.505,1960
University of al-Qarawiyyin,1859,,0.522,1859
University of the Free State,1904,,0.529,1904
University of the Gambia,1999,,0.516,1999
University of the Holy Quran and Islamic Sciences,1994,,0.547,1994
University of the Sacred Heart Gulu,2016,,0.566,2016
University of the Western Cape,1959,,0.549,1959
University of the Witwatersrand,1922,,0.487,1922
Université Abdou Moumouni,1974,,0.531,1974
Université Adam Barka d'Abéché,2003,,0.457,2003
Université Adventiste de Goma,2000,,0.524,2000
Université Africaine de Développement Coopératif,1967,,0.545,1967
Université Africaine de Technologie et de Management,1997,,0.578,1997
Université Alassane Ouattara,1992,,0.528,1992
Université Alioune Diop de Bambey,2007,,0.532,2007
Université Amadou Hampaté Ba,2006,,0.48,2006
Université Amadou Mahtar Mbow,NA,,0.482,NA
Université André Salifou,2010,,0.512,2010
Université Arabe des Sciences,2001,,0.526,2001
Université Aube Nouvelle,1992,,0.509,1992
Université Cardinal Malula,NA,,0.533,NA
Université Catholique de Bukavu,1989,,0.521,1989
Université Catholique de l'Afrique de l'Ouest - Unité Universitaire de Bobo Dioulasso,2000,,0.581,2000
Université Catholique du Congo,1957,,0.513,1957
Université Centrale de Tunis,2001,,0.541,2001
Université Constantine 2,2011,,0.473,2011
Université Dakar-Bourguiba,NA,,0.493,NA
Université Djibo Hamani,2010,,0.48,2010
Université Djilali Bounaama Khemis Miliana,1991,,0.542,1991
Université Djilali de Sidi Bel Abbès,1989,,0.518,1989
Université Euro-Afrique,2009,,0.503,2009
Université Evangélique en Afrique,1991,,0.505,1991
Université Félix Houphouët-Boigny,1964,,0.471,1964
Université Gaston Berger,1990,,0.497,1990
Université Général Lansana Conté,2005,,0.572,2005
Université Hassan 1er,1997,,0.464,1997
Université Hassan II Mohammedia,NA,,0.478,NA
Université IBN Khaldoun Tiaret,1980,,0.502,1980
Université Ibn Khaldoun,2005,,0.492,2005
Université Ibn Zohr,1989,,0.429,1989
Université Ibn-Tofail,1989,,0.469,1989
Université Internationale de Casablanca,2010,,0.57,2010
Université Internationale de Tunis,2002,,0.547,2002
Université Jean Lorougnon Guédé,1996,,0.52,1996
Université Joseph Ki-Zerbo,1974,,0.458,1974
Université Kofi Annan de Guinée,1999,,0.519,1999
Université Larbi Tébessi,1992,,0.508,1992
Université Libre de Kinshasa,1988,,0.504,1988
Université Libre de Luozi,1997,,0.498,1997
Université Libre du Burkina,2002,,0.49,2002
Université Libre du Congo,1995,,0.535,1995
Université Mohammed VI Polytechnique,NA,,0.519,NA
Université Mohammed VI des Sciences et de la Santé,2014,,0.539,2014
Université Montplaisir Tunis,1993,,0.523,1993
Université Moulay Ismail de Meknes,1989,,0.513,1989
Université Mustapha Stambouli de Mascara,1986,,0.587,1986
Université Méditerranéenne Libre de Tunis,NA,,0.549,NA
Université Nangui Abrogoua,1996,,0.519,1996
Université Nationale d'Agriculture,2016,,0.547,2016
Université Nouveaux Horizons,2016,,0.461,2016
Université Officielle de Bukavu,1993,,0.508,1993
Université Officielle de Ruwenzori,2000,,0.526,2000
Université Oran 1 Ahmed Ben Bella,1961,,0.508,1961
Université Ouaga II,2007,,0.476,2007
Université Pelefero Gon Coulibaly,2012,,0.538,2012
Université Polytechnique Intégrée,2017,,0.513,2017
Université Polytechnique de Gitega,2014,,0.526,2014
Université Privée d'Enseignement Supérieur El Amel,NA,,0.601,NA
Université Privée de Fès,2006,,0.496,2006
Université Privée de Ouagadougou,2010,,0.481,2010
Université Privée du Sud,1993,,0.479,1993
Université Professionnelle d'Afrique,NA,,0.555,NA
Université Protestante au Congo,1959,,0.532,1959
Université Protestante d'Afrique Centrale,1989,,0.534,1989
Université Protestante d'Afrique de l'Ouest,2003,,0.525,2003
Université Protestante de Lubumbashi,2002,,0.519,2002
Université Président Joseph Kasa-Vubu,1999,,0.539,1999
Université Pédagogique Nationale,1961,,0.506,1961
Université Shalom de Bunia,1961,,0.51,1961
Université Simon Kimbangu,1994,,0.489,1994
Université Sultan Moulay Slimane,2007,,0.528,2007
Université Tertiaire et Technologique-Lokko,2007,,0.532,2007
Université Tunis Carthage,1993,,0.501,1993
Université Virtuelle de Côte d'Ivoire,2015,,0.537,2015
Université William Booth,NA,,0.466,NA
Université d'Abomey-Calavi,1970,,0.491,1970
Université d'Agriculture de Kétou,NA,,0.515,NA
Université d'Oran 2,1961,,0.456,1961
Université de Bertoua,2022,,0.499,2022
Université de Bondoukou,NA,,0.489,NA
Université de Cepromad,1982,,0.471,1982
Université de Denis Sassou N'guesso,NA,,0.543,NA
Université de Diffa,2014,,0.454,2014
Université de Dschang,1993,,0.48,1993
Université de Dédougou,2012,,0.437,2012
Université de Fianarantsoa,1992,,0.525,1992
Université de Garoua,2022,,0.531,2022
Université de Kisangani,1963,,0.504,1963
Université de Mahajanga,1977,,0.495,1977
Université de Maradi,2008,,0.482,2008
Université de Mostaganem,1978,,0.535,1978
Université de Moundou,2002,,0.509,2002
Université de Notre-Dame du Kasai,NA,,0.487,NA
Université de Nouakchott,1981,,0.52,1981
Université de Parakou,2001,,0.492,2001
Université de Saida Dr.Moulay Tahar,1986,,0.498,1986
Université de Sarh,2010,,0.479,2010
Université de Thiès,2007,,0.432,2007
Université de Yaoundé I,1993,,0.503,1993
Université de ain Témouchent,NA,,0.526,NA
Université de l'Assomption au Congo,1982,,0.54,1982
Université de l'Uélé,1998,,0.449,1998
Université de la Formation Continue (UFC),1990,,0.552,1990
Université des Grands Lacs,1991,,0.531,1991
Université des Lettres et des Sciences Humaines de Bamako,2011,,0.567,2011
Université des Montagnes,2000,,0.532,2000
Université des Sciences Juridiques et Politiques de Bamako,2011,,0.566,2011
Université des Sciences de la Santé,2002,,0.546,2002
Université des Sciences et Techniques de Masuku,1986,,0.536,1986
Université des Sciences et de Technologie d'Ati,2008,,0.549,2008
Université des Sciences et de la Technologie d'Oran Mohamed Boudiaf,1971,,0.604,1971
"Université des Sciences, de Technologie et de Médecine",NA,,0.588,NA
"Université des Sciences, des Techniques et des Technologies de Bamako",2011,,0.623,2011
Université du Burundi,1964,,0.452,1964
Université du Faso,2015,,0.456,2015
Université du Lac Tanganyika,1999,,0.559,1999
Université du Sahel,1998,,0.488,1998
Université du Sine Saloum El-Hâdj Ibrahima NIASS,2013,,0.533,2013
Université d’Antsiranana,1976,,0.5,1976
Université d’Ébolowa,2022,,0.465,2022
Université libre des Pays des Grands Lacs,1991,,0.548,1991
Upper Nile University,1991,,0.531,1991
Usmanu Danfodiyo University,1975,,0.522,1975
Uzima University College,NA,,0.507,NA
Vaal University of Technology,1966,,0.499,1966
Valley View University,1979,,0.491,1979
Venite University,2023,,0.505,2023
Veritas University,2002,,0.512,2002
Victoria University,2002,,0.529,2002
Virtual University of Tunis,2002,,0.483,2002
Virtual University of Uganda,2010,,0.501,2010
Wad Medani Ahlia University,1992,,0.529,1992
Wadi Alshatti University,2022,,0.518,2022
Walter Sisulu University,2005,,0.517,2005
"Water Institute, Tanzania",1974,,0.521,1974
Webster University Ghana,2013,,0.524,2013
Wellspring University,2009,,0.528,2009
Wesley University,2007,,0.521,2007
West Africa Vocational Education,2013,,0.551,2013
West African College of Physicians,1976,,0.536,1976
West Kordofan University,1994,,0.493,1994
West Midlands Open University,2023,,0.559,2023
Western Delta University,2007,,0.54,2007
Wigwe University,2023,,0.493,2023
William V. S. Tubman University,1978,,0.492,1978
Wisconsin International University College,2000,,0.571,2000
Wolaita Sodo University,2007,,0.509,2007
Woldia University,2011,,0.485,2011
Wolkite University,2011,,0.503,2011
Wollega University,2007,,0.511,2007
Wollo University,2007,,0.477,2007
Women's University in Africa,2002,,0.502,2002
Yaba College of Technology,1947,,0.513,1947
Yanet Health College,2000,,0.552,2000
Yobe State University,2006,,0.532,2006
Youcef El Khatib University of Health Sciences,2024,,0.584,2024
Zagazig University,1974,,0.454,1974
Zambia Catholic University,2008,,0.492,2008
Zambia Centre for Accountancy Studies,1988,,0.576,1988
Zambia Forestry College,1949,,0.52,1949
Zambian Open University,2002,,0.529,2002
Zanzibar School of Health,2011,,0.449,2011
Zanzibar University,2002,,0.456,2002
Zenith University College,2001,,0.56,2001
Zetech University,1999,,0.48,1999
Zewail City of Science and Technology,2000,,0.536,2000
Ziane Achour University of Djelfa,1999,,0.505,1999
Ziguinchor University,2007,,0.485,2007
Zimbabwe Ezekiel Guti University,2012,,0.468,2012
Zimbabwe Ezekiel Guti University Press,2012,,0.519,2012
Zimbabwe National Defence University,2021,,0.546,2021
Zimbabwe Open University,1999,,0.5,1999
Zimbabwe University Libraries Consortium,2001,,0.53,2001
Zintan University,1991,,0.545,1991
École Africaine de la Météorologie et de l'Aviation Civile,1963,,0.585,1963
École Africaine des Métiers de l'Architecture et de l'Urbanisme,1975,,0.611,1975
École Inter-États des Sciences et Médecine Vétérinaires de Dakar,1968,,0.598,1968
École Marocaine de Banque et de Commerce International,1998,,0.592,1998
École Marocaine des Sciences de l'Ingénieur,1986,,0.563,1986
École Nationale Polytechnique d'Oran,1970,,0.526,1970
École Nationale Supérieure Agronomique,1905,,0.507,1905
École Nationale Supérieure Maritime,1571,,0.546,1571
École Nationale Supérieure Polytechnique de Yaoundé,1971,,0.547,1971
École Nationale Supérieure d'Agriculture,2006,,0.546,2006
École Nationale Supérieure d'Hydraulique,1972,,0.547,1972
École Nationale Supérieure d'Informatique,1969,,0.527,1969
École Nationale Supérieure de Journalisme et des Sciences de l’Information,1964,,0.561,1964
École Nationale Supérieure de Statistique et d'Économie Appliquée,1961,,0.612,1961
École Nationale Supérieure de Technologie,1974,,0.53,1974
École Nationale Supérieure de l'Administration,1948,,0.559,1948
École Nationale d'Administration,1963,,0.546,1963
École Nationale d'Administration de Madagascar,1963,,0.562,1963
École Nationale d'Administration et de Magistrature,1963,,0.564,1963
École Nationale d'Agriculture de Meknès,1942,,0.506,1942
École Nationale d'Ingénieurs de Gabès,1975,,0.528,1975
École Nationale de Commerce et de Gestion de Tanger,1995,,0.576,1995
École Nationale de Management et de l'Administration de la Santé,1989,,0.619,1989
École Normale Supérieure,1964,,0.516,1964
École Normale Supérieure - Marrakech,1979,,0.519,1979
École Normale Supérieure Casablanca,NA,,0.575,NA
École Normale Supérieure d'Abidjan,1964,,0.505,1964
École Normale Supérieure de Bou Saada,2015,,0.549,2015
École Normale Supérieure de Bouzareah Alger,1984,,0.548,1984
École Normale Supérieure de Constantine,2007,,0.554,2007
École Normale Supérieure de Fès,1987,,0.509,1987
École Normale Supérieure de Kouba,1964,,0.55,1964
École Normale Supérieure de Mostaganem,2014,,0.544,2014
École Normale Supérieure de Nouakchott,1970,,0.525,1970
École Normale Supérieure de Saida,2023,,0.505,2023
École Normale Supérieure de Sétif,2015,,0.523,2015
École Normale Supérieure de Tétouan,1987,,0.523,1987
École Normale Supérieure de l'Enseignement Technique de Mohammedia,NA,,0.571,NA
École Normale d'Administration,1958,,0.514,1958
École Polytechnique d'Architecture et d'Urbanisme,1970,,0.551,1970
École Polytechnique de Thiès,1973,,0.472,1973
École Polyvalente Supérieure d'Informatique et d'Électronique,1989,,0.604,1989
École Royale Navale,1967,,0.548,1967
École Royale de l'Air de Marrakech,1970,,0.522,1970
École Régionale Supérieure de la Magistrature (ERSUMA) de l’OHADA,1998,,0.574,1998
École Supérieure Algérienne des Affaires,2004,,0.526,2004
École Supérieure Internationale de Gestion,1985,,0.565,1985
École Supérieure Multinationale des Télécommunications,1981,,0.591,1981
École Supérieure Polytechnique d'Antsiranana,1976,,0.512,1976
École Supérieure Privée d'Ingénierie et de Technologies,2003,,0.575,2003
École Supérieure Vinci,2003,,0.488,2003
École Supérieure d'Architecture d'Intérieur,1984,,0.514,1984
École Supérieure d'Informatique Appliquée,NA,,0.529,NA
École Supérieure d'Informatique Appliquée à la Gestion,1987,,0.573,1987
École Supérieure d'Informatique et de Management des Affaires,NA,,0.575,NA
École Supérieure de Banque,1995,,0.494,1995
École Supérieure de Commerce,1900,,0.479,1900
École Supérieure de Communication et de Publicité,NA,,0.57,NA
École Supérieure de Design et des Arts Visuels,2006,,0.556,2006
École Supérieure de Gestion,1985,,0.49,1985
École Supérieure de Gestion et des Sciences de l'Informatique,1994,,0.635,1994
École Supérieure de Génie Civil Véréchaguine AK,1998,,0.555,1998
École Supérieure de Management,1992,,0.489,1992
École Supérieure de Management Appliqué,2010,,0.538,2010
École Supérieure de Psychologie,2003,,0.494,2003
École Supérieure de la Magistrature,1989,,0.541,1989
École Supérieure de la Sécurité Sociale,2012,,0.547,2012
École Supérieure des Industries du Textile et de l'Habillement,1996,,0.591,1996
École Supérieure des Ingénieurs de l'Équipement Rural,1964,,0.563,1964
"École Supérieure des Multimédia, Informatique & Réseaux",2004,,0.593,2004
École Supérieure des Sciences de l'Ingénierie Commerciale,1990,,0.584,1990
École Supérieure des Télécommunications,1994,,0.527,1994
École Supérieure des Études Administratives et Commerciales,2003,,0.589,2003
École Supérieure en Informatique de Sidi Bel Abbes,2014,,0.516,2014
École Supérieure en Sciences Appliquées de Tlemcen,NA,,0.565,NA
École d'Architecture de Casablanca,2004,,0.553,2004
"École d'Informatique, d'Électronique et d'Expertise Comptable",1972,,0.582,1972
École de Formation aux Carrières de Santé,2003,,0.578,2003
École de Gouvernance et d'Économie de Rabat,2008,,0.542,2008
École des Cadres,1950,,0.477,1950
École des Hautes Études Commerciales,1988,,0.524,1988
École des Hautes Études Commerciales Techniques et Informatiques,2000,,0.602,2000
École des Hautes Études de Biotechnologie et de Santé,1996,,0.589,1996
École des Hautes Études en Ingénierie des Systèmes d'Information,NA,,0.629,NA
École des Hautes Études Économiques et Commerciales,1997,,0.577,1997
École des Sciences de I'information,1975,,0.533,1975
École supérieure polytechnique d'Antananarivo,1973,,0.562,1973
Établissement Dar El Hadith El Hassania,1964,,0.539,1964
