name,wikidata_qid,founded_year,status,age_group
Tanzania Institute of Accountancy,Q66424102,2002,done,1990_2009
Université Catholique du Graben,Q3551526,1989,done,1960_1989
ABM University College,Q30266440,1989,done,1960_1989
AIMS Research and Innovation Centre,Q137796048,2023,done,post_2010
Abbès Laghrour University of Khenchela,Q30294238,2011,done,post_2010
Abdelmalek Essaâdi University,Q3551367,1982,done,1960_1989
Abdulrahman Al-Sumait University,Q16902334,1998,done,1990_2009
Abia State University,Q3509319,1981,done,1960_1989
Abiola Ajimobi Technical University Ibadan,NA,NA,done,NA
Abrar Research and Training Centre (ARACHTI),Q139771299,2014,done,post_2010
Abrar University,Q100955851,2014,done,post_2010
Abubakar Tafawa Balewa University,Q4670504,1982,done,1960_1989
Academic City College University,NA,NA,done,NA
Academic University,Q4059193,1724,done,pre_1960
Academy of Arts,Q383092,NA,done,NA
Academy of Engineering Sciences,Q19460085,2002,done,1990_2009
Académie des Beaux-Arts,Q337531,1816,done,pre_1960
Accra Institute of Technology,Q16240676,2009,done,1990_2009
Accra Technical University,Q4672825,1949,done,pre_1960
Achievers University,Q4673678,2007,done,1990_2009
Adama Hospital Medical College,Q136352001,2012,done,post_2010
Adama Science and Technology University,Q4680095,2005,done,1990_2009
Adamawa State University,Q4680123,2002,done,1990_2009
Addis Ababa Science and Technology University,Q30266442,2011,done,post_2010
Addis Ababa University,Q1238770,1950,done,pre_1960
Adekunle Ajasin University,Q4681526,1999,done,1990_2009
Adeleke University,Q25043984,2011,done,post_2010
Adigrat University,Q28223078,2011,done,post_2010
Admas University,Q721103,2006,done,1990_2009
Admiralty University of Nigeria,Q107724079,2017,done,post_2010
Adventist University Cosendai,NA,NA,done,NA
Adventist University of Africa,Q3551516,2005,done,1990_2009
Adventist University of Central Africa,Q24937816,1978,done,1960_1989
Adwa-Pan African University,Q60785773,2017,done,post_2010
Afe Babalola University,Q4688832,2009,done,1990_2009
Africa Health Sciences University,Q135398339,2024,done,post_2010
Africa International University,Q16250182,1983,done,1960_1989
Africa Nazarene University,Q4689577,1994,done,1990_2009
Africa University,Q383939,1992,done,1990_2009
African Bible University,Q4689708,2005,done,1990_2009
African Institute for Mathematical Sciences,Q2826172,2003,done,1990_2009
African Institute of Science and Technology,NA,NA,done,NA
African Leadership Institute,NA,NA,done,NA
African Leadership University,Q25104613,2015,done,post_2010
African Methodist Episcopal University,Q4689862,1995,done,1990_2009
African Regional Institute for Geospatial Information Science and Technology,Q124092211,NA,done,NA
African Rural University,Q17510024,2009,done,1990_2009
African University College of Communications,Q4689946,2002,done,1990_2009
African Virtual University,Q4689951,1997,done,1990_2009
Afro-American University of Central Africa,Q122142167,2015,done,post_2010
Afya na Haki Institute,Q130882836,2022,done,post_2010
Aga Khan University,Q4690953,1983,done,1960_1989
Aga Khan University Nairobi,NA,NA,done,NA
Agenla Academy,Q135738806,2012,done,post_2010
Agitel-Formation,Q2826874,1990,done,1990_2009
Agostinho Neto University,Q1325937,1962,done,1960_1989
Ahfad University for Women,Q400222,1966,done,1960_1989
Ahmadu Bello University,Q401034,1962,done,1960_1989
Ahmed Draia University,NA,NA,done,NA
Ahmed Zabana University - Relizane,NA,NA,done,NA
Ahram Canadian University,Q4702165,2005,done,1990_2009
Ain Shams University,Q2723670,1950,done,pre_1960
Air Force Institute of Technology Kaduna,NA,NA,done,NA
Ajayi Crowther University,Q4699675,2005,done,1990_2009
Akademia,Q189441,1364,done,pre_1960
Akademie Reformatoriese Opleiding en Studies,Q42116192,2003,done,1990_2009
Akhbar El Yom Academy,Q30294235,NA,done,NA
Akobo Heritage and Memorial University,Q4701497,NA,done,NA
"Akrofi-Christaller Institute of Theology, Mission and Culture",Q30294150,1987,done,1960_1989
Aksum University,Q4701848,2007,done,1990_2009
Akwa Ibom State College Of Education,Q124448615,1991,done,1990_2009
Akwa Ibom State University,Q4702002,2010,done,post_2010
Al Akhawayn University,Q2829294,1995,done,1990_2009
Al Fashir University,Q4703811,1990,done,1990_2009
Al Hayah University in Cairo,Q79403381,2019,done,post_2010
Al Hayat Medical University,Q139771675,2016,done,post_2010
Al Salam University,NA,NA,done,NA
Al Zawiya University,Q3066997,1983,done,1960_1989
Al-Ahram Center for Political and Strategic Studies,Q4702168,1968,done,1960_1989
Al-Arab Medical University,Q3648084,1984,done,1960_1989
Al-Azhar University,Q173959,970,done,pre_1960
Al-Hikmah University,Q4702511,2005,done,1990_2009
Al-Neelain University,Q4121165,1955,done,pre_1960
Al-Qalam University Katsina,NA,NA,done,NA
AlAlamein International University,Q4705896,2020,done,post_2010
AlJafara University,Q138859843,2015,done,post_2010
AlMughtaribeen University,Q15648560,2010,done,post_2010
Alan J Flisher Centre for Public Mental Health,Q139771681,2010,done,post_2010
Alasmarya Islamic University,Q4703503,1506,done,pre_1960
Alexandria Higher Institute of Engineering and Technology,Q4720977,1996,done,1990_2009
Alexandria National University,Q111307163,2021,done,post_2010
Alexandria University,Q1424632,1938,done,pre_1960
All Nations University,Q258200,2002,done,1990_2009
All Saints University Lango,Q4729602,2008,done,1990_2009
Alupe University,Q111181045,2015,done,post_2010
"Alvan Ikoku Federal University of Education, Owerri",NA,NA,done,NA
Alzaiem Alazhari University,Q4738816,1993,done,1990_2009
Ambo University,Q29569926,1939,done,pre_1960
Ambrose Alli University,Q4741757,1981,done,1960_1989
American International School in Egypt,NA,NA,done,NA
American International University West Africa,Q16251004,2011,done,post_2010
American University in Cairo,Q469476,1919,done,pre_1960
American University of Nigeria,Q3510835,2003,done,1990_2009
Amoud University,Q3493066,1998,done,1990_2009
Amref International University,Q48816436,2017,done,post_2010
Anglican University College of Technology,Q105078708,2008,done,1990_2009
Ankole Western University,Q4766090,2005,done,1990_2009
"Arab Academy for Management, Banking and Financial Sciences",Q12183553,1988,done,1960_1989
"Arab Academy for Science, Technology, and Maritime Transport",NA,NA,done,NA
Arab Open University,Q3679860,2000,done,1990_2009
Arab Studies and Research Institute,Q30294384,NA,done,NA
Arba Minch University,Q4784581,1986,done,1960_1989
Arbaminch College of Education,Q139407942,1988,done,1960_1989
Ardhi University,Q4788041,2007,done,1990_2009
Arish University,Q28714635,2016,done,post_2010
Armed Forces College of Medicine,Q107518891,2013,done,post_2010
Arrupe Jesuit University,Q22032220,1994,done,1990_2009
Arthur Jarvis University,Q60760650,2016,done,post_2010
Ashesi University,Q725198,2002,done,1990_2009
Asossa University,Q30266446,2011,done,post_2010
Assiut University,Q246534,1957,done,pre_1960
Assiut University Hospitals,Q30253933,1987,done,1960_1989
Aswan University,Q4811978,2012,done,post_2010
Atiba University,Q107717874,2017,done,post_2010
Atlantic African Oriental Multicultural University International,NA,NA,done,NA
Auchi Polytechnic,Q17929150,1964,done,1960_1989
"Augustine University, Ilara",NA,NA,done,NA
Azzaytuna University,Q22686987,2001,done,1990_2009
Ba Isago University,Q99678207,2002,done,1990_2009
Babcock University,Q653638,1959,done,pre_1960
Badji Mokhtar-Annaba University,Q4118237,1975,done,1960_1989
Badr University in Cairo,Q20411399,2014,done,post_2010
Bahir Dar University,Q4842597,2001,done,1990_2009
Bamenda University of Science and Technology,Q30266462,1995,done,1990_2009
"Bamidele Olumilua University of Education, Science and Technology",Q133811746,2020,done,post_2010
Bani-Waleed University,Q102347728,2015,done,post_2010
"Baptist College of Theology, Obinze",Q134251232,1977,done,1960_1989
Baptist Theological College of Southern Africa,Q4857686,1951,done,pre_1960
Bayan University,Q4874272,1997,done,1990_2009
Bayelsa Medical University,Q104853646,2018,done,post_2010
Bayero University Kano,Q3511498,1962,done,1960_1989
Baze University,Q4875157,2011,done,post_2010
Bel Campus Technological University,Q30294192,NA,done,NA
Bells University of Technology,Q4884154,2004,done,1990_2009
Benadir University,Q721109,2002,done,1990_2009
Benghazi Military University Academy,Q4887749,1957,done,pre_1960
Benha National University,Q105576298,NA,done,NA
Benha University,Q1042722,1976,done,1960_1989
Beni American University,Q30266595,2014,done,post_2010
Beni-Suef University,Q4887885,2005,done,1990_2009
Benson Idahosa University,Q181419,2002,done,1990_2009
Benue State University,Q4890689,1992,done,1990_2009
Biaka University Institute of Buea,Q135738794,1998,done,1990_2009
Bindura University of Science Education,Q4914065,1996,done,1990_2009
Bingham University,Q5322769,2005,done,1990_2009
Binyaminu Usman Polytechnic,Q108597299,1992,done,1990_2009
Bishop Stuart University,Q4917719,2003,done,1990_2009
Blue Nile University,Q4929571,1995,done,1990_2009
BlueCrest University College,Q100955843,2000,done,1990_2009
Boitekanelo College,Q135739156,2007,done,1990_2009
Bomet University College,Q112751982,2017,done,post_2010
Borana University,Q138860412,2017,done,post_2010
Botho University,Q4948645,1997,done,1990_2009
Botswana Accountancy College,Q4948875,1996,done,1990_2009
Botswana International University of Science and Technology,Q2856101,2005,done,1990_2009
Botswana Open University,Q61931288,1993,done,1990_2009
Botswana University of Agriculture and Natural Resources,Q3388063,1991,done,1990_2009
Bowen University,Q16255327,2001,done,1990_2009
Bridge University,NA,NA,done,NA
Brighton International University,Q767720,NA,done,NA
British University in Egypt,Q3087723,2005,done,1990_2009
Bugema University,Q4986155,1948,done,pre_1960
Bujumbura Christian University,Q100523633,NA,done,NA
Bukalasa Agricultural College,NA,NA,done,NA
Bule Hora University,Q30266538,2008,done,1990_2009
Burao University,Q3551573,2004,done,1990_2009
Busitema University,Q5001978,2007,done,1990_2009
Busoga University,Q9091624,1999,done,1990_2009
Cadi Ayyad University,Q737095,1978,done,1960_1989
Cairo Higher Institute,Q12193488,1957,done,pre_1960
Cairo University,Q194445,1908,done,pre_1960
Caleb University,Q5019318,1995,done,1990_2009
Cameroon Field Epidemiology Training Programme,Q138460726,2010,done,post_2010
Canadian International College,Q5030197,2004,done,1990_2009
Cape Coast Technical University,Q1034369,1986,done,1960_1989
Cape Peninsula University of Technology,Q1034468,2005,done,1990_2009
Cape Town Baptist Seminary,Q139032353,1974,done,1960_1989
Cape Town Creative Academy,Q133811010,2012,done,post_2010
"Captain Elechi Amadi Polytechnic, Rumuola",Q7338302,1987,done,1960_1989
Caritas University,Q1771027,2005,done,1990_2009
Carnegie Mellon University Africa,NA,NA,done,NA
Catholic University College of Ghana,Q1051100,2003,done,1990_2009
Catholic University Institute of Buea,Q30266849,1944,done,pre_1960
Catholic University of Angola,Q1707542,1999,done,1990_2009
Catholic University of Cameroon,Q1707329,2010,done,post_2010
Catholic University of Central Africa,Q1707564,1989,done,1960_1989
Catholic University of Eastern Africa,Q1736407,1984,done,1960_1989
Catholic University of Health and Allied Sciences,Q15208026,1994,done,1990_2009
Catholic University of Kabgayi,Q30294341,NA,done,NA
Catholic University of Madagascar,Q30294285,1960,done,1960_1989
Catholic University of Mozambique,Q650358,1996,done,1990_2009
Catholic University of South Sudan,Q5053269,2008,done,1990_2009
Catholic University of West Africa,Q1583850,2000,done,1990_2009
Catholic University of Zimbabwe,Q8071970,1999,done,1990_2009
Cavendish University Uganda,Q5055032,2008,done,1990_2009
Cavendish University Zambia,Q5055033,2004,done,1990_2009
Center for Research in Islamic Sciences and Civilization,Q138655067,2016,done,post_2010
Center of Research in Mechanics,Q133811280,NA,done,NA
Central University,Q584919,1943,done,pre_1960
Central University of Technology,Q1054047,1981,done,1960_1989
Centre Africain d'Études Supérieures en Gestion,Q30294349,NA,done,NA
Centre Universitaire Morsli Abdellah de Tipaza,Q110529944,2011,done,post_2010
Centre Universitaire Nour Bachir El Bayadh,Q100258387,NA,done,NA
Centre Universitaire de Labé,Q30294213,NA,done,NA
Centre Universitaire de Mila,NA,NA,done,NA
Centre d'Intelligence Artificielle et de Robotique du Mali,Q136352035,2023,done,post_2010
Centre de Recherche en Aménagement du Territoire,Q133810732,2019,done,post_2010
Centre d’excellence africain pour la prévention et le contrôle des maladies transmissibles,Q135398381,2018,done,post_2010
"Centre for Mathematics, Science and Technology Education in Africa",Q139771243,2004,done,1990_2009
Centro Nacional de Artesanato,Q5062855,NA,done,NA
Chadli Bendjedid El Tarf University,NA,NA,done,NA
Chalimbana University,Q96374720,1939,done,pre_1960
Chartered Institute of Marketing Ghana,Q16733405,1981,done,1960_1989
Cheikh Anta Diop University,Q671363,1918,done,pre_1960
Chinhoyi University of Technology,Q5101057,2001,done,1990_2009
Chouaib Doukkali University,Q12204499,1985,done,1960_1989
Chrisland University,Q22079853,2015,done,post_2010
Christian Bilingual University of Congo,Q5109336,2006,done,1990_2009
Christian Service University College,Q1081899,1966,done,1960_1989
Chuka University,Q16258266,2004,done,1990_2009
Chukwuemeka Odumegwu Ojukwu University,Q4751185,2000,done,1990_2009
"Chukwuemeka Odumegwu Ojukwu University, Igbariam Campus",Q135398237,NA,done,NA
Claretian University of Nigeria,Q107724160,2021,done,post_2010
Clarke International University,Q116482965,2008,done,1990_2009
College of African Wildlife Management,Q5146612,1963,done,1960_1989
College of Agriculture Science and Technology,Q137204444,1977,done,1960_1989
College of Business Education,Q30294229,1965,done,1960_1989
"College of Education, Akwanga",Q107462934,1976,done,1960_1989
College of Electrical and Electronics Technology,Q138860535,1973,done,1960_1989
College of Science and Technology - University of Rwanda,NA,NA,done,NA
"College of Technical Science, Bani Walid",Q136448389,1996,done,1990_2009
College of Technical Sciences Derna,Q133811849,1992,done,1990_2009
Colleges of Medicine of South Africa,Q5146930,NA,done,NA
Comprehensive Autism and related Disabilities Education and Training,Q30286923,NA,done,NA
"Confluence University of Science and Technology, Osara",NA,NA,done,NA
Copperbelt University,Q339314,1987,done,1960_1989
Copperstone University,Q5168854,2004,done,1990_2009
Corona College of Education,Q107478104,2014,done,post_2010
Covenant University,Q742241,2002,done,1990_2009
Cranefield College,Q30294176,NA,done,NA
Crawford University,Q5182920,2005,done,1990_2009
Crescent University,Q5184436,2005,done,1990_2009
Cuttington University,Q5197010,1889,done,pre_1960
D.S. Adegbenro ICT Polytechnic,Q108597444,2006,done,1990_2009
DMI St. Eugene University,Q25043205,1984,done,1960_1989
DMI-St. John the Baptist University,Q100955848,2011,done,post_2010
Da Vinci Institute,Q30294182,NA,done,NA
Dalanj University,Q5210213,1995,done,1990_2009
Dale Kietzman University,Q135739051,2007,done,1990_2009
Damanhour University,Q3699436,2010,done,post_2010
Damelin,Q5212152,1943,done,pre_1960
Damietta University,Q5212540,2012,done,post_2010
Dar es Salaam Institute of Technology,Q5221955,1997,done,1990_2009
David Umahi Federal University of Health Sciences Uburu,Q130451603,2021,done,post_2010
Daystar University,Q5243437,1989,done,1960_1989
Debark University,Q77583759,NA,done,NA
Debre Berhan University,Q18350858,2007,done,1990_2009
Debre Markos University,Q5248546,1999,done,1990_2009
Debre Tabor University,Q77583268,2008,done,1990_2009
Dedan Kimathi University of Technology,Q5249724,1972,done,1960_1989
"Delta State College of Education, Mosogar",Q135738978,2002,done,1990_2009
Delta State Polytechnic Ogwashi-Uku,Q28458409,NA,done,NA
Delta State Polytechnic Otefe-Oghara,NA,NA,done,NA
Delta State University,Q3887993,1924,done,pre_1960
Delta State University of Science and Technology Ozoro,NA,NA,done,NA
Delta University for Science and Technology,Q12204426,2007,done,1990_2009
Dessie Health Science College,Q138860640,1964,done,1960_1989
Dhow Countries Music Academy,Q56294077,2002,done,1990_2009
Dilla University,Q20629650,1996,done,1990_2009
Dire Dawa University,Q5280195,2006,done,1990_2009
"Dominican University, Ibadan",NA,NA,done,NA
Dominion University College,Q100942462,2009,done,1990_2009
"Dominion University, Ibadan",NA,NA,done,NA
Dr. Hilla Limann Technical University,Q125019643,1999,done,1990_2009
Durban University of Technology,Q926710,2002,done,1990_2009
ENSIT,Q3798136,NA,done,NA
ESCA Ecole de Management,Q18213503,1992,done,1990_2009
ESEP-LE BERGER University,Q99747384,1999,done,1990_2009
East Africa Star University,Q100523641,2012,done,post_2010
East Africa University,Q5327643,1999,done,1990_2009
East African University,Q99287205,NA,done,NA
Eastern Africa Statistical Training Centre,Q134515438,1965,done,1960_1989
Eastern Technical University of Sierra Leone,NA,NA,done,NA
Eastern and Southern African Management Institute,Q5330584,1979,done,1960_1989
Ebonyi State University,Q5331946,1999,done,1990_2009
Eckernforde Tanga University,Q16966704,2010,done,post_2010
Ecole Centrale Casablanca,Q17626162,2013,done,post_2010
Ecole Mohammadia d'Ingénieurs,Q3577687,1959,done,pre_1960
Ecole Nationale Polytechnique de Constantine,Q17651592,2011,done,post_2010
"Ecole Nationale Supérieur des Télécommunications et des Technologies de l’Information et de la Communication, Abdelhafid Boussouf",NA,NA,done,NA
Ecole Nationale Supérieure de Biotechnologie Taoufik Khaznadar,Q104876326,2011,done,post_2010
Ecole Nationale Supérieure de Sciences Politiques,Q135739348,2009,done,1990_2009
Ecole Nationale Supérieure des Sciences de la Mer et de l'Aménagement du Littoral,Q30294184,2008,done,1990_2009
Ecole Nationale Supérieure des Technologies Avancées,Q135398220,2022,done,post_2010
Ecole Nationale d'Administration,Q273579,1945,done,pre_1960
Ecole Nationale d’Ingénieurs – Abderhamane Baba Touré,NA,NA,done,NA
Ecole Normale Supérieure d'Oran,Q138860142,2014,done,post_2010
Ecole Normale Supérieure of Laghouat,Q133811924,2011,done,post_2010
Ecole Supérieure d'Agronomie Mostaganem,Q124525859,2018,done,post_2010
Ecole Supérieure d’Economie Appliquée,NA,NA,done,NA
Ecole Supérieure en Sciences Biologiques d’Oran,Q133811043,2017,done,post_2010
Ecole de santé publique de Kinshasa,NA,NA,done,NA
Ecole supérieure en science et technologies de l'informatique et du numérique,Q100260499,2020,done,post_2010
Eden University,Q65080544,2010,done,post_2010
Edexcel University,Q100955836,2015,done,post_2010
Edna Adan University,Q85758593,NA,done,NA
Edo State University Uzairue,Q24254508,2016,done,post_2010
Eduardo Mondlane University,Q890884,1962,done,1960_1989
Education for All Campaign Network,Q137943856,2002,done,1990_2009
Eduvos,Q133812061,1979,done,1960_1989
Edwin Clark University,Q56274195,2015,done,post_2010
Egerton University,Q3915401,1939,done,pre_1960
Egypt-Japan University of Science and Technology,Q4115744,2010,done,post_2010
Egyptian Aviation Academy,Q6875918,NA,done,NA
Egyptian Chinese University,Q29513905,2013,done,post_2010
Egyptian College of Critical Care Physicians,Q30265707,NA,done,NA
Egyptian Institute of Alexandria Academy for Administration & Accounting,Q30294278,NA,done,NA
Egyptian Russian University,Q2597842,2006,done,1990_2009
Egyptian Universities Network,Q30253677,NA,done,NA
Egyptian e-Learning University,Q12185355,2008,done,1990_2009
Ekiti State University,Q7895014,1982,done,1960_1989
El Asher University,Q22929364,2009,done,1990_2009
El Shorouk Academy,Q12180089,1995,done,1990_2009
ElSewedy University of Technology,Q122186974,2023,done,post_2010
Elizade University,Q16733493,2013,done,post_2010
Elsahel Teaching Hospital Cairo Egypt,NA,NA,done,NA
Elsheikh Abdallah Elbadri University,Q16121178,2002,done,1990_2009
Emir Abdelkader University of Islamic Sciences,Q5372520,1984,done,1960_1989
"Emmanuel Alayande University of Education, Oyo",NA,NA,done,NA
Enieg Oxford University Institute,Q135739043,2022,done,post_2010
Enugu State University of Science and Technology,Q5380877,1979,done,1960_1989
Equator University of Science and Technology,Q131763159,NA,done,NA
Ernest Cook University,Q65512610,2002,done,1990_2009
Escola Superior Pedagógica do Cuanza Norte,Q65175001,2009,done,1990_2009
Escola Superior de Jornalismo,Q30294202,NA,done,NA
Espam Formation University,Q30266447,2007,done,1990_2009
Ethiopian Civil Service University,Q5403540,1995,done,1990_2009
Ethiopian Defence University,NA,NA,done,NA
Ethiopian Institute of Agricultural Research,Q5403550,1940,done,pre_1960
Ethiopian Institute of Water Resources,Q121599439,2011,done,post_2010
Ethiopian Police University College,NA,NA,done,NA
Euclid University,Q5406105,2005,done,1990_2009
Euro-Mediterranean University of Fes,NA,NA,done,NA
Evangelical Presbyterian University College,Q5415743,2008,done,1990_2009
Evelyn Hone College,Q1259137,1965,done,1960_1989
Evolutionary Engineering & Distributed Information Systems Laboratory,Q135095075,NA,done,NA
Examinations Council of Zambia,Q48815184,1987,done,1960_1989
Experiential Higher Institute of Science and Technology (EXHIST),NA,NA,done,NA
Ez-Zitouna University,Q428136,737,done,pre_1960
FCT College of Education,Q61931453,1996,done,1990_2009
FOMIC Polytechnic University Institute,Q135738658,2011,done,post_2010
Faculty of Economics and Management of Sfax,NA,NA,done,NA
Faculty of Sciences of Sfax,Q91611455,NA,done,NA
Fairland University,Q5430506,2001,done,1990_2009
Fayoum University,Q4119550,2005,done,1990_2009
Federal College of Agrioculture Ishiagu,NA,NA,done,NA
Federal College of Animal Health and Production Technology Ibadan,NA,NA,done,NA
Federal College of Education (Technical) Asaba,NA,NA,done,NA
Federal College of Education (Technical) Bichi,NA,NA,done,NA
Federal College of Education (Technical) Ekiadolor,NA,NA,done,NA
Federal College of Education Gidan Madi,Q138460674,2021,done,post_2010
"Federal College of Education, Eha-Amufu",Q107477950,1981,done,1960_1989
"Federal College of Education, Iwo",Q111936422,2020,done,post_2010
"Federal College of Education, Kano",Q105095640,1965,done,1960_1989
Federal College of Fisheries and Marine Technology,Q5440063,1969,done,1960_1989
Federal College of Medical Laboratory Science and Technology,Q135095498,NA,done,NA
Federal Institute of Industrial Research Oshodi,Q30261806,1953,done,pre_1960
Federal Polytechnic Ayede,Q117447602,2021,done,post_2010
Federal Polytechnic Damaturu,Q100709256,1992,done,1990_2009
Federal Polytechnic Ede,Q109248945,1992,done,1990_2009
Federal Polytechnic Kabo,Q138654995,2023,done,post_2010
Federal Polytechnic Nekede,Q109235461,1977,done,1960_1989
Federal Polytechnic Ohodo,Q133810671,2021,done,post_2010
Federal Polytechnic Oko,NA,NA,done,NA
Federal Polytechnic Orogun,Q133810698,2023,done,post_2010
Federal Polytechnic Wannune,Q132803481,2021,done,post_2010
"Federal Polytechnic, Ile-Oluji, Ondo State",Q107475800,2016,done,post_2010
"Federal Polytechnic, Ukana",Q107476580,2014,done,post_2010
"Federal School of Surveying, Oyo",Q113519266,1908,done,pre_1960
Federal University Birnin Kebbi,Q108871044,2014,done,post_2010
Federal University Gashua,Q17929189,2013,done,post_2010
Federal University Kashere,Q109096771,2011,done,post_2010
Federal University Lafia,Q108871055,2011,done,post_2010
Federal University Lokoja,Q18354920,2011,done,post_2010
Federal University Otuoke,Q22080808,2011,done,post_2010
Federal University Oye Ekiti,Q5440473,2011,done,post_2010
Federal University of Agriculture,Q7895022,1988,done,1960_1989
Federal University of Agriculture Zuru,NA,NA,done,NA
"Federal University of Allied Health Sciences, Enugu",Q136663946,2024,done,post_2010
"Federal University of Health Sciences, Ila-Orangun",NA,NA,done,NA
"Federal University of Health Sciences, Otukpo",Q133896459,NA,done,NA
Federal University of Petroleum Resource Effurun,Q16838161,2007,done,1990_2009
Federal University of Technology,Q5440486,1981,done,1960_1989
Federal University of Technology Ikot Abasi,Q121408943,NA,done,NA
Federal University of Technology Minna,Q17105410,1983,done,1960_1989
Federal University of Technology Owerri,Q5440485,1980,done,1960_1989
"Federal University of Technology, Babura",Q133811744,2021,done,post_2010
Fezzan University,Q102347733,2017,done,post_2010
Fins Medical University,Q65046746,NA,done,NA
Fisheries Education and Training Agency,Q132803446,2012,done,post_2010
Fountain University,Q5474772,2007,done,1990_2009
Freetown Polytechnic,Q135398273,NA,done,NA
French University of Egypt,Q3183238,2002,done,1990_2009
Future Academy,Q95974971,NA,done,NA
Future University in Egypt,Q3013175,2006,done,1990_2009
Gaborone University College Of Law and Professional Studies,Q30266466,2006,done,1990_2009
Gadarif University,NA,NA,done,NA
Gamal Abdel Nasser University of Conakry,Q2496012,1962,done,1960_1989
Gambia National Library Service Authority,NA,NA,done,NA
Garden City University College,Q284673,2001,done,1990_2009
Gateway ICT Polytechnic Saapade,Q135398351,2006,done,1990_2009
German International University,Q139771466,2019,done,post_2010
German University in Cairo,Q691097,2002,done,1990_2009
Ghana Armed Forces Command and Staff College,Q107518931,1963,done,1960_1989
Ghana Baptist University College,Q1521340,2006,done,1990_2009
Ghana Christian University College,Q1521341,1966,done,1960_1989
Ghana College of Physicians and Surgeons,Q65049397,NA,done,NA
Ghana Communication Technology University,Q1521371,2006,done,1990_2009
Ghana Institute of Languages,Q5555360,1961,done,1960_1989
Ghana Institute of Management and Public Administration,Q16733564,1961,done,1960_1989
Giza Engineering Institute,Q135095187,NA,done,NA
Global Centre for Academic Research,Q135398337,2018,done,post_2010
Global Wealth University,Q138860205,2015,done,post_2010
Glorious Vision University,Q7410732,2011,done,post_2010
Godfrey Okoye University,Q13601184,2009,done,1990_2009
Gollis University,Q5580839,2004,done,1990_2009
Gombe State College of Health Sciences and Technology Kaltungo,Q133811647,1982,done,1960_1989
Gombe State University,Q5581122,2004,done,1990_2009
Great Lakes University of Kisumu,Q5599489,2006,done,1990_2009
Great Zimbabwe University,Q5600321,1995,done,1990_2009
Green Hope University,Q138587616,2006,done,1990_2009
Greenfield University,Q65058557,2019,done,post_2010
Greenside Design Center College of Design,Q30294159,NA,done,NA
Gregory University Uturu,NA,NA,done,NA
Gretsa University,Q5607783,2006,done,1990_2009
Groupe AFI,NA,NA,done,NA
Groupe Institut des Hautes Études Économiques et Sociales,Q30294382,NA,done,NA
Groupe École Supérieure de Commerce de Dakar,Q30294356,NA,done,NA
Gulu University,Q5617918,2001,done,1990_2009
Gwanda State University,Q5623285,2012,done,post_2010
Gweru Polytechnic Institute,Q5623566,NA,done,NA
HIBMAT University Institute of Buea,Q135738430,2010,done,post_2010
Haramaya University,Q5654075,1954,done,pre_1960
Harare Institute of Technology,Q5654201,1988,done,1960_1989
Hassan Usman Katsina Polytechnic,Q24590309,1983,done,1960_1989
Hassania School of Public Works,Q3577670,1971,done,1960_1989
Hassiba Benbouali University of Chlef,Q29426444,1983,done,1960_1989
Haute École de Commerce et de Management,Q30294294,1999,done,1990_2009
Hautes Études Chrétiennes de Management et de Mathématiques Appliquées,Q30294283,NA,done,NA
Hawassa University,Q5684692,1999,done,1990_2009
Health International Private University,Q30294290,NA,done,NA
Hebron Theological College,Q41568453,NA,done,NA
Helderberg College,Q3129583,1893,done,pre_1960
Heliopolis University,Q12204553,2012,done,post_2010
Helix Biogen Institute,Q138654924,2019,done,post_2010
Helwan University,Q10276202,2002,done,1990_2009
Hensard University,Q125138382,2023,done,post_2010
Heritage Christian University,Q5738742,1971,done,1960_1989
Heritage Polytechnic,Q16928304,NA,done,NA
High Institute For Computers and Management Information Systems,Q30265848,NA,done,NA
High Institute for Management Sciences,NA,NA,done,NA
High Institute of Management and Entrepreneurship,Q30294323,2013,done,post_2010
High-Tech Rabat-Agdal,Q30294296,NA,done,NA
Higher Institute for Qualitative Studies,NA,NA,done,NA
"Higher Institute for Tourism, Hotels and Computer",Q30294291,NA,done,NA
Higher Institute of Advanced Studies,Q12193483,NA,done,NA
Higher Institute of Applied Arts,Q30294321,NA,done,NA
Higher Institute of Computer Science and Management Technology,Q30294408,NA,done,NA
Higher Institute of Engineering,Q17004556,1994,done,1990_2009
Higher Institute of Engineering Technologies Tripoli,Q139408006,1992,done,1990_2009
"Higher Institute of Engineering and Technology, Kafrelsheikh",Q135738808,2006,done,1990_2009
Higher Institute of Food Industries of Tunis,Q30261826,1976,done,1960_1989
Higher Institute of Islamic Studies,Q30294424,NA,done,NA
Higher Institute of Medical Sciences and Technologies,Q136225104,1982,done,1960_1989
"Higher Institute of Mining, Industry and Geology",Q3577935,1982,done,1960_1989
Higher Institute of Science and Technology Tajoura,Q136448415,2021,done,post_2010
"Higher Institute of Science and Technology, Qaser Bin Ghashir, Libya",Q139771612,1996,done,1990_2009
Higher Institute of Social Service,Q30294299,1936,done,pre_1960
Higher Knowledge Institute of Languages ​​and Translation,Q30294275,NA,done,NA
"Higher National School of Renewable Energies, Environment & Sustainable Development",Q135095705,2020,done,post_2010
Higher National Veterinary School,Q3578271,1970,done,1960_1989
Higher School of Management of Tlemcen,NA,NA,done,NA
Higher School of Saharan Agriculture - El Oued,NA,NA,done,NA
Higher Technological Institute,Q14590694,1988,done,1960_1989
"Higher Technological Institute, 6th of October City",Q134523996,1996,done,1990_2009
Hillside Teachers' College,Q137943740,NA,done,NA
Ho Technical University,Q1325425,1968,done,1960_1989
Hope Africa University,Q2687972,2000,done,1990_2009
Hope University,Q5899559,2008,done,1990_2009
Hormuud University,Q100955860,2010,done,post_2010
Horseed International University,Q28221476,NA,done,NA
Hubert Kairuki Memorial University,Q5927408,1997,done,1990_2009
Hussaini Adamu Federal Polytechnic,Q17093214,1991,done,1990_2009
Hypatia of Alexandria Institute for Reflexion and Studies,Q61931494,NA,done,NA
IGAD Sheikh Technical Veterinary School and Reference Centre,Q30266915,NA,done,NA
IIE MSA,Q176667,2001,done,1990_2009
IMM Graduate School of Marketing,Q5972037,1960,done,1960_1989
INES-Ruhengeri,Q105095653,2003,done,1990_2009
ISBAT University,Q63831113,2005,done,1990_2009
Ibrahim Badamasi Babangida University,Q17929219,2005,done,1990_2009
Igbinedion University,Q5991557,1999,done,1990_2009
Imo State Polytechnic Omuma,NA,NA,done,NA
Imo State University,Q6005644,1981,done,1960_1989
"Indian Institute of Technology Madras, Zanzibar",Q135739042,2023,done,post_2010
Infonet College,Q6030507,2002,done,1990_2009
Information and Communications University,Q491101,1998,done,1990_2009
Injibara University,Q130537753,NA,done,NA
Inoorero University,Q16979416,1983,done,1960_1989
Institut Africain d'Informatique,Q3151823,1971,done,1960_1989
Institut Agronomique et Vétérinaire Hassan II,Q3151828,1966,done,1960_1989
Institut Facultaire des Sciences de l'Information et de la Communication,NA,NA,done,NA
Institut Facultaire des sciences Agronomiques de Yangambi,NA,NA,done,NA
Institut International des Assurances,Q30294345,1972,done,1960_1989
Institut International des Sciences et de Technologie,Q30294367,NA,done,NA
Institut Marocain de Management,Q30294383,NA,done,NA
Institut National Agronomique de Tunisie,Q771642,1970,done,1960_1989
Institut National Polytechnique Félix Houphouët-Boigny,Q3152449,1996,done,1990_2009
Institut National Supérieur des Sciences et Techniques d'Abéché,NA,NA,done,NA
Institut National de Statistique et d'Economie Appliquée,Q2737222,1961,done,1960_1989
Institut National de la Jeunesse et des Sports,Q20127556,1960,done,1960_1989
Institut National de la Poste et des Technologies de l'Information et de la Communication,Q30294205,NA,done,NA
Institut National de la Recherche Agronomique de Tunisie,Q30254553,1898,done,pre_1960
Institut National de sante publique,Q100523645,1999,done,1990_2009
Institut National des Postes et Télécommunications,Q3152433,1961,done,1960_1989
Institut National des Sciences Comptables et de l’Administration d’Entreprises,Q18779685,1981,done,1960_1989
Institut National des Sciences de l'Archéologie et du Patrimoine,Q25381383,1986,done,1960_1989
Institut National du Bâtiment et des Travaux Publics,Q30294462,NA,done,NA
Institut National d’Hygiène Publique,Q30256987,NA,done,NA
Institut Panafricain pour le Développement Afrique Centrale,Q30294337,NA,done,NA
Institut Pasteur de Bangui,Q30281752,1961,done,1960_1989
Institut Polytechnique Africain,Q100452192,2016,done,post_2010
Institut Polytechnique Rural de Formation et de Recherche Appliquée,Q16643761,1897,done,pre_1960
Institut Privé de Gestion Institut Supérieur de Technologie Industrielle,NA,NA,done,NA
Institut PrépaVogt,Q50315165,NA,done,NA
Institut Préparatoire aux Études d'Ingénieurs de Monastir,Q30263821,1992,done,1990_2009
Institut Royal de Formation des Cadres de la Jeunesse et des Sports,Q30294173,NA,done,NA
Institut Sous-Régional de Statistique et d'Economie Appliquée,Q30294352,NA,done,NA
Institut Superieur Sapientiae de Bafoussam,Q135739127,2010,done,post_2010
Institut Supérieur de Formation à Distance,Q30294430,NA,done,NA
Institut Supérieur Agronomique et Vétérinaire Valéry Giscard d'Estaing,Q30294209,1990,done,1990_2009
Institut Supérieur International du Tourisme de Tanger,Q131617379,1972,done,1960_1989
Institut Supérieur Privé Polytechnique,Q61931859,1988,done,1960_1989
Institut Supérieur Pédagogique Technique,NA,NA,done,NA
Institut Supérieur Pédagogique de Bukavu,Q3152630,1961,done,1960_1989
Institut Supérieur Pédagogique de Gitwe,Q30294325,NA,done,NA
Institut Supérieur d'Etudes Sociales,Q30294381,NA,done,NA
Institut Supérieur d'Informatique et des Technologies de Communication de Hammam Sousse,Q134524014,NA,done,NA
Institut Supérieur d'Études Maritimes,Q21619090,1978,done,1960_1989
Institut Supérieur de Biotechnologie de Sfax,Q12193470,2002,done,1990_2009
Institut Supérieur de Commerce de Kinshasa,Q3152555,NA,done,NA
Institut Supérieur de Commerce et d'Administration des Entreprises,Q3152559,1971,done,1960_1989
Institut Supérieur de Développement Rural,Q97182768,1962,done,1960_1989
Institut Supérieur de Formation en Technologie Alimentaire,Q30294389,NA,done,NA
Institut Supérieur de Gestion,Q1659456,1967,done,1960_1989
Institut Supérieur de Gestion de Tunis,Q22931737,1969,done,1960_1989
Institut Supérieur de Gestion des Entreprises,Q30294312,1987,done,1960_1989
Institut Supérieur de Statistique de Lubumbashi,Q30294214,NA,done,NA
Institut Supérieur de Statistiques de Kinshasa,Q3152585,1974,done,1960_1989
Institut Supérieur de Technique Médicale,Q30294168,NA,done,NA
Institut Supérieur de Techniques Appliquées,Q136663718,1973,done,1960_1989
Institut Supérieur de Technologie Médicale,Q108737409,2005,done,1990_2009
Institut Supérieur de Technologie d'Antananarivo,Q63862261,NA,done,NA
Institut Supérieur de comptabilité Audit et Finance,Q30294388,NA,done,NA
Institut Supérieur de l'Information et de la Communication,Q30294162,NA,done,NA
Institut Supérieur de l'Informatique et de Gestion,Q100955861,2013,done,post_2010
"Institut Supérieur de la Communication, des Affaires et du Management",Q3152572,1990,done,1990_2009
Institut Supérieur des Etudes Technologiques de Tozeur,Q100260550,NA,done,NA
Institut Supérieur des Etudes Technologiques de Zaghouan,Q139771427,2002,done,1990_2009
Institut Supérieur des Métiers du Patrimoine de Tunis,Q135738898,2000,done,1990_2009
Institut Supérieur des Professions Infirmières et Techniques de Santé de Casablanca,Q138655029,2013,done,post_2010
Institut Supérieur des Sciences de l'Éducation de Guinée,Q30294178,NA,done,NA
Institut Supérieur des Sciences et de Médecine Vétérinaire,Q109574991,2004,done,1990_2009
Institut Supérieur des Techniques Médicales de Bukavu,Q131630078,NA,done,NA
Institut Supérieur des Technologies de l'Information et de la Communication,Q19544834,NA,done,NA
Institut Supérieur des Études Technologiques de Gafsa,Q3152608,1981,done,1960_1989
Institut Supérieur des Études Technologiques de Nabeul,Q3152611,1995,done,1990_2009
Institut Supérieur des Études Technologiques en Communications de Tunis,Q3152614,1998,done,1990_2009
Institut Supérieur du Génie Appliqué,Q27961614,1981,done,1960_1989
Institut Supérieur du Sport et de l’Éducation Physique de Sfax,Q12193485,1969,done,1960_1989
Institut Supérieur d’Art Dramatique et d’Animation Culturelle,Q30294160,1985,done,1960_1989
Institut Supérieur d’Electronique et des Réseaux & Télécommunications,Q30294386,NA,done,NA
"Institut Supérieur d’Informatique, Programmation et Analyse",Q30294152,NA,done,NA
Institut Universitaire LES COURS SONOU,Q99753700,2007,done,1990_2009
Institut Universitaire Polytechnique de Mongo,Q3152772,2002,done,1990_2009
Institut Universitaire Siantou,Q115780415,1991,done,1990_2009
Institut Universitaire d'Abidjan,Q3152654,2004,done,1990_2009
Institut Universitaire de la Côte,Q30294327,2002,done,1990_2009
Institut Universitaire du Bénin,Q30294304,NA,done,NA
Institut Universitaire du Congo,Q30294217,NA,done,NA
Institut Universitaire du Golfe de Guinée,Q97041885,1993,done,1990_2009
Institut de Statistiques et d’Études Économiques du Burundi,Q133260324,NA,done,NA
Institut des Hautes Études Bancaires et Financières,Q30294363,NA,done,NA
"Institut des Hautes Études Bancaires, Financières et Managériale",Q30294378,NA,done,NA
Institut des Hautes Études de Management,Q3152162,1988,done,1960_1989
Institut des Hautes Études de Tunis,Q30294263,1998,done,1990_2009
Institut supérieur de documentation,Q3152560,1981,done,1960_1989
Institut supérieur de la Magistrature,Q3152577,1962,done,1960_1989
Institute For Leadership And Communication Studies,Q30294170,NA,done,NA
Institute and Observatory of Geophysics of Antananarivo,Q136448352,1887,done,pre_1960
Institute for Educational Planning and Administration,NA,NA,done,NA
"Institute for Meteorological Training and Research, WMO Regional Training Centre",Q139771373,NA,done,NA
"Institute for Poverty, Land and Agrarian Studies",Q106412094,1995,done,1990_2009
Institute for Security Studies,Q18126017,1991,done,1990_2009
Institute of Accountancy Arusha,Q30294401,NA,done,NA
Institute of Aviation Engineering & Technology,NA,NA,done,NA
Institute of Development Management,Q122382325,1974,done,1960_1989
Institute of Finance Management,Q30294230,1972,done,1960_1989
Institute of Legal Practice and Development,Q30294347,NA,done,NA
Institute of Petroleum Studies Kampala,Q24236563,2013,done,post_2010
Institute of Rural Development Planning,Q30294232,NA,done,NA
Institute of Tax Administration,Q137796028,1982,done,1960_1989
Instituto Nacional de Estatística,Q1412194,1911,done,pre_1960
Instituto Superior Cristão,Q30294189,NA,done,NA
Instituto Superior Monitor,Q30294220,NA,done,NA
Instituto Superior Politecnico de Tete,Q30294237,2005,done,1990_2009
Instituto Superior Politécnico Metropolitano de Angola,Q30266536,NA,done,NA
Instituto Superior Politécnico de Gaza,Q30294199,2005,done,1990_2009
Instituto Superior Politécnico de Manica,Q10302679,2005,done,1990_2009
Instituto Superior Politécnico de Songo,NA,NA,done,NA
Instituto Superior Politécnico de Tecnologia e Ciências,Q100955832,2005,done,1990_2009
Instituto Superior de Administração e Finanças,Q131934371,NA,done,NA
Instituto Superior de Artes e Cultura,Q30294204,NA,done,NA
Instituto Superior de Ciencias Sociais e Relações Internacionais,Q30294274,NA,done,NA
Instituto Superior de Ciencias de Saude,Q30294206,2004,done,1990_2009
Instituto Superior de Ciências Económicas e Empresariais,Q30294358,1991,done,1990_2009
Instituto Superior de Ciências da Educação de Benguela,Q130533271,NA,done,NA
Instituto Superior de Ciências e Tecnologia Alberto Chipande,Q30294191,NA,done,NA
Instituto Superior de Ciências e Tecnologia de Moçambique,Q30294207,NA,done,NA
Instituto Superior de Comunicação e Imagem de Moçambique,Q30294208,NA,done,NA
Instituto Superior de Transportes e Comunicaçõe,Q30294215,NA,done,NA
Instituts Supérieurs des Professions Infirmières et Techniques de Santé,Q104480990,NA,done,NA
Inter-University Council for East Africa,Q16910628,1980,done,1960_1989
International Academy Mohammed VI of Civil Aviation,NA,NA,done,NA
International Academy for Engineering and Media Science,Q30294261,NA,done,NA
International Centre for Genetic Engineering and Biotechnology,Q6049095,1994,done,1990_2009
International Crops Research Institute for the Semi-Arid Tropics,Q262250,1972,done,1960_1989
International Institute for Higher Education in Morocco,Q6051094,1988,done,1960_1989
International Institute for Water and Environmental Engineering,Q3075348,2006,done,1990_2009
International Islamic Center for Population Studies and Research,Q61934068,1975,done,1960_1989
International Medical and Technological University,Q6051985,1997,done,1990_2009
International School of Dakar,Q6052947,1983,done,1960_1989
International University & Polytechnic of Benin,Q30294307,NA,done,NA
International University Bamenda,NA,NA,done,NA
International University of Africa,Q1667493,1977,done,1960_1989
International University of East Africa,Q6054150,2011,done,post_2010
International University of Grand Bassam,Q30266641,1991,done,1990_2009
International University of Management,Q1667019,1994,done,1990_2009
International University of Rabat,Q3551785,2010,done,post_2010
Isa Kaita College of Education,Q107477957,1991,done,1990_2009
Islamic University College,Q6082651,2004,done,1990_2009
Islamic University in Uganda,Q5158982,1988,done,1960_1989
Islamic University of Niger,Q890735,1986,done,1960_1989
James Hope University,Q107724156,2013,done,post_2010
Jamhuriya University of Science and Technology,Q17064749,2011,done,post_2010
Jaramogi Oginga Odinga University of Science and Technology,Q16851003,2009,done,1990_2009
Jazeera University,Q100955858,2010,done,post_2010
Jean Piaget University of Angola,Q10387844,2000,done,1990_2009
Jean Piaget University of Cape Verde,Q1707547,2001,done,1990_2009
Jigawa State College of Education Gumel,NA,NA,done,NA
Jigawa State College of Nursing Sciences,Q134291891,1996,done,1990_2009
"Jigawa State Polytechnic, Dutse",Q108607234,2007,done,1990_2009
Jigjiga University,Q6192552,2005,done,1990_2009
Jimma University,Q6199299,1999,done,1990_2009
John Garang Memorial University of Science and Technology,Q6234826,2006,done,1990_2009
Jomo Kenyatta University of Agriculture and Technology,Q1702696,1994,done,1990_2009
Jordan University College,Q15229727,NA,done,NA
Joseph Ayo Babalola University,Q915400,2006,done,1990_2009
Joseph Sarwuan Tarka University Makurdi,NA,NA,done,NA
Joshua Mqabuko Nkomo Polytechnic,Q6290079,1981,done,1960_1989
Julius Nyerere University of Kankan,NA,NA,done,NA
KCA University,Q6326561,1989,done,1960_1989
KCMC University,Q136448349,NA,done,NA
Kabale University,Q6343817,2001,done,1990_2009
Kabarak University,Q6343885,2002,done,1990_2009
Kaduna Polytechnic,Q23019261,1956,done,pre_1960
Kaduna State University,Q6345764,2004,done,1990_2009
Kafrelsheikh University,Q4115998,2006,done,1990_2009
Kaimosi Friends University,Q90920549,NA,done,NA
Kampala International University,Q6359113,2001,done,1990_2009
Kampala University,Q6359130,1999,done,1990_2009
Kano State University of Technology,Q16852238,2000,done,1990_2009
Karary University,Q6368619,1996,done,1990_2009
Karatina University,Q15036625,2013,done,post_2010
Karl Kumm University,Q107724127,2003,done,1990_2009
Karume Institute of Science and Technology,Q135739137,2006,done,1990_2009
Kassala University,Q736962,1990,done,1990_2009
Katanga Methodist University,Q30265691,1951,done,pre_1960
Katsina State Institute of Technology and Management,NA,NA,done,NA
Kebbi State Polytechnic,Q138662877,2013,done,post_2010
Kebbi State University of Science and Technology,Q17109112,2006,done,1990_2009
"Kenule Beeson Saro-Wiwa Polytechnic, Bori",Q7338304,1992,done,1990_2009
Kenya Highlands University,Q16999351,1970,done,1960_1989
Kenya Institute of Curriculum Development,Q137943588,2013,done,post_2010
Kenya Institute of Special Education,Q137943941,1986,done,1960_1989
Kenya Institute of Surveying and Mapping,Q136663702,1994,done,1990_2009
Kenya Medical Training College,Q16916920,1990,done,1990_2009
Kenya Methodist University,Q6392603,1997,done,1990_2009
Kenya School of TVET,Q30624340,1978,done,1960_1989
Kenyatta University,Q46756,1985,done,1960_1989
Khartoum International Institute for Arabic Languague,Q30294211,NA,done,NA
Kibabii University,Q24236523,2010,done,post_2010
Kigali Independent University,Q3551790,1996,done,1990_2009
King Ceasor University,Q116486082,2011,done,post_2010
King Faisal University of N'Djamena,NA,NA,done,NA
Kings University,Q84558370,2015,done,post_2010
Kingsley Ozumba Mbadiwe University,Q125018042,2016,done,post_2010
Kirinyaga University,Q28223356,2011,done,post_2010
Kiriri Women's University of Science and Technology,Q6415328,2002,done,1990_2009
Kisii University,Q15036631,2013,done,post_2010
Kismayo University,Q3551613,2005,done,1990_2009
Klintaps University College of Health and Allied Sciences,Q140119329,2017,done,post_2010
Kofi Annan International Peacekeeping Training Centre,Q1778357,1998,done,1990_2009
Koforidua Technical University,Q1406935,1997,done,1990_2009
Kogi State University,Q15043613,1999,done,1990_2009
"Kogi State University, Kabba",Q131293676,NA,done,NA
Koitaleel Samoei University College,NA,NA,done,NA
Kongo University,Q6429212,1990,done,1990_2009
Kotebe University of Education,Q50039998,1959,done,pre_1960
Kumasi Technical University,Q1791968,1954,done,pre_1960
Kumi University,Q6443863,2004,done,1990_2009
Kwame Nkrumah University,Q1654025,1952,done,pre_1960
Kwame Nkrumah University of Science and Technology,Q1654025,1952,done,pre_1960
Kwara State Polytechnic,Q24232007,1973,done,1960_1989
Kwara State University,Q16734211,2009,done,1990_2009
Kwararafa University,Q24944759,2005,done,1990_2009
Kyambogo University,Q2753927,2003,done,1990_2009
LEAP Science and Maths Schools,Q20981668,1987,done,1960_1989
Ladoke Akintola University of Technology,Q6469794,1990,done,1990_2009
Lafoole University,Q6471734,1973,done,1960_1989
Lagos State University,Q849611,1983,done,1960_1989
Lagos State University of Science and Technology,Q23216911,1977,done,1960_1989
Laikipia University,Q15036634,2013,done,post_2010
Lancaster University Ghana,Q30266490,1964,done,1960_1989
Landmark University,Q16733756,2011,done,post_2010
Larbi Ben M'hidi University of Oum El Bouaghi,Q30294257,2001,done,1990_2009
Lead City University,Q16733761,2005,done,1990_2009
Lebanese International University of Mauritania,NA,NA,done,NA
Levy Mwanawasa Medical University,Q104847179,2019,done,post_2010
Liberia Institute Of Public Administration,Q139771635,1969,done,1960_1989
Libya Institute for Advanced Studies,NA,NA,done,NA
Libya Open University,Q12185356,1987,done,1960_1989
Libyan Academy,Q12183555,1988,done,1960_1989
Libyan Centre for Dental Research,Q136448424,2023,done,post_2010
Libyan International Medical University,Q3648090,2007,done,1990_2009
Light University of Bujumbur,Q3551434,2000,done,1990_2009
Lilongwe University of Agriculture and Natural Resources,Q30260552,2010,done,post_2010
Lira University,Q24907953,2012,done,post_2010
LivingStone International University,Q17067633,2012,done,post_2010
Local Government Training Institute,Q116959417,1952,done,pre_1960
Lower Shabelle University,Q126208847,2010,done,post_2010
Loyola University of Congo,Q97186173,NA,done,NA
Lukenya University,Q101110418,2015,done,post_2010
Lupane State University,Q6704659,2005,done,1990_2009
Lusaka Apex Medical University,Q48804537,2008,done,1990_2009
Luxor University,Q68167558,2019,done,post_2010
Lyceum College,Q6707245,1917,done,pre_1960
Lúrio University,Q10387849,2006,done,1990_2009
Maakhir University,Q6721043,2009,done,1990_2009
Maasai Mara University,Q17037289,2013,done,post_2010
Machakos School,Q28223293,1939,done,pre_1960
Machakos University,Q28223358,1957,done,pre_1960
Madda Walabu University,Q20982433,2006,done,1990_2009
Madina Academy,NA,NA,done,NA
Madonna University,Q6728390,1937,done,pre_1960
Mahatma Gandhi Institute,Q61931657,1970,done,1960_1989
Mahatma Gandhi University,Q6733535,1983,done,1960_1989
Maitama Sule University Kano,NA,NA,done,NA
Makerere University,Q261506,1922,done,pre_1960
Malawi Adventist University,Q6741451,1969,done,1960_1989
Malawi School of Government,Q138860339,1966,done,1960_1989
Malawi University of Science and Technology,Q25104234,2012,done,post_2010
Management College of Southern Africa,Q6746662,1995,done,1990_2009
Mandela Institute for Development Studies,Q19787384,2010,done,post_2010
Mangosuthu University of Technology,Q6588080,1979,done,1960_1989
Manicaland State University of Applied Sciences,Q131875322,2016,done,post_2010
Manouba University,Q3551710,2000,done,1990_2009
Mansoura National University,Q114817413,2022,done,post_2010
Mansoura University,Q4116236,1972,done,1960_1989
Margaret Lawrence University,Q129527756,2022,done,post_2010
Marien Ngouabi University,Q3551438,1971,done,1960_1989
Marondera University of Agricultural Sciences and Technology,Q131876904,2015,done,post_2010
Maryam Abacha American University of Niger,Q115611259,NA,done,NA
Maseno University,Q3551629,1991,done,1990_2009
Mashreq University,Q12236083,2003,done,1990_2009
Masinde Muliro University of Science and Technology,Q6783284,2007,done,1990_2009
Mateur Higher School of Agriculture,Q30261794,1956,done,pre_1960
Matrouh University,Q12204540,2018,done,post_2010
Mauritius Institute of Education,Q30294301,NA,done,NA
Mbarara University of Science and Technology,Q514030,1989,done,1960_1989
Mbeya University of Science and Technology,Q15252472,2012,done,post_2010
McPherson University,Q16733836,2012,done,post_2010
Media Council of Kenya,Q6805474,NA,done,NA
Mediterranean School of Business,Q3304063,2002,done,1990_2009
Mekdela Amba University,Q119285478,2015,done,post_2010
Mekelle University,Q6810561,1991,done,1990_2009
Menoufia University,Q1163280,1976,done,1960_1989
Meru University of Science and Technology,Q6820757,1979,done,1960_1989
Methodist University College Ghana,Q99286969,NA,done,NA
Methodist University of Angola,Q10387851,2007,done,1990_2009
Metropolitan International University,Q104480466,2017,done,post_2010
Mfantsiman Girls Secondary School,Q19605635,1960,done,1960_1989
Michael Okpara University of Agriculture,Q6833225,1992,done,1990_2009
Middlesex University,Q1760791,1973,done,1960_1989
Midlands State University,Q6842554,1993,done,1990_2009
Midocean University,Q131692629,2020,done,post_2010
Midrand Graduate Institute,Q6842964,1989,done,1960_1989
Military Technical College,Q376281,NA,done,NA
Milpark Education,NA,NA,done,NA
Minia University,Q6865113,1976,done,1960_1989
Misr International University,Q6875934,1996,done,1990_2009
Misr University for Science and Technology,Q14565823,1996,done,1990_2009
Mission de Promotion des Materiaux Locaux,Q133811133,NA,done,NA
Misurata University,Q45819,1984,done,1960_1989
Mizan Tepi University,Q6884590,2006,done,1990_2009
Modern Academy,Q6888540,2000,done,1990_2009
Modern Academy for Engineering and Technology,NA,NA,done,NA
Modern University for Information and Technology,Q30293656,NA,done,NA
Modibbo Adama University of Technology,Q100943682,NA,done,NA
Mogadishu University,Q721115,1997,done,1990_2009
Mohamed I University,Q3551445,1978,done,1960_1989
Mohamed-Cherif Messaadia University,Q18785812,1998,done,1990_2009
Mohammed V University,Q1360237,1957,done,pre_1960
Moi University,Q13122809,1984,done,1960_1989
Monarch University,Q137302554,NA,done,NA
Moshi Co-operative University,Q15256455,NA,done,NA
Mouloud Mammeri University of Tizi-Ouzou,Q3551456,1977,done,1960_1989
Mount Kenya University,Q15045626,1996,done,1990_2009
Mount Meru University,Q6922167,2003,done,1990_2009
Mountain Top University,Q22079989,2015,done,post_2010
Mountains of the Moon University,Q595684,2005,done,1990_2009
Mountcrest University College,Q15260094,2008,done,1990_2009
Muhimbili University of Health and Allied Sciences,Q6933030,2007,done,1990_2009
Mukuba University,Q18378066,1974,done,1960_1989
Mulago School of Nursing and Midwifery,Q30287931,NA,done,NA
Multimedia University of Kenya,Q16954019,2013,done,post_2010
Mulungushi University,Q3643633,2008,done,1990_2009
Muni University,Q6936076,2012,done,post_2010
Murang'a University of Technology,Q18391408,2016,done,post_2010
Muslim University of Morogoro,Q6942984,2004,done,1990_2009
Mutare Polytechnic,Q107750591,NA,done,NA
Muteesa I Royal University,Q6943779,2007,done,1990_2009
Mzumbe University,Q1240270,2001,done,1990_2009
Mzuzu University,Q477625,1997,done,1990_2009
Nahda College,Q17068763,2014,done,post_2010
Nahda University,Q12204463,2006,done,1990_2009
Nalikule College of Education,Q138859802,2017,done,post_2010
Nalut University,Q102347739,2017,done,post_2010
Namibia Institute of Pathology,Q30261943,2000,done,1990_2009
Namibia University of Science and Technology,Q488696,1996,done,1990_2009
Nasarawa State University,Q6966612,2001,done,1990_2009
National Advanced School of Public Works,NA,NA,done,NA
National Archives of Senegal,Q2860558,1913,done,pre_1960
National Banking College,Q110057126,NA,done,NA
National Center for Educational Research and Development,Q64744500,NA,done,NA
National Council for Curriculum and Assessment,Q118192977,2007,done,1990_2009
National Defence College Kenya,NA,NA,done,NA
National Engineering School of Tunis,Q3578098,1968,done,1960_1989
National Examinations Council,Q60790996,NA,done,NA
National Higher School of Autonomous Systems Technology,Q138654939,2023,done,post_2010
National Higher School of Mathematics,Q132803485,2022,done,post_2010
National Higher School of Statistics and Applied Economy,Q3054960,1970,done,1960_1989
National Higher School of Technology and Engineering Annaba,Q135983353,2023,done,post_2010
National Institute for Nigerian Languages,Q104224385,1993,done,1990_2009
National Institute for Research in Education,Q137204396,1962,done,1960_1989
National Institute of Arts,Q463281,1899,done,pre_1960
National Institute of Public Administration,Q5917466,1958,done,pre_1960
National Institute of Transport,Q30261957,1975,done,1960_1989
National Library of Somalia,Q8247531,1975,done,1960_1989
National Nurses Association of Kenya,Q30288022,NA,done,NA
National Open University of Nigeria,Q6974654,1983,done,1960_1989
National Polytechnic University Institute Bamenda,Q135739070,1996,done,1990_2009
National Postgraduate Medical College of Nigeria,Q25053746,1979,done,1960_1989
National Ribat University,Q6978113,2000,done,1990_2009
National School of Architecture,Q3578078,1980,done,1960_1989
National School of Artificial Intelligence,Q116871000,NA,done,NA
National School of Built and Ground Works Engineering,NA,NA,done,NA
National School of Business and Management in Settat,Q3578117,1994,done,1990_2009
National School of Computer Science,Q3578204,1968,done,1960_1989
"National School of Electronics and Telecommunications of Sfax, Tunisia",NA,NA,done,NA
National School of Mineral Industry,Q3578123,1972,done,1960_1989
National Telecommunications Institute,Q30294330,NA,done,NA
National Universities Commission,Q6979211,1962,done,1960_1989
National University,Q421739,1972,done,1960_1989
National University of Equatorial Guinea,Q3291919,1995,done,1990_2009
National University of Lesotho,Q1410332,1945,done,pre_1960
National University of Science and Technology,Q4315005,1918,done,pre_1960
"National University of Sciences, Technologies, Engineering and Mathematics",Q83870793,2014,done,post_2010
Nazi Boni University,Q3551817,1997,done,1990_2009
Ndejje University,Q15261310,1992,done,1990_2009
Nelson Mandela African Institution of Science and Technology,Q15261581,2010,done,post_2010
Nelson Mandela University,Q1331614,2005,done,1990_2009
New Generation University College,Q17071332,2002,done,1990_2009
New Giza University,Q54874555,2016,done,post_2010
Newgate University Minna,Q136222229,2025,done,post_2010
Niger Delta University,Q7032755,2000,done,1990_2009
Niger State Polytechnic,Q30294324,1977,done,1960_1989
Nigeria Police Academy,Q109767453,1980,done,1960_1989
Nigerian Army College of Education,NA,NA,done,NA
Nigerian Defence Academy,Q7032895,1964,done,1960_1989
Nigerian Institute of Transport Technology,Q116052700,1984,done,1960_1989
Nigerian University Games Association,Q7033028,1966,done,1960_1989
Nigerian University of Technology and Management,Q134716511,2019,done,post_2010
Nile University,Q1146856,2006,done,1990_2009
Nile University of Nigeria,Q16957865,2009,done,1990_2009
Nile University of Science and Technology,Q125522674,2017,done,post_2010
Nile Valley University,Q7036988,1990,done,1990_2009
Njala University,Q7042386,1964,done,1960_1989
Nkumba University,Q7042657,1994,done,1990_2009
Nnamdi Azikiwe University,Q13140900,1991,done,1990_2009
North Gate University,Q17108252,2011,done,post_2010
"North-Eastern University, Gombe",Q114355731,2022,done,post_2010
North-West University,Q1998811,2004,done,1990_2009
Northrise University,Q2001151,2003,done,1990_2009
Novena University,Q7064806,2005,done,1990_2009
Nugaal University,Q3551763,2004,done,1990_2009
"Nurses' Training College, Ho",NA,NA,done,NA
Obafemi Awolowo University,Q2008672,1962,done,1960_1989
Obong University,Q7075280,1997,done,1990_2009
Obour Institutes,Q30294318,NA,done,NA
October 6 University,Q99289456,NA,done,NA
October High Institute For Enginnering and Technology,Q30294245,NA,done,NA
October University of Modern Sciences and Arts,NA,NA,done,NA
Oda Bultum University,Q47526619,NA,done,NA
Oduduwa University,Q7078366,2009,done,1990_2009
Ogun State Institute of Technology Igbesa,Q138860375,2005,done,1990_2009
Olabisi Onabanjo University,Q7082913,1982,done,1960_1989
Olusegun Agagu University of Science and Technology,Q17109279,2008,done,1990_2009
Omar Al-Mukhtar University,Q328423,1961,done,1960_1989
Omar Bongo University,Q3551470,1970,done,1960_1989
Omdurman Ahlia University,Q7089954,1986,done,1960_1989
Omdurman Islamic University,Q7089955,1901,done,pre_1960
One World University,Q7093426,NA,done,NA
Open University of Kenya,Q133811864,2023,done,post_2010
Open University of Mauritius,Q7096263,2012,done,post_2010
Open University of Sudan,Q7096264,2002,done,1990_2009
Open University of Tanzania,Q7755195,1992,done,1990_2009
Open University of West Africa,Q7096265,2012,done,post_2010
Open Window School of Visual Communication,NA,NA,done,NA
Oran Graduate School of Economics,Q136565004,NA,done,NA
Oromia State University,Q104243342,2009,done,1990_2009
"Osun State College of Education, Ila-Orangun",NA,NA,done,NA
Osun State University,Q7108022,2006,done,1990_2009
Pan Africa Christian University,Q7129540,1978,done,1960_1989
Pan African Christian University College,Q2048800,NA,done,NA
Pan African Institute for Development,Q97041900,1969,done,1960_1989
Pan African Institute for Development Regional Institute for West Africa,Q135738577,1969,done,1960_1989
Pan-African University,Q7129474,2002,done,1990_2009
Pan-Atlantic University,Q7129474,2002,done,1990_2009
Paul University Awka,Q135111735,2009,done,1990_2009
Pedagogical University,Q290662,1986,done,1960_1989
Pentecost University College,Q2069397,2003,done,1990_2009
Pharaohs Higher Institute of Computer Information Systems and Management,Q30294369,NA,done,NA
Pharos University in Alexandria,Q7180855,2006,done,1990_2009
Philomath University,Q107724280,2021,done,post_2010
Pigier Bénin,Q30294305,1997,done,1990_2009
Pigier Côte d'Ivoire,Q3388305,1956,done,pre_1960
Pioneer International University,Q30266511,2012,done,post_2010
Plasma University,Q100955854,2005,done,1990_2009
Plateau State University,Q7202223,2005,done,1990_2009
Polytechnic School of Algiers,Q3578167,1925,done,pre_1960
Poma International Business University,Q100955834,2007,done,1990_2009
Port Said University,Q1564902,2010,done,post_2010
Presbyterian University of East Africa,Q100946475,NA,done,NA
"Presbyterian University, Ghana",Q1566634,2003,done,1990_2009
Private University of Angola,Q7246173,2000,done,1990_2009
Production Management Institute of Southern Africa,Q30294156,NA,done,NA
Puntland State University,Q7260603,2004,done,1990_2009
Pwani University,Q17110774,2007,done,1990_2009
Radford University College,Q18393060,2009,done,1990_2009
Raya University,Q39058892,2015,done,post_2010
Red Sea University,Q12204407,1994,done,1990_2009
Redeemer's University,Q7305700,2005,done,1990_2009
Reformed Church University,Q20981310,2012,done,post_2010
Regenesys Business School,Q17152129,1997,done,1990_2009
Regent Business School,Q7308077,NA,done,NA
Regent University College of Science and Technology,Q2137488,2003,done,1990_2009
Regentropfen University College,Q134251058,2016,done,post_2010
Regional Centre for Training in Aerospace Surveys,Q30262067,1972,done,1960_1989
Regional Maritime University,Q7309095,2007,done,1990_2009
Renaissance University,Q7312455,2005,done,1990_2009
Rhema University,Q7320383,2009,done,1990_2009
Rhodes University,Q377757,1904,done,pre_1960
Riara University,Q17110806,2012,done,post_2010
Rift Valley University,Q7333290,2000,done,1990_2009
Rivers State University,Q7338305,1972,done,1960_1989
Rongo University,Q90571011,2011,done,post_2010
Royal Centre for Remote Sensing,Q2946015,1989,done,1960_1989
Ruaha Catholic University,Q20746315,NA,done,NA
Rumbek University,Q2892503,2010,done,post_2010
Rusangu University,Q7380634,2002,done,1990_2009
Rwanda Polytechnic,NA,NA,done,NA
SIMAD University,Q17070468,1999,done,1990_2009
"SS Peter and Paul Major Seminary, Bodija",Q135983365,1908,done,pre_1960
Sa'adatu Rimi College of Education,Q103519800,1981,done,1960_1989
Sa'adu Zungur University,Q16839159,2011,done,post_2010
Sabratha University,Q28450926,2015,done,post_2010
Sadat Academy for Management Sciences,Q8973195,1981,done,1960_1989
Salem University,Q7404130,1888,done,pre_1960
Samara University,Q4406400,1942,done,pre_1960
Sanaag University of Science and Technology,Q7415442,2009,done,1990_2009
Scott Christian University,Q24236287,1962,done,1960_1989
Sebastian Kolowa Memorial University,Q15275772,2012,done,post_2010
Sebha University,Q3648100,1983,done,1960_1989
Sedibeng TVET College,Q61931857,2002,done,1990_2009
Sefako Makgatho Health Sciences University,Q19843419,2014,done,post_2010
Senghor University,Q3551492,1990,done,1990_2009
Shendi University,Q7494219,1994,done,1990_2009
Sheppard and Lapsley Presbyterian University of Congo,Q30294403,NA,done,NA
Sicambeni Rural University,Q7507387,1908,done,pre_1960
Sidi Mohamed Ben Abdellah University,Q3551490,1975,done,1960_1989
Sikkim Manipal University,Q7513814,1995,done,1990_2009
Sinai University,Q7521677,2006,done,1990_2009
Sinnar University,Q7524660,1977,done,1960_1989
Sirte University,Q45817,1991,done,1990_2009
Skyline University Nigeria,Q77969869,2018,done,post_2010
Social Work Institute in Cairo,Q30294385,NA,done,NA
Sohag University,Q107209412,2006,done,1990_2009
Sokoine University of Agriculture,Q4005900,1984,done,1960_1989
Sokoto State University,Q16962164,2009,done,1990_2009
Sol Plaatje University,Q17090884,2014,done,post_2010
Solusi University,Q5308248,1894,done,pre_1960
Somali International University,Q20982515,NA,done,NA
Somali National University,Q278455,1954,done,pre_1960
Somali STEM Society,Q139771281,2017,done,post_2010
Somaliland University of Technology,Q7559188,2000,done,1990_2009
Soroti University,Q7563661,2015,done,post_2010
South African College of Applied Psychology,Q30294166,NA,done,NA
South African National Energy Development Institute,Q30262049,NA,done,NA
South African School of Motion Picture Medium and Live Performance,NA,NA,done,NA
South African Theological Seminary,Q7565803,NA,done,NA
South Eastern Kenya University,Q16258314,2013,done,post_2010
South Valley University,Q7568730,1995,done,1990_2009
Southern Africa Nazarene University,Q61931923,2010,done,post_2010
Sphinx University,Q60914723,NA,done,NA
Spiritan University Nneochi,NA,NA,done,NA
St Augustine College of South Africa,Q1497583,1999,done,1990_2009
St. Augustine International University,Q17379952,2011,done,post_2010
St. Augustine University of Tanzania,Q1765076,1998,done,1990_2009
St. Christopher Iba Mar Diop College of Medicine,NA,NA,done,NA
St. Francis University College of Health and Allied Sciences,Q16900521,NA,done,NA
St. John's University of Tanzania,Q7588856,1999,done,1990_2009
St. Joseph University In Tanzania,Q16900557,2011,done,post_2010
St. Lawrence University,Q1411093,1856,done,pre_1960
St. Mary's University,Q7590446,1852,done,pre_1960
St. Mary's University in Juba,Q7590451,2009,done,1990_2009
St. Paul's University,Q30294242,1989,done,1960_1989
Stafford University,Q48803129,2015,done,post_2010
Stalwart University Institute,Q135738621,2019,done,post_2010
State University of Medical and Applied Sciences,Q133812253,NA,done,NA
State University of Zanzibar,Q7603635,2002,done,1990_2009
Stella Maris Polytechnic,Q7607098,1988,done,1960_1989
Stellenbosch University,Q1066492,1866,done,pre_1960
Strathmore University,Q7622156,1961,done,1960_1989
Sudan Academy for Banking and Financial Sciences,Q50040766,1963,done,1960_1989
Sudan Academy of Sciences,NA,NA,done,NA
Sudan Childhood Diabetes Association,Q97041353,2003,done,1990_2009
Sudan International University,Q12204430,1990,done,1990_2009
Sudan Medical Specialization Board,Q50038979,1995,done,1990_2009
Sudan University of Science and Technology,Q458467,1932,done,pre_1960
Sudanese Universities Information Network,Q7633375,2004,done,1990_2009
Suez Canal University,Q1161619,1974,done,1960_1989
Suez University,Q12204432,2012,done,post_2010
Sule Lamido University Kafin Hausa,NA,NA,done,NA
"Summit University, Offa",Q107724041,2015,done,post_2010
Sunyani Technical University,Q630686,1983,done,1960_1989
Sup Management,Q30294399,NA,done,NA
Sup de Co Marrakech,Q3578437,1987,done,1960_1989
Supershine University,Q100955870,2014,done,post_2010
Surman College of Science and Technology,Q137204557,1984,done,1960_1989
SwissLink Higher Institute of Business & Technology,Q135738588,2017,done,post_2010
Taasisi ya Sanaa na Utamaduni Bagamoyo,Q20746231,2007,done,1990_2009
Tai Solarin University of Education,Q7675831,2005,done,1990_2009
Takoradi Technical University,Q1233332,1954,done,pre_1960
Tangaza University,Q136524138,NA,done,NA
Tansian University,Q16953056,2009,done,1990_2009
Tanta University,Q2917699,1972,done,1960_1989
Tanzania Agriculture Research Institute,Q138460470,2016,done,post_2010
Tanzania Commission for Universities,Q16953067,2005,done,1990_2009
Tanzania Institute of Education (TIE),NA,NA,done,NA
Taraba State College of Health Technology Takum,Q138460420,1991,done,1990_2009
Taraba State University,Q7685179,2008,done,1990_2009
Team University,Q85805400,2010,done,post_2010
Technical University of Angola,Q7692307,2007,done,1990_2009
Technical University of Kenya,Q7692311,1961,done,1960_1989
Technical University of Mombasa,Q7692314,2013,done,post_2010
Tengeru Institute of Community Development,Q138655091,1963,done,1960_1989
Teofilo Kisanji University,Q13122812,2006,done,1990_2009
Testament Theological Seminary,Q133811827,2022,done,post_2010
The Catholic University of Malawi,NA,NA,done,NA
"The Federal Polytechnic, Ado-Ekiti",NA,NA,done,NA
The Future University,Q3013290,1991,done,1990_2009
The Gambia College,Q1492903,NA,done,NA
The Higher Institute of Applied Arts Fifth settlement,Q138655168,2005,done,1990_2009
The Higher Institute of Engineering Technologies Benghazi,Q138655036,2013,done,post_2010
The Higher School of Management and Digital Economy,NA,NA,done,NA
The Independent Institute of Education,Q24233955,2005,done,1990_2009
The Kenya Education Management Institute,Q139771606,1986,done,1960_1989
The Knowledge Hub Universities,Q135983382,2019,done,post_2010
The Nigerian Baptist Theological Seminary,NA,NA,done,NA
The Polytechnic Ibadan,NA,NA,done,NA
The University Centre for Studies in Namibia,Q17512879,1978,done,1960_1989
The University of Dodoma,Q693769,2007,done,1990_2009
Thebes Academy,Q6888547,1993,done,1990_2009
Time Université,Q30294265,2002,done,1990_2009
Tissemsilt University,Q30294271,2005,done,1990_2009
Tom Mboya University College,Q114385531,2016,done,post_2010
Trinity University,Q1311379,1869,done,pre_1960
Tshwane University of Technology,Q1147874,2004,done,1990_2009
Tumaini University,Q2459595,1997,done,1990_2009
Tunis El Manar University,Q3551684,1987,done,1960_1989
Tunis University,Q3551686,1960,done,1960_1989
Tunisia Polytechnic School,Q3578304,1991,done,1990_2009
Tunisia Private University,Q3551799,1992,done,1990_2009
Uganda Christian University,Q2473859,1997,done,1990_2009
Uganda Episcopal Conference,Q3667995,NA,done,NA
Uganda Institute of Information & Communications Technology,Q30287770,NA,done,NA
Uganda Management Institute,Q7877608,1968,done,1960_1989
Uganda Martyrs University,Q7877609,1993,done,1990_2009
Uganda Pentecostal University,Q7877620,2005,done,1990_2009
Uganda Petroleum Institute,Q6405976,2009,done,1990_2009
Uganda Technology and Management University,Q18394920,2012,done,post_2010
Umaru Musa Yar'adua University,Q16259637,2006,done,1990_2009
Umma University,Q29467429,2013,done,post_2010
UniMAC-GIJ,NA,NA,done,NA
United African University of Tanzania,Q16902333,2012,done,post_2010
United Methodist University,Q16902330,1998,done,1990_2009
United States International University Africa,Q19720584,1969,done,1960_1989
Unity University College,NA,NA,done,NA
Unité de Recherche en Génie des Procédés et en Génie de l’Environnement,Q135095637,2014,done,post_2010
Universiapolis - Université Internationale d'Agadir,Q30294303,NA,done,NA
Universidade Aberta ISCED,Q100955845,NA,done,NA
Universidade Colinas de Boé,Q1654102,2003,done,1990_2009
Universidade Gregório Semedo,Q30294279,2003,done,1990_2009
Universidade Independente de Angola,Q10387842,2004,done,1990_2009
Universidade Jean Piaget de Moçambique,Q30294224,NA,done,NA
Universidade José Eduardo dos Santos,Q18467828,1974,done,1960_1989
Universidade Katyavala Bwila,Q18467831,2009,done,1990_2009
Universidade Kimpa Vita,Q18467838,2009,done,1990_2009
Universidade Lusíada de Angola,Q50362987,1999,done,1990_2009
Universidade Lusófona da Guiné,Q30294233,NA,done,NA
Universidade Mandume Ya Ndemufayo,Q18467847,1974,done,1960_1989
Universidade Politecnica,Q30266472,NA,done,NA
Universidade Rainha Njinga a Mbande,NA,NA,done,NA
Universidade São Tomás de Moçambique,Q30294227,NA,done,NA
Universidade Técnica de Moçambique,Q30294228,2002,done,1990_2009
Universidade Zambeze,Q18467864,2007,done,1990_2009
Universidade de Belas,Q30930983,2007,done,1990_2009
Universidade de São Tomé e Príncipe,Q6041504,2014,done,post_2010
Universidade Óscar Ribas,Q30294282,2007,done,1990_2009
Universite Adventiste de Lukanga,Q30294222,NA,done,NA
Universite des Sciences Appliquée et Management,Q19600073,2003,done,1990_2009
University Center of Barika,Q133812232,2011,done,post_2010
University Center of Illizi,Q133811530,2015,done,post_2010
University Centre of Maghnia,Q124691781,2016,done,post_2010
University College of Agriculture and Environmental Studies,Q7894642,1963,done,1960_1989
University College of Aviation and Technology,Q30294270,NA,done,NA
University College of Management Studies,Q2495782,1974,done,1960_1989
University College of Technology,Q30294315,NA,done,NA
University Elmergib,Q25893967,1991,done,1990_2009
University Ferhat Abbas of Setif,NA,NA,done,NA
University Frères Mentouri Constantine 1,NA,NA,done,NA
University Mohamed Boudiaf of M'sila,Q16511684,1985,done,1960_1989
University Mohamed El Bachir El Ibrahimi of Bordj Bou Arreridj,NA,NA,done,NA
University Yahia Fares of Medea,NA,NA,done,NA
University for Development Studies,Q1766573,1992,done,1990_2009
University of Abou Bekr Belkaïd,Q3551363,1989,done,1960_1989
University of Abuja,Q3509297,1988,done,1960_1989
University of Africa,Q30294319,NA,done,NA
University of Africa Toru-Orua,NA,NA,done,NA
"University of Agriculture and Environmental Sciences, Umuagwo",Q123422183,2019,done,post_2010
University of Ajdabiya,NA,NA,done,NA
University of Algiers 3,Q29896977,2009,done,1990_2009
University of Algiers Benyoucef Benkhedda,NA,NA,done,NA
University of Antananarivo,Q1443595,1961,done,1960_1989
University of Applied Management,Q1280712,2004,done,1990_2009
University of Arusha,Q7895088,2006,done,1990_2009
University of Asmara,Q1707483,1958,done,pre_1960
University of Bagamoyo,Q16902371,2010,done,post_2010
University of Bahr El-Ghazal,Q7895105,1991,done,1990_2009
University of Bahri,Q20411213,2011,done,post_2010
University of Bakhtalruda,Q7895104,1990,done,1990_2009
University of Bamako,Q1442778,1996,done,1990_2009
University of Bamenda,Q17028026,2011,done,post_2010
University of Bandundu,Q3551565,2004,done,1990_2009
University of Bangui,Q1638914,1969,done,1960_1989
University of Batna 1,NA,NA,done,NA
University of Bechar,Q7895149,1986,done,1960_1989
University of Benghazi,Q3134657,1955,done,pre_1960
University of Benin,Q1816069,1970,done,1960_1989
University of Biskra,Q12204532,1998,done,1990_2009
University of Blida,Q787656,1977,done,1960_1989
University of Botswana,Q493141,1982,done,1960_1989
University of Bouira,Q3551448,2005,done,1990_2009
University of Boumerdes,Q27961625,1998,done,1990_2009
University of Buea,Q652308,1992,done,1990_2009
University of Béjaïa,Q1117434,1983,done,1960_1989
University of Calabar,Q3509289,1975,done,1960_1989
University of Cape Coast,Q746079,1962,done,1960_1989
University of Cape Town,Q951305,1829,done,pre_1960
University of Cape Verde,Q1707609,2006,done,1990_2009
University of Carthage,Q852223,1988,done,1960_1989
University of Constantine 3,Q55721694,2011,done,post_2010
University of Cross River State,Q13140622,2002,done,1990_2009
University of Dar es Salaam,Q557597,1970,done,1960_1989
University of Derna,Q125496368,1994,done,1990_2009
University of Djibouti,Q3551582,2006,done,1990_2009
University of Dongola,Q7895343,1991,done,1990_2009
University of Douala,Q916350,1993,done,1990_2009
"University of Eastern Africa, Baraton",Q662087,1980,done,1960_1989
University of Education and Entrepreneurship,Q137943949,2024,done,post_2010
"University of Education, Winneba",Q1557172,1992,done,1990_2009
University of El Imam El Mahdi,Q5351420,1994,done,1990_2009
University of Eldoret,Q7895375,2013,done,post_2010
University of Eloued,NA,NA,done,NA
University of Embu,Q24236250,2011,done,post_2010
University of Energy and Natural Resources,Q7894844,2012,done,post_2010
University of Eswatini,Q1570483,1964,done,1960_1989
University of Fort Hare,Q2005511,1916,done,pre_1960
University of Gabès,Q649578,2003,done,1990_2009
University of Gafsa,Q3551586,2004,done,1990_2009
University of Garden City,Q16839639,2015,done,post_2010
University of Gedo,Q7895443,2008,done,1990_2009
University of Gezira,Q7896681,1975,done,1960_1989
University of Ghana,Q2303765,1948,done,pre_1960
University of Ghardaia,Q12204512,2004,done,1990_2009
University of Gharyan,Q12204414,1991,done,1990_2009
University of Global Health Equity,Q28035081,2015,done,post_2010
University of Goma,Q3551591,1993,done,1990_2009
University of Gondar,Q2690553,1954,done,pre_1960
University of Guelma,Q7896816,1986,done,1960_1989
University of Hargeisa,Q3357563,2000,done,1990_2009
University of Hassan II Casablanca,Q82826,1975,done,1960_1989
University of Health Sciences,Q19612850,2015,done,post_2010
University of Health and Allied Sciences,Q16734216,2012,done,post_2010
University of Ibadan,Q1169487,1948,done,pre_1960
University of Ilesa,Q121207292,2022,done,post_2010
University of Ilorin,Q7895546,1975,done,1960_1989
University of Jendouba,Q3551596,2003,done,1990_2009
University of Jijel,Q3551600,2003,done,1990_2009
University of Johannesburg,Q1972050,2005,done,1990_2009
University of Jos,Q1412551,1975,done,1960_1989
University of Juba,Q1231063,1977,done,1960_1989
University of Kabianga,Q15036648,2013,done,post_2010
University of Kairouan,Q3551602,2004,done,1990_2009
University of Kalemie,Q3551601,2004,done,1990_2009
University of Kamina,Q3551603,1955,done,pre_1960
University of Kara,Q1661751,1951,done,pre_1960
University of Khartoum,Q656871,1902,done,pre_1960
University of Kigali,Q48773691,2013,done,post_2010
University of Kikwit,Q3551607,1992,done,1990_2009
University of Kindu,Q3551608,2004,done,1990_2009
University of Kinshasa,Q774520,1954,done,pre_1960
University of Kisubi,Q24958519,2004,done,1990_2009
University of Kivu,Q30265872,2008,done,1990_2009
University of Kolwezi,Q3551611,2004,done,1990_2009
University of Kordofan,Q7895609,1990,done,1990_2009
University of Koudougou,Q3551610,2005,done,1990_2009
University of KwaZulu-Natal,Q727516,2004,done,1990_2009
University of Laghouat,Q7895618,1986,done,1960_1989
University of Lagos,Q1782980,1962,done,1960_1989
University of Lay Adventists of Kigali,Q28448235,1997,done,1990_2009
University of Liberia,Q3044628,1862,done,pre_1960
University of Limpopo,Q45612,2005,done,1990_2009
University of Livingstonia,Q30294288,2003,done,1990_2009
University of Lomé,Q3551618,1965,done,1960_1989
University of Lubumbashi,Q1588869,1955,done,pre_1960
University of Lusaka,Q7895649,1999,done,1990_2009
University of Maiduguri,Q3509668,1975,done,1960_1989
University of Makeni,Q7895660,2005,done,1990_2009
University of Malawi,Q671642,1964,done,1960_1989
University of Management and Technology,Q7895663,1990,done,1990_2009
University of Maroua,Q3551626,2008,done,1990_2009
University of Mauritius,Q1097479,1965,done,1960_1989
University of Mbandaka,Q3551627,2004,done,1990_2009
University of Mbuji Mayi,Q3551625,2004,done,1990_2009
"University of Media, Arts and Communication",Q5555358,1959,done,pre_1960
University of Medical Sciences and Technology,Q7895723,1996,done,1990_2009
University of Military Science and Technology,Q7895784,2007,done,1990_2009
University of Mines and Technology,Q2495871,2001,done,1990_2009
University of Mkar,Q7895846,2005,done,1990_2009
University of Monastir,Q3551637,2004,done,1990_2009
University of Mpumalanga,Q14979352,NA,done,NA
University of N'Djamena,Q1678185,1971,done,1960_1989
University of Nairobi,Q649998,1956,done,pre_1960
University of Namibia,Q220226,1992,done,1990_2009
University of Ngaoundéré,Q3551655,1982,done,1960_1989
University of Ngozi,Q3551654,1999,done,1990_2009
University of Nigeria,Q927304,1955,done,pre_1960
University of Nyala,Q7070817,1994,done,1990_2009
University of Ouargla,Q613937,1988,done,1960_1989
University of Port Harcourt,Q5103051,1975,done,1960_1989
University of Pretoria,Q604444,1908,done,pre_1960
University of Professional Studies,Q16734218,1965,done,1960_1989
University of Reunion Island,NA,NA,done,NA
University of Rwanda,Q19888178,2013,done,post_2010
University of Sadat City,Q12204536,2013,done,post_2010
University of Science and Technology Omdurman,NA,NA,done,NA
University of Science and Technology of Benin,Q3011789,1996,done,1990_2009
University of Science and Technology of Ivory Coast,Q3011661,2009,done,1990_2009
University of Science and Technology of Togo,Q3011796,2012,done,post_2010
University of Sciences and Technology Houari Boumediene,NA,NA,done,NA
University of Seychelles,Q7896291,2009,done,1990_2009
University of Sfax,Q540341,1986,done,1960_1989
University of Sierra Leone,Q15045868,1972,done,1960_1989
University of Skikda,Q7896309,2001,done,1990_2009
University of Somalia,Q3551671,2005,done,1990_2009
University of Sousse,Q3551673,1986,done,1960_1989
University of South Africa,Q677993,1873,done,pre_1960
University of Southern Somalia,Q3538324,2007,done,1990_2009
University of Tamanghasset,Q30294264,2004,done,1990_2009
University of Technology,Q1371037,NA,done,NA
"University of Technology, Mauritius",Q1097363,2000,done,1990_2009
University of Timbuktu,Q7896465,NA,done,NA
University of Toamasina,Q1443900,1988,done,1960_1989
University of Toliara,Q18380163,1971,done,1960_1989
University of Tripoli,Q2529518,1957,done,pre_1960
University of Tripoli Al-ahlia,Q12204504,1999,done,1990_2009
University of Uyo,Q7896523,1991,done,1990_2009
University of Venda,Q892543,1982,done,1960_1989
University of Zalingei,Q16121271,1994,done,1990_2009
University of Zambia,Q2096836,1965,done,1960_1989
University of Zimbabwe,Q581954,1952,done,pre_1960
University of Zululand,Q2496192,1959,done,pre_1960
University of al-Qarawiyyin,Q378014,859,done,pre_1960
University of the Free State,Q1678733,1904,done,pre_1960
University of the Gambia,Q597030,1999,done,1990_2009
University of the Holy Quran and Islamic Sciences,Q7896706,1990,done,1990_2009
University of the Sacred Heart Gulu,Q48741701,2016,done,post_2010
University of the Western Cape,Q475700,1959,done,pre_1960
University of the Witwatersrand,Q534643,1896,done,pre_1960
Université Abdou Moumouni,Q308329,1971,done,1960_1989
Université Adam Barka d'Abéché,Q3551366,2003,done,1990_2009
Université Adventiste de Goma,Q3551509,NA,done,NA
Université Africaine de Développement Coopératif,Q100955838,1967,done,1960_1989
Université Africaine de Technologie et de Management,Q25377774,1997,done,1990_2009
Université Alassane Ouattara,Q3551369,1992,done,1990_2009
Université Alioune Diop de Bambey,Q3551371,2007,done,1990_2009
Université Amadou Hampaté Ba,Q3551372,2006,done,1990_2009
Université Amadou Mahtar Mbow,Q105475483,2012,done,post_2010
Université André Salifou,Q3551691,2010,done,post_2010
Université Arabe des Sciences,Q30294267,1993,done,1990_2009
Université Aube Nouvelle,Q100452197,1992,done,1990_2009
Université Cardinal Malula,Q3551523,1984,done,1960_1989
Université Catholique de Bukavu,Q1667045,1989,done,1960_1989
Université Catholique de l'Afrique de l'Ouest - Unité Universitaire de Bobo Dioulasso,Q100452187,2000,done,1990_2009
Université Catholique du Congo,Q3551525,1957,done,pre_1960
Université Centrale de Tunis,Q3551531,2001,done,1990_2009
Université Constantine 2,Q19600070,2011,done,post_2010
Université Dakar-Bourguiba,Q3551395,1995,done,1990_2009
Université Djibo Hamani,Q3551676,2010,done,post_2010
Université Djilali Bounaama Khemis Miliana,Q30294234,2001,done,1990_2009
Université Djilali de Sidi Bel Abbès,NA,NA,done,NA
Université Euro-Afrique,Q30266542,2009,done,1990_2009
Université Evangélique en Afrique,Q3551863,1991,done,1990_2009
Université Félix Houphouët-Boigny,Q1583390,1959,done,pre_1960
Université Gaston Berger,Q3551411,1990,done,1990_2009
Université Général Lansana Conté,Q3551412,2005,done,1990_2009
Université Hassan 1er,Q2405067,1997,done,1990_2009
Université Hassan II Mohammedia,Q3551413,1984,done,1960_1989
Université IBN Khaldoun Tiaret,Q30294268,1980,done,1960_1989
Université Ibn Khaldoun,Q30294268,1980,done,1960_1989
Université Ibn Zohr,Q3551418,1989,done,1960_1989
Université Ibn-Tofail,Q3551417,1989,done,1960_1989
Université Internationale de Casablanca,Q16682080,2010,done,post_2010
Université Internationale de Tunis,Q3551783,2002,done,1990_2009
Université Jean Lorougnon Guédé,Q18413711,1996,done,1990_2009
Université Joseph Ki-Zerbo,Q1076606,1974,done,1960_1989
Université Kofi Annan de Guinée,Q3551423,1999,done,1990_2009
Université Larbi Tébessi,Q30294266,2009,done,1990_2009
Université Libre de Kinshasa,Q3551791,1988,done,1960_1989
Université Libre de Luozi,Q3551792,1997,done,1990_2009
Université Libre du Burkina,Q100452190,2002,done,1990_2009
Université Libre du Congo,Q21531083,1963,done,1960_1989
Université Mohammed VI Polytechnique,Q61931430,2017,done,post_2010
Université Mohammed VI des Sciences et de la Santé,NA,NA,done,NA
Université Montplaisir Tunis,Q30294292,1993,done,1990_2009
Université Moulay Ismail de Meknes,Q3551453,1989,done,1960_1989
Université Mustapha Stambouli de Mascara,Q30294244,1986,done,1960_1989
Université Méditerranéenne Libre de Tunis,Q30294258,2004,done,1990_2009
Université Nangui Abrogoua,Q3551460,1996,done,1990_2009
Université Nationale d'Agriculture,Q30266928,2012,done,post_2010
Université Nouveaux Horizons,NA,NA,done,NA
Université Officielle de Bukavu,Q3551813,2010,done,post_2010
Université Officielle de Ruwenzori,Q100989286,NA,done,NA
Université Oran 1 Ahmed Ben Bella,NA,NA,done,NA
Université Ouaga II,Q3551467,2007,done,1990_2009
Université Pelefero Gon Coulibaly,Q97041892,2012,done,post_2010
Université Polytechnique Intégrée,Q100523631,2017,done,post_2010
Université Polytechnique de Gitega,Q100523654,2014,done,post_2010
Université Privée d'Enseignement Supérieur El Amel,Q30294253,NA,done,NA
Université Privée de Fès,Q16511695,2006,done,1990_2009
Université Privée de Ouagadougou,Q100452196,2010,done,post_2010
Université Privée du Sud,Q30294262,1993,done,1990_2009
Université Professionnelle d'Afrique,Q3551833,2002,done,1990_2009
Université Protestante au Congo,Q3551836,1959,done,pre_1960
Université Protestante d'Afrique Centrale,Q30294354,1962,done,1960_1989
Université Protestante d'Afrique de l'Ouest,Q30294309,2003,done,1990_2009
Université Protestante de Lubumbashi,Q3551479,2002,done,1990_2009
Université Président Joseph Kasa-Vubu,NA,NA,done,NA
Université Pédagogique Nationale,Q3551480,1961,done,1960_1989
Université Shalom de Bunia,Q30266544,1961,done,1960_1989
Université Simon Kimbangu,Q3551670,1994,done,1990_2009
Université Sultan Moulay Slimane,Q3551494,2007,done,1990_2009
Université Tertiaire et Technologique-Lokko,Q97041891,2007,done,1990_2009
Université Tunis Carthage,NA,NA,done,NA
Université Virtuelle de Côte d'Ivoire,Q28381317,2015,done,post_2010
Université William Booth,Q21083970,1996,done,1990_2009
Université d'Abomey-Calavi,Q6979225,1970,done,1960_1989
Université d'Agriculture de Kétou,Q30266928,2012,done,post_2010
Université d'Oran 2,Q30267130,1961,done,1960_1989
Université de Bertoua,Q124835913,2022,done,post_2010
Université de Bondoukou,Q122811289,2023,done,post_2010
Université de Cepromad,NA,NA,done,NA
Université de Denis Sassou N'guesso,NA,NA,done,NA
Université de Diffa,Q21634352,2014,done,post_2010
Université de Dschang,Q3551583,1993,done,1990_2009
Université de Dédougou,Q79396645,2011,done,post_2010
Université de Fianarantsoa,Q20669871,1992,done,1990_2009
Université de Garoua,Q115681308,2022,done,post_2010
Université de Kisangani,Q780301,1963,done,1960_1989
Université de Mahajanga,Q3551622,1983,done,1960_1989
Université de Maradi,Q3551623,2008,done,1990_2009
Université de Mostaganem,Q3551640,1969,done,1960_1989
Université de Moundou,Q3551638,2002,done,1990_2009
Université de Notre-Dame du Kasai,Q3551656,2010,done,post_2010
Université de Nouakchott,Q55402201,2016,done,post_2010
Université de Parakou,Q3551659,2001,done,1990_2009
Université de Saida Dr.Moulay Tahar,NA,NA,done,NA
Université de Sarh,Q3551669,2010,done,post_2010
Université de Thiès,Q3551680,2007,done,1990_2009
Université de Yaoundé I,Q3551692,1993,done,1990_2009
Université de ain Témouchent,NA,NA,done,NA
Université de l'Assomption au Congo,Q97955848,1982,done,1960_1989
Université de l'Uélé,Q1690564,1998,done,1990_2009
Université de la Formation Continue (UFC),NA,NA,done,NA
Université des Grands Lacs,Q30294313,2000,done,1990_2009
Université des Lettres et des Sciences Humaines de Bamako,Q3551732,2011,done,post_2010
Université des Montagnes,Q3551728,2000,done,1990_2009
Université des Sciences Juridiques et Politiques de Bamako,Q3551742,2011,done,post_2010
Université des Sciences de la Santé,Q61932853,2002,done,1990_2009
Université des Sciences et Techniques de Masuku,Q3551737,1986,done,1960_1989
Université des Sciences et de Technologie d'Ati,Q3551736,2008,done,1990_2009
Université des Sciences et de la Technologie d'Oran Mohamed Boudiaf,NA,NA,done,NA
"Université des Sciences, de Technologie et de Médecine",Q30260802,1981,done,1960_1989
"Université des Sciences, des Techniques et des Technologies de Bamako",Q3551733,2011,done,post_2010
Université du Burundi,Q719925,1964,done,1960_1989
Université du Faso,Q100452185,2015,done,post_2010
Université du Lac Tanganyika,Q3551752,1999,done,1990_2009
Université du Sahel,Q3551765,1998,done,1990_2009
Université du Sine Saloum El-Hâdj Ibrahima NIASS,NA,NA,done,NA
Université d’Antsiranana,Q3551462,1976,done,1960_1989
Université d’Ébolowa,Q114388486,2022,done,post_2010
Université libre des Pays des Grands Lacs,Q3551796,1991,done,1990_2009
Upper Nile University,Q2915589,1991,done,1990_2009
Usmanu Danfodiyo University,Q7902729,1975,done,1960_1989
Uzima University College,Q30266548,NA,done,NA
Vaal University of Technology,Q2399345,1966,done,1960_1989
Valley View University,Q2509370,1979,done,1960_1989
Venite University,Q138302440,2022,done,post_2010
Veritas University,Q7921393,2002,done,1990_2009
Victoria University,Q180514,1916,done,pre_1960
Virtual University of Tunis,Q3551862,2002,done,1990_2009
Virtual University of Uganda,Q104480456,2010,done,post_2010
Wad Medani Ahlia University,Q7958917,1992,done,1990_2009
Wadi Alshatti University,Q133811534,2022,done,post_2010
Walter Sisulu University,Q248919,2005,done,1990_2009
"Water Institute, Tanzania",Q136663858,1974,done,1960_1989
Webster University Ghana,Q16733317,2013,done,post_2010
Wellspring University,Q23058508,2009,done,1990_2009
Wesley University,Q7984021,2007,done,1990_2009
West Africa Vocational Education,Q61934161,2013,done,post_2010
West African College of Physicians,Q30263973,1976,done,1960_1989
West Kordofan University,Q7896602,1990,done,1990_2009
West Midlands Open University,Q129285335,2023,done,post_2010
Western Delta University,Q7987775,2007,done,1990_2009
Wigwe University,Q133499828,2023,done,post_2010
William V. S. Tubman University,Q1528161,1978,done,1960_1989
Wisconsin International University College,Q126463,2000,done,1990_2009
Wolaita Sodo University,Q42272504,2007,done,1990_2009
Woldia University,Q75022460,2011,done,post_2010
Wolkite University,Q30266555,2011,done,post_2010
Wollega University,Q8030333,2007,done,1990_2009
Wollo University,Q30263976,2007,done,1990_2009
Women's University in Africa,Q8031096,2002,done,1990_2009
Yaba College of Technology,Q8046341,1947,done,pre_1960
Yanet Health College,Q108737169,2000,done,1990_2009
Yobe State University,Q4986806,2006,done,1990_2009
Youcef El Khatib University of Health Sciences,Q138859818,2024,done,post_2010
Zagazig University,Q1078474,1974,done,1960_1989
Zambia Catholic University,Q8065671,2008,done,1990_2009
Zambia Centre for Accountancy Studies,Q30294320,NA,done,NA
Zambia Forestry College,Q145501,1949,done,pre_1960
Zambian Open University,Q8065704,2002,done,1990_2009
Zanzibar School of Health,Q61932022,2011,done,post_2010
Zanzibar University,Q8066311,2002,done,1990_2009
Zenith University College,Q8069126,2001,done,1990_2009
Zetech University,Q101110419,2014,done,post_2010
Zewail City of Science and Technology,Q21062258,2012,done,post_2010
Ziane Achour University of Djelfa,Q12204494,1990,done,1990_2009
Ziguinchor University,Q3551694,2007,done,1990_2009
Zimbabwe Ezekiel Guti University,Q20981320,2012,done,post_2010
Zimbabwe Ezekiel Guti University Press,Q135739926,2012,done,post_2010
Zimbabwe National Defence University,Q131877682,2021,done,post_2010
Zimbabwe Open University,Q8072005,1999,done,1990_2009
Zimbabwe University Libraries Consortium,Q117447595,2001,done,1990_2009
Zintan University,Q102347732,2017,done,post_2010
École Africaine de la Météorologie et de l'Aviation Civile,Q3577712,1963,done,1960_1989
École Africaine des Métiers de l'Architecture et de l'Urbanisme,Q3577713,1976,done,1960_1989
École Inter-États des Sciences et Médecine Vétérinaires de Dakar,Q3578018,1968,done,1960_1989
École Marocaine de Banque et de Commerce International,Q30294380,NA,done,NA
École Marocaine des Sciences de l'Ingénieur,Q3578037,1986,done,1960_1989
École Nationale Polytechnique d'Oran,Q3578283,1970,done,1960_1989
École Nationale Supérieure Agronomique,Q3578169,1842,done,pre_1960
École Nationale Supérieure Maritime,Q3578264,1571,done,pre_1960
École Nationale Supérieure Polytechnique de Yaoundé,Q3578265,1971,done,1960_1989
École Nationale Supérieure d'Agriculture,Q3578173,1871,done,pre_1960
École Nationale Supérieure d'Hydraulique,Q30261759,1972,done,1960_1989
École Nationale Supérieure d'Informatique,Q3578200,NA,done,NA
École Nationale Supérieure de Journalisme et des Sciences de l’Information,Q130533312,NA,done,NA
École Nationale Supérieure de Statistique et d'Économie Appliquée,Q3578236,1982,done,1960_1989
École Nationale Supérieure de Technologie,Q30294181,NA,done,NA
École Nationale Supérieure de l'Administration,Q30294393,2015,done,post_2010
École Nationale d'Administration,Q273579,1945,done,pre_1960
École Nationale d'Administration de Madagascar,Q30294281,NA,done,NA
École Nationale d'Administration et de Magistrature,Q25396762,1959,done,pre_1960
École Nationale d'Agriculture de Meknès,Q3578072,1942,done,pre_1960
École Nationale d'Ingénieurs de Gabès,Q3578091,1975,done,1960_1989
École Nationale de Commerce et de Gestion de Tanger,Q3578118,1995,done,1990_2009
École Nationale de Management et de l'Administration de la Santé,Q108793462,1989,done,1960_1989
École Normale Supérieure,Q83259,1794,done,pre_1960
École Normale Supérieure - Marrakech,Q30294334,1979,done,1960_1989
École Normale Supérieure Casablanca,Q30294340,NA,done,NA
École Normale Supérieure d'Abidjan,Q3578282,1964,done,1960_1989
École Normale Supérieure de Bou Saada,Q135095589,2015,done,post_2010
École Normale Supérieure de Bouzareah Alger,Q30294190,NA,done,NA
École Normale Supérieure de Constantine,Q30294221,1981,done,1960_1989
École Normale Supérieure de Fès,Q138460594,1987,done,1960_1989
École Normale Supérieure de Kouba,Q30294239,NA,done,NA
École Normale Supérieure de Mostaganem,Q138859585,2014,done,post_2010
École Normale Supérieure de Nouakchott,Q3578286,NA,done,NA
École Normale Supérieure de Saida,Q139771324,2023,done,post_2010
École Normale Supérieure de Sétif,Q137795907,2015,done,post_2010
École Normale Supérieure de Tétouan,Q30294187,NA,done,NA
École Normale Supérieure de l'Enseignement Technique de Mohammedia,Q30294357,NA,done,NA
École Normale d'Administration,Q100523642,2007,done,1990_2009
École Polytechnique d'Architecture et d'Urbanisme,Q27962871,1970,done,1960_1989
École Polytechnique de Thiès,Q3577690,1973,done,1960_1989
École Polyvalente Supérieure d'Informatique et d'Électronique,Q30294397,1989,done,1960_1989
École Royale Navale,Q30294360,NA,done,NA
École Royale de l'Air de Marrakech,Q3578342,1970,done,1960_1989
École Régionale Supérieure de la Magistrature (ERSUMA) de l’OHADA,Q137943579,1998,done,1990_2009
École Supérieure Algérienne des Affaires,Q3578371,2004,done,1990_2009
École Supérieure Internationale de Gestion,Q30294377,1985,done,1960_1989
École Supérieure Multinationale des Télécommunications,Q5333198,1981,done,1960_1989
École Supérieure Polytechnique d'Antsiranana,Q100956312,1976,done,1960_1989
École Supérieure Privée d'Ingénierie et de Technologies,Q20751518,2003,done,1990_2009
École Supérieure Vinci,Q30294405,NA,done,NA
École Supérieure d'Architecture d'Intérieur,Q30294398,NA,done,NA
École Supérieure d'Informatique Appliquée,Q30294364,NA,done,NA
École Supérieure d'Informatique Appliquée à la Gestion,NA,NA,done,NA
École Supérieure d'Informatique et de Management des Affaires,Q30294392,NA,done,NA
École Supérieure de Banque,Q30294195,NA,done,NA
École Supérieure de Commerce,Q30294196,NA,done,NA
École Supérieure de Communication et de Publicité,Q30294368,NA,done,NA
École Supérieure de Design et des Arts Visuels,Q30294370,NA,done,NA
École Supérieure de Gestion,Q3578447,1985,done,1960_1989
École Supérieure de Gestion et des Sciences de l'Informatique,Q30294400,NA,done,NA
École Supérieure de Génie Civil Véréchaguine AK,Q100552857,1998,done,1990_2009
École Supérieure de Management,Q30294373,NA,done,NA
École Supérieure de Management Appliqué,Q30294342,NA,done,NA
École Supérieure de Psychologie,Q30294374,NA,done,NA
École Supérieure de la Magistrature,Q29513720,1989,done,1960_1989
École Supérieure de la Sécurité Sociale,Q135975682,2012,done,post_2010
École Supérieure des Industries du Textile et de l'Habillement,Q21029695,1996,done,1990_2009
École Supérieure des Ingénieurs de l'Équipement Rural,Q30261803,1964,done,1960_1989
"École Supérieure des Multimédia, Informatique & Réseaux",NA,NA,done,NA
École Supérieure des Sciences de l'Ingénierie Commerciale,Q30294348,1990,done,1990_2009
École Supérieure des Télécommunications,Q30294402,NA,done,NA
École Supérieure des Études Administratives et Commerciales,Q30294273,2003,done,1990_2009
École Supérieure en Informatique de Sidi Bel Abbes,Q20971033,NA,done,NA
École Supérieure en Sciences Appliquées de Tlemcen,Q47517336,NA,done,NA
École d'Architecture de Casablanca,Q30294362,2004,done,1990_2009
"École d'Informatique, d'Électronique et d'Expertise Comptable",Q273531,1972,done,1960_1989
École de Formation aux Carrières de Santé,Q100955856,2003,done,1990_2009
École de Gouvernance et d'Économie de Rabat,Q3577863,2008,done,1990_2009
École des Cadres,Q3577929,1950,done,pre_1960
École des Hautes Études Commerciales,Q273535,1881,done,pre_1960
École des Hautes Études Commerciales Techniques et Informatiques,Q30294177,2000,done,1990_2009
École des Hautes Études de Biotechnologie et de Santé,Q30294328,NA,done,NA
École des Hautes Études en Ingénierie des Systèmes d'Information,Q30294329,NA,done,NA
École des Hautes Études Économiques et Commerciales,Q30294333,NA,done,NA
École des Sciences de I'information,NA,NA,done,NA
École supérieure polytechnique d'Antananarivo,Q125685019,NA,done,NA
Établissement Dar El Hadith El Hassania,NA,NA,done,NA
